row_number,word,meaning,gold,level,chunk1,chunk1_meaning,chunk2,chunk2_meaning,chunk3,chunk3_meaning,definition,definition_meaning,status,note,checked_at
2,a,1つの,1,A1,a clear answer,明確な答え,,,,,word used before one thing not named before,まだ名前を出していない1つの物の前で使う語,,"a, an indefinite article",
3,abandon,捨てる,8,B2,He abandoned his wife,彼は妻を捨てた,,,,,to leave someone or something and not come back,人や物を置いて戻らないこと,,abandon v.,
4,abate,減らす、除去する,32,C2,abate pollution,汚染を逓減する,abate his fury,彼の怒りを鎮める,,,"to become weaker, smaller, or less serious",弱く、小さく、または深刻でなくなること,,abate (v),
5,abdicate,退位する、放棄する,32,C2,abdicte the throne,王位を退く,,,,,"to give up being king, queen, or leader",王・女王・指導者であることをやめること,,abdicate (v),
6,aberration,異常な行動,32,C2,in aberration,魔がさして,,,,,a strange action that is not normal,普通ではない奇妙な行動,,aberration (n),
7,abet,幇助する,32,C2,abetting a crime,犯罪の幇助,aid and abet,共謀して助ける,,,to help someone do something wrong,誰かが悪いことをするのを助けること,,abet (v),
8,abeyance,停止,32,C2,fall into abeyance,失効する,be in abeyance,停止している,,,a time when something is stopped for now,何かが今は止まっている状態,,abeyance (n),
9,abhor,忌み嫌う,32,C2,abhor needless cruelty,不必要な残酷さを忌み嫌う,,,,,to hate something very much,何かを非常に嫌うこと,,abhor (v),
10,abiding,永続的な,32,C2,an abiding respect for truth,真実に対する変わらぬ敬意,,,,,lasting for a long time without changing,変わらず長く続くこと,,abiding (adj),
11,ability,能力,2,A2,the ability to walk,歩く能力,,,,,the power or skill to do something,何かをする力または技能,,ability n.,
12,abject,卑屈な,32,C2,an abject apolgy,卑屈な謝罪,,,,,"very bad, low, or without any pride",非常に悪い、低い、または誇りがないこと,,abject (adj),
13,abjure,放棄すると誓う,32,C2,abjure violence publicly,公に暴力を放棄すると誓う,,,,,to promise to give up an old belief or action,古い考えや行動をやめると約束すること,,abjure (v),
14,able,能力がある,2,A2,She is able to speak English.,彼女は英語が話せる。,,,,,having the skill or power to do something,何かをする技能や力があること,,able adj.,
15,abolish,廃止する,16,C1,to abolish the car-purchse tax,自動車取得税の廃止,,,,,"to officially end a law, rule, or system",法律・規則・制度を正式に終わらせること,,abolish v.,
16,abortion,妊娠中絶,16,C1,have a abortion,妊娠中絶手術を受ける,,,,,an operation to end a baby before birth,生まれる前の赤ちゃんを終わらせる手術,,abortion n.,
17,about,〜について,1,A1,a book about lions,ライオンに関する本,about noon,正午ごろ,,,used to show the subject of talk or writing,話や文章の主題を示すために使う,,"about prep., adv.",
18,above,上に,1,A1,100meters above sea level,海抜100メートル,,,,,in or to a higher place,より高い場所に、またはそこへ,,"above prep., adv.",
19,abroad,外国へ,8,B2,go abroad,外国へ行く,,,,,in or to another country,他の国で、または他の国へ,,abroad adv.,
20,abrogate,廃止する、破棄する,32,C2,abrogate an unfair treaty,不公平な条約を破棄する,,,,,to officially end a law or agreement,法律や合意を正式に終わらせること,,abrogate (v),
21,abrogation,破棄、廃棄,32,C2,the abrogation of the treaty,その条約の破棄,,,,,the official end of a law or agreement,法律や合意の正式な終了,,abrogation (n),
22,abscond,姿をくらます,32,C2,abscond with the funds,資金を持ち逃げする,,,,,"to leave secretly, often after doing wrong",多くは悪事の後でこっそり去ること,,abscond (v),
23,absence,欠席,16,C1,his absence from class,彼の授業欠席,,,,,the time when someone is not in a place,誰かがある場所にいない時間,,absence n.,
24,absent,欠席している,16,C1,absent from the meeting,会議を欠席している,,,,,not present in a place,ある場所にいないこと,,absent adj.,
25,absolute,絶対的な,8,B2,absolute confidence in her judgment,彼女の判断への絶対的な信頼,,,,,complete and not limited in any way,完全でまったく制限されていないこと,,absolute adj.,
26,absolutely,絶対に,4,B1,absolutely necessary for success,成功に絶対必要な,,,,,completely or with no doubt,完全に、または疑いなく,,absolutely adv.,
27,absolve,免除する,32,C2,absolve her of responsibility,彼女の責任を免除する,,,,,to say someone is free from blame,誰かに責任がないと言うこと,,absolve (v),
28,absorb,吸収する,8,B2,absorb water quickly,水をすばやく吸収する,,,,,"to take in water, light, or ideas",水・光・考えを取り込むこと,,absorb v.,
29,abstain,控える,32,C2,abstain from alcohol,酒を控える,,,,,to choose not to do or have something,何かをしない、または持たないと選ぶこと,,abstain (v),
30,abstention,棄権、不参加,32,C2,abstention from the vote,投票の棄権,,,,,the choice not to vote or take part,投票や参加をしない選択,,abstention (n),
31,abstinence,控えること,32,C2,abstinence from smoking,喫煙を控えること,,,,,the practice of not having or doing something,何かを持たない、またはしない習慣,,abstinence (n),
32,abstract,抽象的な,8,B2,an abstract idea about freedom,自由に関する抽象的な考え,,,,,"based on ideas, not real things",実物ではなく考えに基づくこと,,abstract adj.,
33,abstruse,難解な,32,C2,an abstruse mathematical proof,難解な数学の証明,,,,,very difficult to understand,理解するのが非常に難しいこと,,abstruse (adj),
34,absurd,ばかげた,16,C1,an absurd excuse for failure,失敗に対するばかげた言い訳,,,,,very silly and not reasonable,とてもばかげていて理にかなわないこと,,absurd adj.,
35,abuse,乱用,16,C1,abuse power for profit,利益のために権力を乱用する,,,,,to use something badly or treat someone badly,何かを悪く使う、または人を悪く扱うこと,,"abuse n., v.",
36,abyss,深淵、どん底,32,C2,the abyss below the cliff,崖の下の深淵,,,,,a very deep hole or very bad situation,非常に深い穴、または非常に悪い状況,,abyss (n),
37,academic,学究的な,4,B1,academic research on language,言語に関する学術研究,,,,,"about school, study, or research",学校・勉強・研究に関すること,,academic adj.,
38,academy,学園、学会,16,C1,a music academy in London,ロンドンの音楽学校,,,,,a school for special study or training,特別な学習や訓練をする学校,,academy n.,
39,accede,継承する,32,C2,accede to the throne,王位を継承する,,,,,to agree to a request or take a high position,要求に同意する、または高い地位に就くこと,,accede (v),
40,accelerate,加速させる,16,C1,accelerate economic growth,経済成長を加速させる,,,,,to make something happen or move faster,何かをより速く起こす、または動かすこと,,accelerate v.,
41,accent,強勢、訛り,8,B2,a strong regional accent,強い地方なまり,,,,,the way people say words in one area,ある地域の人々の言葉の言い方,,accent n.,
42,accentuate,強調する,32,C2,accentuate the main point,要点を強調する,,,,,to make something more clear or easy to notice,何かをよりはっきり分かりやすくすること,,accentuate (v),
43,accept,受け入れる,2,A2,accept his sincere apology,彼の心からの謝罪を受け入れる,,,,,to take something offered or agree to something,差し出された物を受け取る、または同意すること,,accept v.,
44,acceptable,許容できる,8,B2,an acceptable solution to the problem,その問題への許容できる解決策,,,,,good enough to be used or allowed,使われたり許されたりするのに十分よいこと,,acceptable adj.,
45,acceptance,受容,16,C1,acceptance of different opinions,異なる意見の受容,,,,,the act of taking or agreeing to something,何かを受け取る、または同意する行為,,acceptance n.,
46,access,近づくこと,4,B1,access to reliable information,信頼できる情報へのアクセス,,,,,"a way to reach, use, or enter something",何かに届く、使う、または入る方法,,"access n., v.",
47,accessible,アクセス可能,16,C1,an accessible explanation for beginners,初心者にも分かりやすい説明,,,,,"easy to reach, use, or understand",届きやすい、使いやすい、または理解しやすいこと,,accessible adj.,
48,accession,加盟,32,C2,accession to the international treaty,国際条約への加盟,,,,,the act of joining a group or taking power,集団に加わる、または権力を得る行為,,accession (n),
49,accident,事故,2,A2,a serious accident on the road,道路での重大な事故,,,,,something bad that happens by chance,偶然起こる悪い出来事,,accident n.,
50,accidentally,偶然に、事故で,8,B2,accidentally delete the file,誤ってファイルを削除する,,,,,by chance or because of a mistake,偶然に、または間違いのために,,accidentally adv.,
51,acclaimed,称賛された,32,C2,an acclaimed novel by a young writer,若い作家による高く評価された小説,,,,,praised by many people,多くの人にほめられていること,,acclaimed (adj),
52,acclamation,喝采、歓呼,32,C2,be elected by acclamation,拍手による満場一致で選ばれる,,,,,loud public praise or agreement,公の場での大きな称賛や同意,,acclamation (n),
53,accolade,称賛、栄誉,32,C2,receive an accolade for bravery,勇敢さに対する称賛を受ける,,,,,an award or praise for doing well,よくやったことへの賞や称賛,,accolade (n),
54,accommodate,収容する,8,B2,accommodate three extra guests,追加の客3人を収容する,,,,,to provide space or a place for someone,誰かのための場所や空間を用意すること,,accommodate v.,
55,accommodation,収容能力,8,B2,comfortable accommodation near the station,駅の近くの快適な宿泊施設,,,,,a place where people can stay or live,人々が泊まったり住んだりできる場所,,accommodation n.,
56,accompany,付き添う,8,B2,accompany her to the station,彼女に付き添って駅まで行く,,,,,to go somewhere with someone,誰かと一緒にどこかへ行くこと,,accompany v.,
57,accomplice,共犯者,32,C2,his accomplice in the robbery,その強盗事件での彼の共犯者,,,,,someone who helps another person do wrong,他の人が悪いことをするのを助ける人,,accomplice (n),
58,accomplish,成し遂げる,8,B2,accomplish a difficult mission,難しい任務を成し遂げる,,,,,to finish or do something successfully,何かを成功して終える、または行うこと,,accomplish v.,
59,accomplishment,完成,16,C1,a remarkable accomplishment in science,科学におけるすばらしい業績,,,,,something good that someone has done successfully,誰かが成功して行った良いこと,,accomplishment n.,
60,according,〜によれば,2,A2,according to the report,その報告によれば,,,,,used to say where information comes from,情報がどこから来たかを言うために使う,,according prep.,
61,accordingly,応じて,16,C1,act accordingly after the warning,警告を受けてそれに応じて行動する,,,,,in a way that fits the situation,状況に合う方法で,,accordingly adv.,
62,accost,話しかける,32,C2,accost tourists in the street,路上で観光客に声をかける,,,,,to go up to someone and speak suddenly,誰かに近づいて突然話すこと,,accost (v),
63,account,会計、勘定、記述,4,B1,open a bank account,銀行口座を開く,give a detailed account of the accident,事故の詳細な説明をする,,,"a record, report, or place for money",記録・報告、またはお金を置く場所,,account n.,
64,accountability,説明責任,16,C1,accountability for public spending,公費支出に対する説明責任,,,,,the duty to explain your actions or decisions,自分の行動や決定を説明する義務,,accountability n.,
65,accountable,説明責任のある,16,C1,accountable for every decision,すべての決定に責任を負う,,,,,responsible for what you do or decide,自分の行動や決定に責任があること,,accountable adj.,
66,accountant,会計士,8,B2,a careful accountant at the firm,その会社の慎重な会計士,,,,,a person whose job is to manage money records,お金の記録を管理する仕事の人,,accountant n.,
67,accredit,認定する,32,C2,accredit the school officially,その学校を正式に認定する,,,,,to officially say that someone or something is good enough,人や物が十分よいと正式に認めること,,accredit (v),
68,accreditation,認定,32,C2,international accreditation for the program,そのプログラムの国際認定,,,,,official approval that something is good enough,何かが十分よいという正式な承認,,accreditation (n),
69,accrue,積み重なる,32,C2,benefits accrue over time,利益が時間とともに積み重なる,,,,,to slowly increase over time,時間とともに少しずつ増えること,,accrue (v),
70,accumulate,蓄積する,16,C1,accumulate evidence slowly,証拠を少しずつ集める,,,,,to collect more and more over time,時間とともにますます集めること,,accumulate v.,
71,accumulation,蓄積する,16,C1,the accumulation of small debts,小さな借金の蓄積,,,,,a large amount collected over time,時間をかけて集められた多くの量,,accumulation n.,
72,accuracy,正確さ,8,B2,improve the accuracy of the data,データの正確さを高める,,,,,the quality of being correct and without mistakes,正しく間違いがない性質,,accuracy n.,
73,accurate,正確な,8,B2,an accurate description of the event,その出来事の正確な説明,,,,,correct and without mistakes,正しく間違いがないこと,,accurate adj.,
74,accurately,正確に,8,B2,measure the distance accurately,距離を正確に測る,,,,,"in a correct way, without mistakes",間違いなく正しい方法で,,accurately adv.,
75,accusation,告発,16,C1,a serious accusation against the minister,その大臣に対する重大な告発,,,,,a statement that someone did something wrong,誰かが悪いことをしたという発言,,accusation n.,
76,accuse,責める,8,B2,accuse him of cheating,彼を不正行為で責める,,,,,to say that someone did something wrong,誰かが悪いことをしたと言うこと,,accuse v.,
77,accused,告発された,16,C1,the accused student in the case,その事件で告発された生徒,,,,,a person said to have done something wrong,悪いことをしたと言われている人,,accused n.,
78,acerbic,辛辣な,32,C2,an acerbic comment about the plan,その計画についての辛辣なコメント,,,,,sharp and unkind in speech or writing,話し方や書き方が鋭く不親切なこと,,acerbic (adj),
79,achieve,達成する,2,A2,achieve a long-term goal,長期目標を達成する,,,,,to succeed in doing something difficult,難しいことをするのに成功すること,,achieve v.,
80,achievement,達成,4,B1,a major achievement in medicine,医学における大きな業績,,,,,something important that someone has succeeded in doing,誰かが成功して行った重要なこと,,achievement n.,
81,acid,酸、酸っぱい,8,B2,acid in the stomach,胃の中の酸,an acid taste in the sauce,そのソースの酸っぱい味,,,a sour chemical that can sometimes burn things,時に物を焼くことがある酸っぱい化学物質,,acid n.,
82,acknowledge,認める,8,B2,acknowledge his mistake honestly,彼の間違いを正直に認める,,,,,to accept or say that something is true,何かが本当だと受け入れる、または言うこと,,acknowledge v.,
83,acquiesce,渋々受け入れる,32,C2,acquiesce in the final decision,最終決定をしぶしぶ受け入れる,,,,,to agree to something without really wanting to,本当は望まないが何かに同意すること,,acquiesce (v),
84,acquiescence,黙認,32,C2,silent acquiescence in the plan,その計画への黙認,,,,,"agreement without protest, often unwillingly",多くは不本意に抗議せず同意すること,,acquiescence (n),
85,acquire,(積極的に)手に入れる,8,B2,acquire practical language skills,実用的な語学力を身につける,,,,,to get or learn something over time,時間をかけて何かを得る、または学ぶこと,,acquire v.,
86,acquisition,獲得,16,C1,the acquisition of new knowledge,新しい知識の獲得,,,,,the act of getting or learning something,何かを得る、または学ぶ行為,,acquisition n.,
87,acquit,無罪を宣告する,32,C2,acquit the defendant of murder,被告人に殺人罪の無罪を言い渡す,,,,,to say in court that someone is not guilty,裁判で誰かが有罪ではないと言うこと,,acquit (v),
88,acre,エーカー(約4047㎡),8,B2,an acre of fertile land,1エーカーの肥沃な土地,,,,,a unit for measuring land area,土地の広さを測る単位,,acre n.,
89,acrimonious,辛辣な,32,C2,an acrimonious debate over taxes,税金をめぐるとげとげしい論争,,,,,angry and unkind in a discussion,話し合いで怒って不親切なこと,,acrimonious (adj),
90,acrimony,辛辣さ,32,C2,acrimony between the two leaders,2人の指導者の間の険悪さ,,,,,angry and unkind feeling between people,人々の間の怒りと不親切な感情,,acrimony (n),
91,across,〜を横切って,1,A1,walk across the bridge,橋を歩いて渡る,,,,,from one side to the other side,一方の側から反対側へ,,"across prep., adv.",
92,act,行動する、行為,2,A2,act with courage under pressure,重圧の中で勇気をもって行動する,a brave act of kindness,親切心からの勇敢な行為,,,to do something or behave in a certain way,何かをする、またはある方法でふるまうこと,,act v.,
93,action,行動,1,A1,quick action in an emergency,緊急時の素早い行動,,,,,something that someone does,誰かがすること,,action n.,
94,activate,活性化する,8,B2,activate the emergency alarm,非常警報を作動させる,,,,,to make something start working,何かを動き始めさせること,,activate v.,
95,activation,活性化,16,C1,activation of the immune system,免疫系の活性化,,,,,the act of making something start working,何かを動き始めさせる行為,,activation n.,
96,active,活発な,2,A2,an active role in the project,そのプロジェクトでの積極的な役割,,,,,doing things or moving a lot,多くのことをしている、またはよく動くこと,,active adj.,
97,activist,活動家,16,C1,a local activist for clean water,きれいな水を求める地元の活動家,,,,,someone who works to change society or politics,社会や政治を変えるために活動する人,,activist n.,
98,activity,活動,1,A1,,,,,,,"something that people do for work, study, or fun",仕事・勉強・楽しみのために人々がすること,,activity n.,
99,actor,俳優,1,A1,,,,,,,"a person who performs in plays, films, or shows",劇・映画・番組で演じる人,,actor n.,
100,actress,女優,1,A1,,,,,,,"a woman who performs in plays, films, or shows",劇・映画・番組で演じる女性,,actress n.,
101,actual,アクチュアル、実物、実勢,8,B2,,,,,,,,,,actual adj.,
102,actually,元来、現に、事実上,2,A2,,,,,,,,,,actually adv.,
103,acuity,鋭さ、鋭敏さ,32,C2,,,,,,,,,,acuity (n),
104,acumen,辣腕、洞察力,32,C2,,,,,,,,,,acumen (n),
105,acute,鋭敏、鋭利、深刻,16,C1,,,,,,,,,,acute adj.,
106,ad,紀元、西暦、災害割増特約,4,B1,,,,,,,,,,ad n.,
107,adage,格言、ことわざ,32,C2,,,,,,,,,,adage (n),
108,adamant,テコでも動かない、利かぬ,32,C2,,,,,,,,,,adamant (adj),
109,adapt,移設、作り替える、当てはめる,8,B2,,,,,,,,,,adapt v.,
110,adaptation,改作、脚色、順応,16,C1,,,,,,,,,,adaptation n.,
111,add,加える、足す,1,A1,,,,,,,,,,add v.,
112,addiction,常用癖、中毒、惑溺,8,B2,,,,,,,,,,addiction n.,
113,addition,加、加え算、加算,4,B1,,,,,,,,,,addition n.,
114,additional,追加的、番外、副,8,B2,,,,,,,,,,additional adj.,
115,additionally,事前後、殊に、付け加えると,8,B2,,,,,,,,,,additionally adv.,
116,address,住所、演説、対処する,1,A1,,,,,,,,,,address n.,
117,address,住所、演説、対処する,8,B2,,,,,,,,,,address v.,
118,adequate,十分、先ず先ず、相応,8,B2,,,,,,,,,,adequate adj.,
119,adequately,十分に、適切に,8,B2,,,,,,,,,,adequately adv.,
120,adhere,付く、着する,16,C1,,,,,,,,,,adhere v.,
121,adherence,固持、参加、遵行,32,C2,,,,,,,,,,adherence (n),
122,adherent,亜流、教徒、支持者,32,C2,,,,,,,,,,adherent (n),
123,adjacent,隣、隣接した、アジェイサント,16,C1,,,,,,,,,,adjacent adj.,
124,adjuration,懇願、厳命,32,C2,,,,,,,,,,adjuration (n),
125,adjust,整える、正す、繕う,8,B2,,,,,,,,,,adjust v.,
126,adjustment,加減、手直し、修整,16,C1,,,,,,,,,,adjustment n.,
127,administer,司る、盛る、投じる,16,C1,,,,,,,,,,administer v.,
128,administration,運営、監理、経営,4,B1,,,,,,,,,,administration n.,
129,administrative,事務的、経営上、管理上,16,C1,,,,,,,,,,administrative adj.,
130,administrator,為政者、運営者、管理人,16,C1,,,,,,,,,,administrator n.,
131,admire,哀れむ、愛でる、見上げる,4,B1,,,,,,,,,,admire v.,
132,admission,加入、自認、収容,16,C1,,,,,,,,,,admission n.,
133,admit,許す、入れる、認める,4,B1,,,,,,,,,,admit v.,
134,admittance,アドミタンス、アドミッタンス,32,C2,,,,,,,,,,admittance (n),
135,admonish,戒める、言い聞かす、言い聞かせる,32,C2,,,,,,,,,,admonish (v),
136,adolescent,青春,16,C1,,,,,,,,,,adolescent n.,
137,adopt,引き取る、汲み上げる、取り込む,8,B2,,,,,,,,,,adopt v.,
138,adoption,可決、採択、採用,16,C1,,,,,,,,,,adoption n.,
139,adroit,器用、巧み、鮮やか,32,C2,,,,,,,,,,adroit (adj),
140,adulation,阿諛、阿諛追従、佞弁,32,C2,,,,,,,,,,adulation (n),
141,adult,大人、大人の,1,A1,,,,,,,,,,adult n.,
142,adult,大人、大人の,2,A2,,,,,,,,,,adult adj.,
143,advance,押す、開ける、駆ける,8,B2,,,,,,,,,,"advance n., v., adj.",
144,advanced,高尚、高度、奥の深い,4,B1,,,,,,,,,,advanced adj.,
145,advantage,為、旨み、長所,2,A2,,,,,,,,,,advantage n.,
146,advent,降臨、到来、来臨,32,C2,,,,,,,,,,advent (n),
147,adventure,冒険、アドベンチャー,2,A2,,,,,,,,,,adventure n.,
148,adversary,反対者、敵、対戦相手,32,C2,,,,,,,,,,adversary (n),
149,adverse,疎ましい,16,C1,,,,,,,,,,adverse adj.,
150,adversity,逆境、失意、悲境,32,C2,,,,,,,,,,adversity (n),
151,advertise,広告する、宣伝する,2,A2,,,,,,,,,,advertise v.,
152,advertisement,広告、宣伝、募集,2,A2,,,,,,,,,,advertisement n.,
153,advertising,広告、宣伝、アドバタイジング,2,A2,,,,,,,,,,advertising n.,
154,advice,助言、アドバイス,1,A1,,,,,,,,,,advice n.,
155,advise,言い聞かす、言い聞かせる、申し聞かせる,4,B1,,,,,,,,,,advise v.,
156,advocate,唱える、説く、擁護,16,C1,,,,,,,,,,"advocate n., v.",
157,aegis,イージス,32,C2,,,,,,,,,,aegis (n),
158,aesthetic,耽美的、美的、美学的,16,C1,,,,,,,,,,aesthetic adj.,
159,affable,愛想の良い、温雅、人懐っこい,32,C2,,,,,,,,,,affable (adj),
160,affair,儀、局、件,8,B2,,,,,,,,,,affair n.,
161,affect,影響、影響を及ぼす、応える,2,A2,,,,,,,,,,affect v.,
162,affectation,伊達、気どり、虚飾,32,C2,,,,,,,,,,affectation (n),
163,affection,愛、愛情、恩情,16,C1,,,,,,,,,,affection n.,
164,affidavit,供述、供述書、口供,32,C2,,,,,,,,,,affidavit (n),
165,affinity,縁、姻戚、引力,32,C2,,,,,,,,,,affinity (n),
166,affliction,患難、苦渋、難儀,32,C2,,,,,,,,,,affliction (n),
167,afford,与える,4,B1,,,,,,,,,,afford v.,
168,affordable,お求め安い,8,B2,,,,,,,,,,affordable adj.,
169,afraid,恐れている、心配している,1,A1,,,,,,,,,,afraid adj.,
170,after,〜の後で,1,A1,,,,,,,,,,after prep.,
171,after,〜の後で、後に,2,A2,,,,,,,,,,"after conj., adv.",
172,aftermath,二番刈り、余波、落とし子,16,C1,,,,,,,,,,aftermath n.,
173,afternoon,午後,1,A1,,,,,,,,,,afternoon n.,
174,afterward,その後で,8,B2,,,,,,,,,,afterward adv.,
175,again,再び,1,A1,,,,,,,,,,again adv.,
176,against,に対して、に反して、対,2,A2,,,,,,,,,,against prep.,
177,age,年齢、時代,1,A1,,,,,,,,,,age n.,
178,age,年齢、時代,4,B1,,,,,,,,,,age v.,
179,aged,古い、老人、年取った,8,B2,,,,,,,,,,aged adj.,
180,agency,機関、出張所、代行機関,8,B2,,,,,,,,,,agency n.,
181,agenda,会議事項、議題、協議事項,8,B2,,,,,,,,,,agenda n.,
182,agent,剤、周旋人、出張員,4,B1,,,,,,,,,,agent n.,
183,aggression,火の手、攻勢、侵入,16,C1,,,,,,,,,,aggression n.,
184,aggressive,侵略的、積極的、攻撃的,8,B2,,,,,,,,,,aggressive adj.,
185,ago,〜前に,1,A1,,,,,,,,,,ago adv.,
186,agree,同意する,1,A1,,,,,,,,,,agree v.,
187,agreement,一致、規約、議定,4,B1,,,,,,,,,,agreement n.,
188,agricultural,野良、農山漁村、指定廃棄物,16,C1,,,,,,,,,,agricultural adj.,
189,agriculture,農、農学、農業,8,B2,,,,,,,,,,agriculture n.,
190,ah,嗚呼、あら、やれ,2,A2,,,,,,,,,,ah exclam.,
191,ahead,お先に、先に、前に,4,B1,,,,,,,,,,ahead adv.,
192,aid,羽翼、援助、応援,8,B2,,,,,,,,,,"aid n., v.",
193,aide,副官、補佐官、補佐人,16,C1,,,,,,,,,,aide n.,
194,AIDS,お陰、お蔭様、一助,8,B2,,,,,,,,,,AIDS n.,
195,aim,意図、為、志向,4,B1,,,,,,,,,,"aim v., n.",
196,air,空気、空中,1,A1,,,,,,,,,,air n.,
197,aircraft,航空機、飛行機、機,8,B2,,,,,,,,,,aircraft n.,
198,airline,エアライン,2,A2,,,,,,,,,,airline n.,
199,airport,空港,1,A1,,,,,,,,,,airport n.,
200,alacrity,敏活,32,C2,,,,,,,,,,alacrity (n),
201,alarm,警笛、警報、非常信号,4,B1,,,,,,,,,,alarm n.,
202,alarm,騒がせる、ギクッと、ギクリ,8,B2,,,,,,,,,,alarm v.,
203,albeit,〜ではあるが,32,C2,,,,,,,,,,albeit (conj),
204,album,曲集、アルバム,4,B1,,,,,,,,,,album n.,
205,alchemy,黄金術、錬金術、煉丹術,32,C2,,,,,,,,,,alchemy (n),
206,alcohol,酒、お酒、酒精,4,B1,,,,,,,,,,alcohol n.,
207,alcoholic,アルコール依存の、アルコール中毒者,4,B1,,,,,,,,,,alcoholic adj.,
208,alert,素早い、敏感、敏捷,16,C1,,,,,,,,,,"alert v., n., adj.",
209,alien,異星人、宇宙人、外国人,8,B2,,,,,,,,,,alien n.,
210,alien,縁遠い、異星人、宇宙人,16,C1,,,,,,,,,,alien adj.,
211,align,排する、排す、方向付ける,16,C1,,,,,,,,,,align v.,
212,alignment,位置合わせ、境界調整、照準,16,C1,,,,,,,,,,alignment n.,
213,alike,同じ、等しく,16,C1,,,,,,,,,,"alike adv., adj.",
214,alive,ライブ、アライブ,2,A2,,,,,,,,,,alive adj.,
215,all,すべての、全部,2,A2,,,,,,,,,,all adv.,
216,all,すべての、全部,2,A2,,,,,,,,,,all right adj./adv.,
217,all,全ての,1,A1,,,,,,,,,,"all det., pron.",
218,allegation,申し立て,16,C1,,,,,,,,,,allegation n.,
219,allege,主張する、申し立てる,16,C1,,,,,,,,,,allege v.,
220,allegedly,申し立てによれば,16,C1,,,,,,,,,,allegedly adv.,
221,allegiance,恭順、忠誠、忠節,32,C2,,,,,,,,,,allegiance (n),
222,allegory,寓話、例え、比喩,32,C2,,,,,,,,,,allegory (n),
223,alleviate,癒す,32,C2,,,,,,,,,,alleviate (v),
224,alliance,合従連衡、合体、提携,16,C1,,,,,,,,,,alliance n.,
225,allocate,宛がう、割り振る、割り当てる,16,C1,,,,,,,,,,allocate v.,
226,allocation,格付け、割り振り、割り当て額,16,C1,,,,,,,,,,allocation n.,
227,allow,許す、認める、差し許す,2,A2,,,,,,,,,,allow v.,
228,allowance,勘定、給付金、給与,16,C1,,,,,,,,,,allowance n.,
229,allude,それとなく言う、ほのめかす,32,C2,,,,,,,,,,allude (v),
230,allusion,言及、引喩、関説,32,C2,,,,,,,,,,allusion (n),
231,ally,協商国、協力者、同盟国,16,C1,,,,,,,,,,ally n.,
232,almost,軈て、危うく、すんでの事,2,A2,,,,,,,,,,almost adv.,
233,alone,煢然、孑然、泫然,2,A2,,,,,,,,,,alone adj./adv.,
234,along,に沿って、沿って、筋,2,A2,,,,,,,,,,"along prep., adv.",
235,alongside,伝い、並んで,8,B2,,,,,,,,,,alongside prep.,
236,aloof,疎い、超然、孤高,32,C2,,,,,,,,,,aloof (adj),
237,already,既に、最早、疾っくに,2,A2,,,,,,,,,,already adv.,
238,also,〜もまた,1,A1,,,,,,,,,,also adv.,
239,alter,違える、改める、作り替える,8,B2,,,,,,,,,,alter v.,
240,altercation,口論、言い争い,32,C2,,,,,,,,,,altercation (n),
241,alternative,択一的、選択的、オールターナティブ,4,B1,,,,,,,,,,alternative adj.,
242,alternative,択一的、代替、選択的,2,A2,,,,,,,,,,alternative n.,
243,although,一方、乍ら、尤も,2,A2,,,,,,,,,,although conj.,
244,altogether,悉く、諸に、軒並み,8,B2,,,,,,,,,,altogether adv.,
245,altruistic,利他的な,32,C2,,,,,,,,,,altruistic (adj),
246,aluminum,軽銀、アルミ、アルミニウム,16,C1,,,,,,,,,,aluminum n.,
247,always,いつも,1,A1,,,,,,,,,,always adv.,
248,amalgamation,合体、合同、併合,32,C2,,,,,,,,,,amalgamation (n),
249,amateur,生熟れ、素人、白人,16,C1,,,,,,,,,,"amateur adj., n.",
250,amazed,愕然,4,B1,,,,,,,,,,amazed adj.,
251,amazing,すごい,1,A1,,,,,,,,,,amazing adj.,
252,ambassador,使節、大使、アンバサダー,16,C1,,,,,,,,,,ambassador n.,
253,ambiguity,曖昧さ、多義性、あいまい性,32,C2,,,,,,,,,,ambiguity (n),
254,ambition,功名心、向上心、志,4,B1,,,,,,,,,,ambition n.,
255,ambitious,遠大、野心的、意欲的,8,B2,,,,,,,,,,ambitious adj.,
256,ambivalent,アンビバレント,32,C2,,,,,,,,,,ambivalent (adj),
257,ambrosial,非常においしい、芳香のある,32,C2,,,,,,,,,,ambrosial (adj),
258,ambulance,救急車、救急自動車、８ナンバー,8,B2,,,,,,,,,,ambulance n.,
259,ameliorate,改善する,32,C2,,,,,,,,,,ameliorate (v),
260,amenable,従順な、応じやすい,32,C2,,,,,,,,,,amenable (adj),
261,amend,正す、変える、アメンド,16,C1,,,,,,,,,,amend v.,
262,amendment,改正、改正案、修正,16,C1,,,,,,,,,,amendment n.,
263,amid,中,16,C1,,,,,,,,,,amid prep.,
264,among,間、中、中には,2,A2,,,,,,,,,,among prep.,
265,amount,位、価額、加減,2,A2,,,,,,,,,,amount n.,
266,amount,位、程度、分量,8,B2,,,,,,,,,,amount v.,
267,amusing,可笑しい、面白い、愉快,8,B2,,,,,,,,,,amusing adj.,
268,an,1つの,1,A1,,,,,,,,,,,
269,anachronism,時代錯誤、アナクロ、アナクロニズム,32,C2,,,,,,,,,,anachronism (n),
270,anachronistic,大時代,32,C2,,,,,,,,,,anachronistic (adj),
271,analogous,類似した,32,C2,,,,,,,,,,analogous (adj),
272,analogy,相似、類似、類推,16,C1,,,,,,,,,,analogy n.,
273,analysis,解析、解剖、検討,4,B1,,,,,,,,,,analysis n.,
274,analyst,分析者、分析官、アナリスト,8,B2,,,,,,,,,,analyst n.,
275,analyze,見つめ直す、屠つ,2,A2,,,,,,,,,,analyze v.,
276,anarchy,無政府、無警察、乱麻,32,C2,,,,,,,,,,anarchy (n),
277,anathema,破門、嫌われ者、アナテマ,32,C2,,,,,,,,,,anathema (n),
278,ancestor,原種、親、先つ祖,8,B2,,,,,,,,,,ancestor n.,
279,anchor,岩、殿、錨,16,C1,,,,,,,,,,anchor n.,
280,ancient,古い、古来、積年,2,A2,,,,,,,,,,ancient adj.,
281,and,そして,1,A1,,,,,,,,,,and conj.,
282,anecdote,一つ話、一口話、逸事,32,C2,,,,,,,,,,anecdote (n),
283,angel,み使い、天の使い、天使,16,C1,,,,,,,,,,angel n.,
284,anger,公憤、むかっ腹、中っ腹,8,B2,,,,,,,,,,anger n.,
285,angle,角、角度、方面,8,B2,,,,,,,,,,angle n.,
286,angry,怒って,1,A1,,,,,,,,,,angry adj.,
287,anguish,苦しみ、苦渋、苦衷,32,C2,,,,,,,,,,anguish (n),
288,animal,獣、動物,1,A1,,,,,,,,,,animal n.,
289,animation,動画、生気、アニメ,8,B2,,,,,,,,,,animation n.,
290,animosity,悪感、敵意、反感,32,C2,,,,,,,,,,animosity (n),
291,ankle,足首、踝、足関節,2,A2,,,,,,,,,,ankle n.,
292,annihilation,壊滅、皆殺し、完敗,32,C2,,,,,,,,,,annihilation (n),
293,anniversary,記念日、年祭、記念祭,8,B2,,,,,,,,,,anniversary n.,
294,announce,言い渡す、告げる、取り次ぐ,4,B1,,,,,,,,,,announce v.,
295,announcement,案内、公布、広告,4,B1,,,,,,,,,,announcement n.,
296,annoy,逸らす、騒がす、煩わす,4,B1,,,,,,,,,,annoy v.,
297,annoyed,いらいらした、腹を立てた,4,B1,,,,,,,,,,annoyed adj.,
298,annoying,億劫、仕方がない、仕方ない,4,B1,,,,,,,,,,annoying adj.,
299,annual,一年生、一年草、年鑑,8,B2,,,,,,,,,,annual adj.,
300,annually,年ごとに、例年、年々,8,B2,,,,,,,,,,annually adv.,
301,annum,年,32,C2,,,,,,,,,,annum (n),
302,anomaly,変則、変調、不正常,32,C2,,,,,,,,,,anomaly (n),
303,anonymous,名もなき、作者未詳、覆面,16,C1,,,,,,,,,,anonymous adj.,
304,another,もう一つの、別の,1,A1,,,,,,,,,,another det./pron.,
305,answer,応える、答える,1,A1,,,,,,,,,,"answer n., v.",
306,antagonise,敵に回す、反感を買う,32,C2,,,,,,,,,,antagonise (v),
307,antecedent,前件、前項、先行詞,32,C2,,,,,,,,,,antecedent (n),
308,anticipate,見越す、見込む、見通す,8,B2,,,,,,,,,,anticipate v.,
309,antidote,解毒剤、解毒薬、毒消し,32,C2,,,,,,,,,,antidote (n),
310,antipathy,悪感、反感、毛嫌い,32,C2,,,,,,,,,,antipathy (n),
311,antiquated,旧弊、古い、古臭い,32,C2,,,,,,,,,,antiquated (adj),
312,antiquity,旧故、古、古雅,32,C2,,,,,,,,,,antiquity (n),
313,antithesis,対、対照、反,32,C2,,,,,,,,,,antithesis (n),
314,anxiety,気がかり、気苦労、恐れ,8,B2,,,,,,,,,,anxiety n.,
315,anxious,悩ましい、心もとない、悩ましげ,8,B2,,,,,,,,,,anxious adj.,
316,any,いくらかの、どんな〜でも,1,A1,,,,,,,,,,"any det., pron.",
317,any,いくらかの、どんな〜でも,2,A2,,,,,,,,,,any adv.,
318,anybody,誰でも、誰彼、此彼,2,A2,,,,,,,,,,anybody pron.,
319,anymore,もう、それ以上,2,A2,,,,,,,,,,anymore adv.,
320,anyone,誰でも,1,A1,,,,,,,,,,anyone pron.,
321,anything,何でも,1,A1,,,,,,,,,,anything pron.,
322,anyway,何しろ、何分、所詮,2,A2,,,,,,,,,,anyway adv.,
323,anywhere,何処でも、何処か、何処までも,2,A2,,,,,,,,,,"anywhere adv., pron.",
324,apart,別に、別々に、ビリビリ,4,B1,,,,,,,,,,apart adv.,
325,apartment,アパート,1,A1,,,,,,,,,,apartment n.,
326,apathetic,無関心、冷淡、無自覚,32,C2,,,,,,,,,,apathetic (adj),
327,aperture,開口、開口部、空隙,32,C2,,,,,,,,,,aperture (n),
328,apex,最高潮、先端、尖部,32,C2,,,,,,,,,,apex (n),
329,aplomb,落ち着き、自信,32,C2,,,,,,,,,,aplomb (n),
330,apologize,謝する、謝る、詫びる,4,B1,,,,,,,,,,apologize v.,
331,apology,謝罪、謝辞、申し訳,8,B2,,,,,,,,,,apology n.,
332,apostle,開祖、使徒、アポストロ,32,C2,,,,,,,,,,apostle (n),
333,app,アプリ,2,A2,,,,,,,,,,app n.,
334,apparatus,器具、機械、機器,16,C1,,,,,,,,,,apparatus n.,
335,apparatus,器具、機械、機器,32,C2,,,,,,,,,,apparatus (n),
336,apparel,衣料品、アパレル,16,C1,,,,,,,,,,apparel n.,
337,apparent,明白、一目瞭然、表面的,8,B2,,,,,,,,,,apparent adj.,
338,apparently,一見、表面上、どうやら,8,B2,,,,,,,,,,apparently adv.,
339,apparition,お化け、怨霊、怪異,32,C2,,,,,,,,,,apparition (n),
340,appeal,哀願、哀訴、運動,8,B2,,,,,,,,,,"appeal n., v.",
341,appealing,美味しい、美味ちい、哀願,16,C1,,,,,,,,,,appealing adj.,
342,appear,見える、現れる、思われる,2,A2,,,,,,,,,,appear v.,
343,appearance,仮相、看板、観,2,A2,,,,,,,,,,appearance n.,
344,appease,解く、静める、和める,32,C2,,,,,,,,,,appease (v),
345,appellation,名目、称呼,32,C2,,,,,,,,,,appellation (n),
346,appetite,意地、食い気、食欲,16,C1,,,,,,,,,,appetite n.,
347,applaud,褒め称える、褒め立てる、囃す,16,C1,,,,,,,,,,applaud v.,
348,apple,りんご,1,A1,,,,,,,,,,apple n.,
349,applicable,当該,16,C1,,,,,,,,,,applicable adj.,
350,applicant,応募者、希望者、候補者,8,B2,,,,,,,,,,applicant n.,
351,application,運用、応募、応用,4,B1,,,,,,,,,,application n.,
352,apply,引く、掛ける、凝らす,2,A2,,,,,,,,,,apply v.,
353,appoint,仰せ付ける、決める、取り立てる,16,C1,,,,,,,,,,appoint v.,
354,appointment,会う約束、起用、採用,4,B1,,,,,,,,,,appointment n.,
355,appreciate,哀れむ、愛でる、認める,4,B1,,,,,,,,,,appreciate v.,
356,appreciation,会得、観賞、鑑賞,16,C1,,,,,,,,,,appreciation n.,
357,apprehension,疑心、疑懼、逮捕,32,C2,,,,,,,,,,apprehension (n),
358,apprehensive,不安な、心配している,32,C2,,,,,,,,,,apprehensive (adj),
359,approach,寄り付く、寄る、近づく,8,B2,,,,,,,,,,"approach n., v.",
360,appropriate,応分、穏当、切実,8,B2,,,,,,,,,,appropriate adj.,
361,appropriately,適宜、然るべく、応分,8,B2,,,,,,,,,,appropriately adv.,
362,approval,可、可決、嘉賞,8,B2,,,,,,,,,,approval n.,
363,approve,許す、認める、可とする,8,B2,,,,,,,,,,approve v.,
364,approximately,前後、粗方、大体,4,B1,,,,,,,,,,approximately adv.,
365,April,４月,1,A1,,,,,,,,,,April n.,
366,aptitude,下地、筋、素質,32,C2,,,,,,,,,,aptitude (n),
367,arbiter,アービタ,32,C2,,,,,,,,,,arbiter (n),
368,arbitrary,一方的、任意、恣意的,16,C1,,,,,,,,,,arbitrary adj.,
369,arcane,難解な、不可解な,32,C2,,,,,,,,,,arcane (adj),
370,archetype,典型、元型、アーキタイプ,32,C2,,,,,,,,,,archetype (n),
371,archipelago,群島、諸島、多島海,32,C2,,,,,,,,,,archipelago (n),
372,architect,建設者、建築家、アーキテクト,2,A2,,,,,,,,,,architect n.,
373,architectural,アーキテクチャラル,16,C1,,,,,,,,,,architectural adj.,
374,architecture,結構、建築、構築,2,A2,,,,,,,,,,architecture n.,
375,archive,書庫、記録保管所、文書館,16,C1,,,,,,,,,,archive n.,
376,ardour,気勢、血気、熱意,32,C2,,,,,,,,,,ardour (n),
377,arduous,大儀、アージュアス,32,C2,,,,,,,,,,arduous (adj),
378,area,区域,1,A1,,,,,,,,,,area n.,
379,arena,闘技場、競技場、場,16,C1,,,,,,,,,,arena n.,
380,arguably,おそらく、議論の余地はあるが,32,C2,,,,,,,,,,arguably (adv),
381,argue,掛ける、争う、渡り合う,2,A2,,,,,,,,,,argue v.,
382,argument,引数、議論、喧嘩,2,A2,,,,,,,,,,argument n.,
383,arise,生じる、生ずる、湧き上がる,8,B2,,,,,,,,,,arise v.,
384,arm,科、手、足,16,C1,,,,,,,,,,arm v.,
385,arm,腕,1,A1,,,,,,,,,,arm n.,
386,armed,武装した,8,B2,,,,,,,,,,armed adj.,
387,armistice,休戦、停戦、偃武,32,C2,,,,,,,,,,armistice (n),
388,arms,科、手、足,8,B2,,,,,,,,,,arms n.,
389,army,軍、軍旅、方面隊,2,A2,,,,,,,,,,army n.,
390,around,〜の周りに、およそ,1,A1,,,,,,,,,,"around prep., adv.",
391,arrange,遇う、計らう、決める,2,A2,,,,,,,,,,arrange v.,
392,arrangement,協定、計らい、手配,2,A2,,,,,,,,,,arrangement n.,
393,array,勢揃い、斉列、配列,16,C1,,,,,,,,,,array n.,
394,arrest,引致、検挙、検束,4,B1,,,,,,,,,,"arrest v., n.",
395,arrival,降臨、参着、出現,4,B1,,,,,,,,,,arrival n.,
396,arrive,到着する,1,A1,,,,,,,,,,arrive v.,
397,arrogance,不遜、傍若無人、倨傲,32,C2,,,,,,,,,,arrogance (n),
398,arrow,一矢、矢、矢印,8,B2,,,,,,,,,,arrow n.,
399,art,芸術,1,A1,,,,,,,,,,art n.,
400,article,記事,1,A1,,,,,,,,,,article n.,
401,articulate,明瞭、平明達意、体節動物,16,C1,,,,,,,,,,articulate v.,
402,artifice,企み、細工、策謀,32,C2,,,,,,,,,,artifice (n),
403,artificial,人為的、人工的、不自然,8,B2,,,,,,,,,,artificial adj.,
404,artisan,工匠、匠、職工,32,C2,,,,,,,,,,artisan (n),
405,artist,芸術家,1,A1,,,,,,,,,,artist n.,
406,artistic,芸術的、美術的、アーティスティック,8,B2,,,,,,,,,,artistic adj.,
407,artwork,芸術作品、版下、アートワーク,8,B2,,,,,,,,,,artwork n.,
408,as,〜として、〜のように,1,A1,,,,,,,,,,as prep.,
409,as,〜として、〜のように,2,A2,,,,,,,,,,"as adv., conj.",
410,ascendancy,制圧、優位,32,C2,,,,,,,,,,ascendancy (n),
411,ascertain,確かめる、見極める、突き止める,32,C2,,,,,,,,,,ascertain (v),
412,ash,灰、灰分、灰燼,16,C1,,,,,,,,,,ash n.,
413,ashamed,汗顔、恥ずかしい、忸怩,8,B2,,,,,,,,,,ashamed adj.,
414,aside,横、挿話、脇,8,B2,,,,,,,,,,aside adv.,
415,ask,尋ねる、頼む,1,A1,,,,,,,,,,ask v.,
416,asleep,寝込み、夢寐,2,A2,,,,,,,,,,asleep adj.,
417,aspect,向き、事相、趣,8,B2,,,,,,,,,,aspect n.,
418,aspersion,中傷、悪口,32,C2,,,,,,,,,,aspersion (n),
419,aspiration,希求、希望、吸引,16,C1,,,,,,,,,,aspiration n.,
420,aspire,熱望する、志す,16,C1,,,,,,,,,,aspire v.,
421,assassination,暗殺、暗殺事件、人斬り,16,C1,,,,,,,,,,assassination n.,
422,assault,加害、急襲、攻める,16,C1,,,,,,,,,,"assault n., v.",
423,assemble,固まる、集う、集まる,16,C1,,,,,,,,,,assemble v.,
424,assembly,会、会議、会合,16,C1,,,,,,,,,,assembly n.,
425,assert,言い切る、言い張る、言い放つ,16,C1,,,,,,,,,,assert v.,
426,assertion,確言、言明、主張,16,C1,,,,,,,,,,assertion n.,
427,assess,課す、課する、割り振る,8,B2,,,,,,,,,,assess v.,
428,assessment,鑑識、査定、評価,8,B2,,,,,,,,,,assessment n.,
429,asset,元手、身上、武器,8,B2,,,,,,,,,,asset n.,
430,assiduous,懸命、弛まぬ,32,C2,,,,,,,,,,assiduous (adj),
431,assign,課す、課する、割り振る,8,B2,,,,,,,,,,assign v.,
432,assignment,課題、割り振り、仕事,4,B1,,,,,,,,,,assignment n.,
433,assist,手伝う、助ける、力を貸す,4,B1,,,,,,,,,,assist v.,
434,assistance,お陰、お蔭様、羽翼,8,B2,,,,,,,,,,assistance n.,
435,assistant,補佐的、下働き、介添え,2,A2,,,,,,,,,,"assistant n., adj.",
436,associate,関連付ける、紐づける、アソシエイト,8,B2,,,,,,,,,,associate v.,
437,associated,付属、次席、準,8,B2,,,,,,,,,,associated adj.,
438,association,往来、会、会合,8,B2,,,,,,,,,,association n.,
439,assuage,和らげる、鎮める,32,C2,,,,,,,,,,assuage (v),
440,assume,決める、決め込む、座る,8,B2,,,,,,,,,,assume v.,
441,assumption,仮定、就任、推定,8,B2,,,,,,,,,,assumption n.,
442,assurance,保証、請け合い、アシュアランス,16,C1,,,,,,,,,,assurance n.,
443,assure,請け合う、アシュア,8,B2,,,,,,,,,,assure v.,
444,astonishing,衝撃的、驚くべき、度肝を抜く,8,B2,,,,,,,,,,astonishing adj.,
445,astute,鋭い、抜け目ない、抜け目のない,32,C2,,,,,,,,,,astute (adj),
446,asylum,癲狂院、アサイラム、アジール,16,C1,,,,,,,,,,asylum n.,
447,at,〜で、〜に,1,A1,,,,,,,,,,at prep.,
448,athlete,競技者、選手、体育家,2,A2,,,,,,,,,,athlete n.,
449,athletic,スポーツ万能,8,B2,,,,,,,,,,athletic adj.,
450,atmosphere,含み、気、気圏,4,B1,,,,,,,,,,atmosphere n.,
451,atone,償う,32,C2,,,,,,,,,,atone (v),
452,atrocity,悪逆、暴虐、暴戻,16,C1,,,,,,,,,,atrocity n.,
453,attach,くっ付ける、乗る、付する,4,B1,,,,,,,,,,attach v.,
454,attachment,愛、愛執、愛慕,8,B2,,,,,,,,,,attachment n.,
455,attack,押す、糾弾、撃つ,2,A2,,,,,,,,,,"attack n., v.",
456,attain,至る、成る、得る,16,C1,,,,,,,,,,attain v.,
457,attempt,為す、一発、企てる,8,B2,,,,,,,,,,"attempt n., v.",
458,attend,掛かる、看取る、仕える,2,A2,,,,,,,,,,attend v.,
459,attendance,一座、参会、参列,16,C1,,,,,,,,,,attendance n.,
460,attention,ご注意、高配、視聴,2,A2,,,,,,,,,,"attention n., exclam.",
461,attitude,気構え、去就、姿勢,4,B1,,,,,,,,,,attitude n.,
462,attorney,代言、代言人、代理,8,B2,,,,,,,,,,attorney n.,
463,attract,引く、釣り込む、釣る,4,B1,,,,,,,,,,attract v.,
464,attraction,引力、看板、吸引,4,B1,,,,,,,,,,attraction n.,
465,attractive,格好のいい、美味しい、魅力的,2,A2,,,,,,,,,,attractive adj.,
466,attribute,帰する、帰す、属性,16,C1,,,,,,,,,,"attribute v., n.",
467,attrition,消耗、摩耗,32,C2,,,,,,,,,,attrition (n),
468,auction,競争売買、競売、競り,16,C1,,,,,,,,,,auction n.,
469,audacity,押し、厚顔、傍若無人,32,C2,,,,,,,,,,audacity (n),
470,audience,お客さん、お客様、引見,2,A2,,,,,,,,,,audience n.,
471,audio,音響、オーディオ、インジェスト,8,B2,,,,,,,,,,audio adj.,
472,audit,会計監査、監査、会計検査,16,C1,,,,,,,,,,audit n.,
473,augment,増やす,32,C2,,,,,,,,,,augment (v),
474,August,８月,1,A1,,,,,,,,,,August n.,
475,aunt,叔母、伯母,1,A1,,,,,,,,,,aunt n.,
476,auspicious,目出度い、愛でたし、吉祥,32,C2,,,,,,,,,,auspicious (adj),
477,austere,厳か、渋い、禁欲的,32,C2,,,,,,,,,,austere (adj),
478,authentic,真正、本当、オーセンティック,16,C1,,,,,,,,,,authentic adj.,
479,author,鏡、原著者、作家,2,A2,,,,,,,,,,author n.,
480,authority,威権、威光、威勢,4,B1,,,,,,,,,,authority n.,
481,authorize,許可、権限を与える,16,C1,,,,,,,,,,authorize v.,
482,autocracy,専制、専制政治、専政,32,C2,,,,,,,,,,autocracy (n),
483,autocrat,専制君主、覇王,32,C2,,,,,,,,,,autocrat (n),
484,automatic,自然、自動的、無意識,4,B1,,,,,,,,,,automatic adj.,
485,automatically,自然、直ちに、独りでに,4,B1,,,,,,,,,,automatically adv.,
486,autonomy,自治、自主、自律,16,C1,,,,,,,,,,autonomy n.,
487,autumn,秋、秋日、草枯れ,16,C1,,,,,,,,,,autumn n.,
488,availability,可能性、可用性、御方便,16,C1,,,,,,,,,,availability n.,
489,available,使用可能、入手可能、利用可能,2,A2,,,,,,,,,,available adj.,
490,avarice,欲、欲張り、貪欲,32,C2,,,,,,,,,,avarice (n),
491,average,一般、普通、並大抵,2,A2,,,,,,,,,,"average adj., n.",
492,average,均す、平均、一通り,4,B1,,,,,,,,,,average v.,
493,aversion,嫌忌,32,C2,,,,,,,,,,aversion (n),
494,avoid,外す、忌む、疎む,2,A2,,,,,,,,,,avoid v.,
495,await,窺う、待ち受ける、待つ,16,C1,,,,,,,,,,await v.,
496,award,授ける、贈る、判定,4,B1,,,,,,,,,,award v.,
497,award,賞、判定、褒賞,2,A2,,,,,,,,,,award n.,
498,aware,敏感、アウェア,4,B1,,,,,,,,,,aware adj.,
499,awareness,意識、承知、人心地,8,B2,,,,,,,,,,awareness n.,
500,away,離れて,1,A1,,,,,,,,,,away adv.,
501,awesome,恐れ多い、すごい,1,A1,,,,,,,,,,awesome adj.,
502,awful,偉い、最悪、最低,2,A2,,,,,,,,,,awful adj.,
503,awkward,辿々しい、煙たい、下手,8,B2,,,,,,,,,,awkward adj.,
504,axiom,公理、自明の理、要請,32,C2,,,,,,,,,,axiom (n),
505,axiomatic,自明,32,C2,,,,,,,,,,axiomatic (adj),
506,baby,赤ん坊,1,A1,,,,,,,,,,baby n.,
507,back,背中、後ろ、戻って,1,A1,,,,,,,,,,"back n., adv.",
508,back,背中、後ろ、戻って,2,A2,,,,,,,,,,back adj.,
509,back,背中、後ろ、戻って,8,B2,,,,,,,,,,back v.,
510,backdrop,背景、舞台背景、背景幕,16,C1,,,,,,,,,,backdrop n.,
511,background,遠景、身元、素性,2,A2,,,,,,,,,,background n.,
512,backing,奥、後ろ、背後,16,C1,,,,,,,,,,backing n.,
513,backlash,反動、反発、逆凪,32,C2,,,,,,,,,,backlash (n),
514,backup,控え、助太刀、退避,16,C1,,,,,,,,,,backup n.,
515,backward,未開発,4,B1,,,,,,,,,,backward adv.,
516,bacteria,細菌、ばい菌、真正細菌,8,B2,,,,,,,,,,bacteria n.,
517,bad,悪い,1,A1,,,,,,,,,,bad adj.,
518,badge,印、記章、章,8,B2,,,,,,,,,,badge n.,
519,badly,ひどく、悪く,2,A2,,,,,,,,,,badly adv.,
520,bag,鞄、袋、入れ,1,A1,,,,,,,,,,bag n.,
521,bail,保釈、保釈金、弦,16,C1,,,,,,,,,,bail n.,
522,bake,焼く、焼付ける、焼き上げる,4,B1,,,,,,,,,,bake v.,
523,balance,均衡、差し引き、釣り合う,4,B1,,,,,,,,,,"balance n., v.",
524,balanced,均衡の取れた,8,B2,,,,,,,,,,balanced adj.,
525,baleful,有害な、不吉な,32,C2,,,,,,,,,,baleful (adj),
526,balk,渋る、ボーク,32,C2,,,,,,,,,,balk (v),
527,ball,鞠、玉、舞踏会,1,A1,,,,,,,,,,ball n.,
528,ballast,荷足、砂利、底荷,32,C2,,,,,,,,,,ballast (n),
529,ballet,バレー、バレエ,8,B2,,,,,,,,,,ballet n.,
530,balloon,気球、風船、バルーン,8,B2,,,,,,,,,,balloon n.,
531,ballot,一票、採決、票,16,C1,,,,,,,,,,ballot n.,
532,balm,香油、芳香、バーム,32,C2,,,,,,,,,,balm (n),
533,ban,戒める、禁止、禁制,4,B1,,,,,,,,,,"ban v., n.",
534,banal,凡庸、千編一律,32,C2,,,,,,,,,,banal (adj),
535,banana,香蕉、甘蕉、実芭蕉,1,A1,,,,,,,,,,banana n.,
536,band,楽隊、楽団、群,1,A1,,,,,,,,,,band n.,
537,bane,泣かせ,32,C2,,,,,,,,,,bane (n),
538,bank,岸、岸辺、銀行,1,A1,,,,,,,,,,bank (money) n.,
539,bank,岸、岸辺、銀行,4,B1,,,,,,,,,,bank (river) n.,
540,bankruptcy,倒産、破産、破綻,16,C1,,,,,,,,,,bankruptcy n.,
541,banner,旗、旗幟、旗印,16,C1,,,,,,,,,,banner n.,
542,bar,横木、縞、酒処,1,A1,,,,,,,,,,bar n.,
543,bar,締め出す、横木、縞,8,B2,,,,,,,,,,bar v.,
544,bare,むき出し、露、赤裸,16,C1,,,,,,,,,,bare adj.,
545,barely,漸と、危うく、辛うじて,8,B2,,,,,,,,,,barely adv.,
546,bargain,お得、拾い物、出物,8,B2,,,,,,,,,,bargain n.,
547,barrage,弾幕、連打、放列,32,C2,,,,,,,,,,barrage (n),
548,barrel,樽、バレル,16,C1,,,,,,,,,,barrel n.,
549,barrier,垣、関、関所,8,B2,,,,,,,,,,barrier n.,
550,base,塩基、汚い、下等,4,B1,,,,,,,,,,"base n., v.",
551,baseball,野球、ベースボール,1,A1,,,,,,,,,,baseball n.,
552,based,〜に基づいた,2,A2,,,,,,,,,,based adj.,
553,basement,地下、地下室、地階,8,B2,,,,,,,,,,basement n.,
554,basic,基本的、根本的、基礎的,4,B1,,,,,,,,,,basic adj.,
555,basically,基本的に、詰まり、要は,8,B2,,,,,,,,,,basically adv.,
556,basis,基礎、基調、基底,4,B1,,,,,,,,,,basis n.,
557,basket,鞄、籠、ゴール,8,B2,,,,,,,,,,basket n.,
558,basketball,籠球、バスケット、バスケ,1,A1,,,,,,,,,,basketball n.,
559,bass1,低音、コントラバス、ベース,16,C1,,,,,,,,,,bass1 n.,
560,bastion,牙城,32,C2,,,,,,,,,,bastion (n),
561,bat,瞬く、蝙蝠、蚊食鳥,16,C1,,,,,,,,,,bat v.,
562,bat,蝙蝠、蚊食鳥、天鼠,8,B2,,,,,,,,,,bat n.,
563,bath,一風呂、風呂、浴場,1,A1,,,,,,,,,,bath n.,
564,bathroom,お手洗い、洗面所、湯殿,1,A1,,,,,,,,,,bathroom n.,
565,battery,乾電池、台場、中隊,4,B1,,,,,,,,,,battery n.,
566,battle,一戦、会戦、交戦,4,B1,,,,,,,,,,battle n.,
567,battle,一戦、会戦、交戦,8,B2,,,,,,,,,,battle v.,
568,battlefield,軍陣、戦域、戦場,16,C1,,,,,,,,,,battlefield n.,
569,bay,江、湾、内海,16,C1,,,,,,,,,,bay n.,
570,be,〜である、いる,1,A1,,,,,,,,,,"be v., auxiliary v.",
571,beach,磯辺、浦、海岸,1,A1,,,,,,,,,,beach n.,
572,beam,竿、桁、光,16,C1,,,,,,,,,,beam n.,
573,bean,ど頭、ビーン,2,A2,,,,,,,,,,bean n.,
574,bear,叶う、耐える、熊,32,C2,,,,,,,,,,bear up (phr v),
575,bear,叶う、耐える、携える,8,B2,,,,,,,,,,bear (deal with) v.,
576,bear,熊、軟派、熊羆,2,A2,,,,,,,,,,bear (animal) n.,
577,beast,獣、人でなし、人非人,16,C1,,,,,,,,,,beast n.,
578,beat,一巡、殴り付ける、殴る,2,A2,,,,,,,,,,beat v.,
579,beat,一巡、鼓動、拍子,8,B2,,,,,,,,,,beat n.,
580,beautiful,艶やか、佳、見事,1,A1,,,,,,,,,,beautiful adj.,
581,beauty,佳人、佳麗、花,4,B1,,,,,,,,,,beauty n.,
582,because,なぜなら,1,A1,,,,,,,,,,because conj.,
583,become,〜になる,1,A1,,,,,,,,,,become v.,
584,bed,臥所、床、寝床,1,A1,,,,,,,,,,bed n.,
585,bedlam,癲狂院,32,C2,,,,,,,,,,bedlam (n),
586,bedroom,臥所、寝室、寝床,1,A1,,,,,,,,,,bedroom n.,
587,bee,蜂、花蜂、ビー,4,B1,,,,,,,,,,bee n.,
588,beef,牛、牛肉、ビーフ,2,A2,,,,,,,,,,beef n.,
589,beer,麦酒、雑酒、麦般若,1,A1,,,,,,,,,,beer n.,
590,before,〜の前に、以前に,1,A1,,,,,,,,,,before prep.,
591,before,〜の前に、以前に,2,A2,,,,,,,,,,"before conj., adv.",
592,beg,願う、強請る、拝み倒す,8,B2,,,,,,,,,,beg v.,
593,begin,開ける、掛ける、起こす,1,A1,,,,,,,,,,begin v.,
594,beginning,抑、為初め、一,1,A1,,,,,,,,,,beginning n.,
595,beguile,だます、魅了する,32,C2,,,,,,,,,,beguile (v),
596,behalf,利益、代表,16,C1,,,,,,,,,,behalf n.,
597,behave,出る、立ち振る舞う、振る舞う,2,A2,,,,,,,,,,behave v.,
598,behavior,挙措、挙動、行儀,2,A2,,,,,,,,,,behavior n.,
599,behavioral,行動の,16,C1,,,,,,,,,,behavioral adj.,
600,behemoth,ベヒーモス、ビヒモス,32,C2,,,,,,,,,,behemoth (n),
601,behind,〜の後ろに,1,A1,,,,,,,,,,"behind prep., adv.",
602,being,お出で、生存、存在,8,B2,,,,,,,,,,being n.,
603,beleaguer,包囲する、悩ませる,32,C2,,,,,,,,,,beleaguer (v),
604,belie,誤り伝える,32,C2,,,,,,,,,,belie (v),
605,belief,確信、宗教、所信,4,B1,,,,,,,,,,belief n.,
606,believe,考える、信じる、信ずる,1,A1,,,,,,,,,,believe v.,
607,bell,呼び鈴、鐘、朝顔,4,B1,,,,,,,,,,bell n.,
608,bellicose,好戦的な,32,C2,,,,,,,,,,bellicose (adj),
609,belligerent,好戦的、喧嘩腰、好戦的な人,32,C2,,,,,,,,,,belligerent (adj),
610,bellwether,主導者,32,C2,,,,,,,,,,bellwether (n),
611,belong,属する、所有物である,2,A2,,,,,,,,,,belong v.,
612,beloved,愛しい、懐かしい、親愛,16,C1,,,,,,,,,,beloved adj.,
613,below,〜の下に,1,A1,,,,,,,,,,"below adv., prep.",
614,belt,一帯、下紐、回し,2,A2,,,,,,,,,,belt n.,
615,bemoan,嘆く,32,C2,,,,,,,,,,bemoan (v),
616,bench,縁台、腰掛け、台,16,C1,,,,,,,,,,bench n.,
617,benchmark,基準試験、性能評価、水準点,16,C1,,,,,,,,,,benchmark n.,
618,bend,曲がる、曲げる、屈する,4,B1,,,,,,,,,,"bend v., n.",
619,beneath,下,16,C1,,,,,,,,,,beneath prep.,
620,benefactor,恩人、施主,32,C2,,,,,,,,,,benefactor (n),
621,beneficial,有益、良い、いい,8,B2,,,,,,,,,,beneficial adj.,
622,beneficiary,受益者、権利者,16,C1,,,,,,,,,,beneficiary n.,
623,benefit,為、恩恵、恩沢,2,A2,,,,,,,,,,benefit n.,
624,benefit,為、給付、潤す,4,B1,,,,,,,,,,benefit v.,
625,benevolence,お陰、お蔭様、慈心,32,C2,,,,,,,,,,benevolence (n),
626,benevolent,慈悲深い,32,C2,,,,,,,,,,benevolent (adj),
627,bent,傾き、曲がった、ベント,8,B2,,,,,,,,,,bent adj.,
628,bequeath,譲る、伝える、残す,32,C2,,,,,,,,,,bequeath (v),
629,bequest,遺愛、遺財、遺産,32,C2,,,,,,,,,,bequest (n),
630,berate,激しく叱る,32,C2,,,,,,,,,,berate (v),
631,bereavement,死別、不幸,32,C2,,,,,,,,,,bereavement (n),
632,bereft,奪われた、喪失した,32,C2,,,,,,,,,,bereft (adj),
633,beseech,希う,32,C2,,,,,,,,,,beseech (v),
634,beset,取り囲む、悩ませる,32,C2,,,,,,,,,,beset (v),
635,beside,横、側、傍らに,8,B2,,,,,,,,,,beside prep.,
636,besides,傍らに、傍ら、他,8,B2,,,,,,,,,,"besides prep., adv.",
637,besotted,夢中になった、酔った,32,C2,,,,,,,,,,besotted (adj),
638,best,最もよい,1,A1,,,,,,,,,,best adj.,
639,best,最もよい,2,A2,,,,,,,,,,"best adv., n.",
640,bestow,遣る、下さる、遣わす,32,C2,,,,,,,,,,bestow (v),
641,bet,掛ける、賭ける、賭する,8,B2,,,,,,,,,,"bet v., n.",
642,betray,寝返る、裏切る、裏返る,16,C1,,,,,,,,,,betray v.,
643,better,よりよい,1,A1,,,,,,,,,,better adj.,
644,better,よりよい,2,A2,,,,,,,,,,better adv.,
645,better,よりよい,4,B1,,,,,,,,,,better n.,
646,between,〜の間に,1,A1,,,,,,,,,,between prep.,
647,between,〜の間に,2,A2,,,,,,,,,,between adv.,
648,beverage,飲料、飲み物、水物,16,C1,,,,,,,,,,beverage n.,
649,bewitching,艶かしい、艶やか、怪しい,32,C2,,,,,,,,,,bewitching (adj),
650,beyond,以上、以遠、他,8,B2,,,,,,,,,,"beyond prep., adv.",
651,bias,依怙、依怙贔屓、我情,8,B2,,,,,,,,,,bias n.,
652,bicycle,自転車、銀輪、ちゃり,1,A1,,,,,,,,,,bicycle n.,
653,bid,競る、入札、付け値,8,B2,,,,,,,,,,"bid n., v.",
654,big,大いなる、大きな、大幅,1,A1,,,,,,,,,,big adj.,
655,bigotry,偏狭、頑迷,32,C2,,,,,,,,,,bigotry (n),
656,bike,自転車,1,A1,,,,,,,,,,bike n.,
657,bilateral,バイラテラル、二国間、両国間,32,C2,,,,,,,,,,bilateral (adj),
658,bill,お札、案、会計,1,A1,,,,,,,,,,bill n.,
659,bill,勘定、お札、案,8,B2,,,,,,,,,,bill v.,
660,billion,十億、ビリオン,2,A2,,,,,,,,,,billion number,
661,billow,畝る、波打つ、波立つ,32,C2,,,,,,,,,,billow (v),
662,bind,掛ける、括り付ける、括る,16,C1,,,,,,,,,,bind v.,
663,biography,一代記、伝、伝記,16,C1,,,,,,,,,,biography n.,
664,biological,実の、生物系、生物学的製剤,8,B2,,,,,,,,,,biological adj.,
665,biology,生物、生物学、バイオロジー,2,A2,,,,,,,,,,biology n.,
666,bird,鳥、酉、バード,1,A1,,,,,,,,,,bird n.,
667,birth,お産、血統、御降誕,2,A2,,,,,,,,,,birth n.,
668,birthday,誕生日、誕辰、生日,1,A1,,,,,,,,,,birthday n.,
669,bishop,角、司教、主教,16,C1,,,,,,,,,,bishop n.,
670,bit,一片、一毫、小片,2,A2,,,,,,,,,,bit n.,
671,bite,一飲み、一口、噛み締める,32,C2,,,,,,,,,,bite the bullet (idiom),
672,bite,噛み締める、噛み付く、噛む,4,B1,,,,,,,,,,"bite v., n.",
673,bitter,苦い、恨めしい、渋い,8,B2,,,,,,,,,,bitter adj.,
674,bizarre,異様、怪奇、奇想天外,16,C1,,,,,,,,,,bizarre adj.,
675,black,暗然、黒い、ストレート,1,A1,,,,,,,,,,"black adj., n.",
676,blade,一刀、羽、剣,16,C1,,,,,,,,,,blade n.,
677,blame,恨む、指弾、責める,8,B2,,,,,,,,,,"blame v., n.",
678,blank,空白、真っ白、虚ろ,2,A2,,,,,,,,,,"blank adj., n.",
679,blanket,毛布、ブランケット、ケット,8,B2,,,,,,,,,,blanket n.,
680,blasphemy,不敬、冒涜、涜神,32,C2,,,,,,,,,,blasphemy (n),
681,blast,ぶっ飛ぶ、非難を浴びせる、ぶかぶか,16,C1,,,,,,,,,,"blast n., v.",
682,bleed,出る、出ず,16,C1,,,,,,,,,,bleed v.,
683,blend,混ぜる、混ぜ合わせる、混ぜ合わす,16,C1,,,,,,,,,,"blend v., n.",
684,bless,恵む、ブレス,16,C1,,,,,,,,,,bless v.,
685,blessing,お陰、お蔭様、恩恵,16,C1,,,,,,,,,,blessing n.,
686,blind,闇雲、盲滅法、盲目的,8,B2,,,,,,,,,,blind adj.,
687,blithe,ちゃらんぽらん,32,C2,,,,,,,,,,blithe (adj),
688,block,街区、滑車、梗塞,2,A2,,,,,,,,,,block n.,
689,block,詰まらせる、拒む、梗塞,4,B1,,,,,,,,,,block v.,
690,blog,ブログ、ウェブログ、ブログる,1,A1,,,,,,,,,,blog n.,
691,blond,金髪の,1,A1,,,,,,,,,,blond adj.,
692,blood,血、血液、血の気,2,A2,,,,,,,,,,blood n.,
693,blow,一撃、一打、一打ち,8,B2,,,,,,,,,,blow n.,
694,blow,一撃、一打ち、殴打,2,A2,,,,,,,,,,blow v.,
695,blue,重い、青い、蒼然,1,A1,,,,,,,,,,"blue adj., n.",
696,board,委員会、庁、板,2,A2,,,,,,,,,,board n.,
697,board,乗り込む、乗る、入庁,4,B1,,,,,,,,,,board v.,
698,boast,威張る、自慢、力む,16,C1,,,,,,,,,,boast v.,
699,boat,舟艇、船、端艇,1,A1,,,,,,,,,,boat n.,
700,body,遺骸、一団、機関,1,A1,,,,,,,,,,body n.,
701,boil,煮えたぎる、煮る、煮立つ,2,A2,,,,,,,,,,boil v.,
702,boisterous,喧しい、騒がしい、騒々しい,32,C2,,,,,,,,,,boisterous (adj),
703,bold,太々しい、臆面もない、果敢,8,B2,,,,,,,,,,bold adj.,
704,bomb,滑る、爆弾、爆裂弾,4,B1,,,,,,,,,,"bomb n., v.",
705,bombastic,仰々しい、事々しい,32,C2,,,,,,,,,,bombastic (adj),
706,bombing,爆撃、爆死、爆弾,8,B2,,,,,,,,,,bombing n.,
707,bond,一札、因縁、縁,8,B2,,,,,,,,,,bond n.,
708,bone,硬骨、骨、ボーン,2,A2,,,,,,,,,,bone n.,
709,bonus,一時金、割り増し金、賞与,16,C1,,,,,,,,,,bonus n.,
710,book,冊子、書籍、書物,1,A1,,,,,,,,,,book n.,
711,book,申し込む、著作、著述,2,A2,,,,,,,,,,book v.,
712,booking,冊子、書籍、書物,16,C1,,,,,,,,,,booking n.,
713,boom,景気、上景気、盛況,16,C1,,,,,,,,,,boom n.,
714,boon,賜物、授かり物、賜り物,32,C2,,,,,,,,,,boon (n),
715,boorish,無風流、ガラが悪い、無粋,32,C2,,,,,,,,,,boorish (adj),
716,boost,高める、押し上げる、守り立てる,8,B2,,,,,,,,,,"boost v., n.",
717,boot,荷室、トランク、ブート,1,A1,,,,,,,,,,boot n.,
718,border,縁取る、隣る、相接する,8,B2,,,,,,,,,,border v.,
719,border,外枠、垣根、境,4,B1,,,,,,,,,,border n.,
720,bored,詰まらなそう、所在無い、所在なげ,1,A1,,,,,,,,,,bored adj.,
721,boring,詰らない、塩っぱい、平板,1,A1,,,,,,,,,,boring adj.,
722,born,天成,1,A1,,,,,,,,,,born v.,
723,borrow,借りる、借り込む、借り受ける,2,A2,,,,,,,,,,borrow v.,
724,boss,監督、顔役、旗頭,2,A2,,,,,,,,,,boss n.,
725,both,両方の,1,A1,,,,,,,,,,both det./pron.,
726,bother,苦しめる、世話を焼く、痛める,4,B1,,,,,,,,,,bother v.,
727,bottle,瓶、ボトル,1,A1,,,,,,,,,,bottle n.,
728,bottom,お尻、奥、下,2,A2,,,,,,,,,,"bottom n., adj.",
729,bounce,弾ける、弾む、バウンド,16,C1,,,,,,,,,,bounce v.,
730,bound,限界、弾ける、弾む,8,B2,,,,,,,,,,bound adj.,
731,boundary,境、境界、境目,16,C1,,,,,,,,,,boundary n.,
732,bounty,交付金、奨励金、報奨,32,C2,,,,,,,,,,bounty (n),
733,bourgeoisie,市民、中産階級、有産階級,32,C2,,,,,,,,,,bourgeoisie (n),
734,bow1,お辞儀、一礼、曲げる,16,C1,,,,,,,,,,"bow1 v., n.",
735,bowl,お碗、一膳、器,2,A2,,,,,,,,,,bowl n.,
736,box,桟敷、升、入れ,1,A1,,,,,,,,,,box n.,
737,boy,お坊ちゃん、一男、児,1,A1,,,,,,,,,,boy n.,
738,boyfriend,男、彼、彼氏,1,A1,,,,,,,,,,boyfriend n.,
739,brain,脳、脳髄、ブレーン,2,A2,,,,,,,,,,brain n.,
740,branch,一朶、支部、支脈,4,B1,,,,,,,,,,branch n.,
741,brand,呼ぶ、焼印を押す、焼印,4,B1,,,,,,,,,,"brand n., v.",
742,brandish,一閃、振り回す、閃かす,32,C2,,,,,,,,,,brandish (v),
743,bravado,空元気、空威張り,32,C2,,,,,,,,,,bravado (n),
744,brave,気丈、潔い、健気,4,B1,,,,,,,,,,brave adj.,
745,bravura,華麗な技巧,32,C2,,,,,,,,,,bravura (n),
746,breach,違反、決壊、破る,16,C1,,,,,,,,,,"breach n., v.",
747,bread,食パン、麺麭、蒸餅,1,A1,,,,,,,,,,bread n.,
748,break,壊す、休憩,1,A1,,,,,,,,,,"break v., n.",
749,breakdown,決裂、故障、衰弱,16,C1,,,,,,,,,,breakdown n.,
750,breakfast,粥、朝、朝食,1,A1,,,,,,,,,,breakfast n.,
751,breakthrough,突破、突破口、新機軸,16,C1,,,,,,,,,,breakthrough n.,
752,breast,胸、胸元、胸板,8,B2,,,,,,,,,,breast n.,
753,breath,気息、息、息吹,4,B1,,,,,,,,,,breath n.,
754,breathe,息をする、吐く、息衝く,4,B1,,,,,,,,,,breathe v.,
755,breathing,気息、呼吸、息,4,B1,,,,,,,,,,breathing n.,
756,breed,湧かす、種、品種,16,C1,,,,,,,,,,"breed v., n.",
757,brevity,簡約、簡、短さ,32,C2,,,,,,,,,,brevity (n),
758,brick,煉瓦、瓦石、磚,8,B2,,,,,,,,,,brick n.,
759,bride,お嫁さん、嫁、花嫁,4,B1,,,,,,,,,,bride n.,
760,bridge,艦橋、橋、橋梁,2,A2,,,,,,,,,,bridge n.,
761,brief,簡潔、簡単、簡略,8,B2,,,,,,,,,,brief adj.,
762,briefly,一寸、一旦、一通り,8,B2,,,,,,,,,,briefly adv.,
763,bright,和やか、輝かしい、燦々,2,A2,,,,,,,,,,bright adj.,
764,brilliant,絢爛、輝かしい、燦々,2,A2,,,,,,,,,,brilliant adj.,
765,bring,持ってくる,1,A1,,,,,,,,,,bring v.,
766,brinkmanship,瀬戸際政策,32,C2,,,,,,,,,,brinkmanship (n),
767,broad,巨視的、大雑把、大まか,8,B2,,,,,,,,,,broad adj.,
768,broadband,広帯域、ブロードバンド,16,C1,,,,,,,,,,broadband n.,
769,broadcast,触れ回る、放送、流す,8,B2,,,,,,,,,,"broadcast v., n.",
770,broadcaster,放送局、アナウンサー,8,B2,,,,,,,,,,broadcaster n.,
771,broadly,豁然、洋々、渺々,8,B2,,,,,,,,,,broadly adv.,
772,broken,駄目、途切れ途切れ、ブロークン,2,A2,,,,,,,,,,broken adj.,
773,brother,兄さん、入満、ブラザー,1,A1,,,,,,,,,,brother n.,
774,brown,茶、赤銅色、青鹿毛,1,A1,,,,,,,,,,"brown adj., n.",
775,browser,ブラウザ,16,C1,,,,,,,,,,browser n.,
776,brush,小競り合い、掃く、磨く,2,A2,,,,,,,,,,"brush v., n.",
777,brusque,ぶっきら棒、無愛想、無骨,32,C2,,,,,,,,,,brusque (adj),
778,brutal,殺生、殺伐、惨い,16,C1,,,,,,,,,,brutal adj.,
779,bubble,気泡、水泡、泡,4,B1,,,,,,,,,,bubble n.,
780,buck,牡鹿,8,B2,,,,,,,,,,buck n.,
781,buddy,お兄さん、悪友、君,16,C1,,,,,,,,,,buddy n.,
782,budget,予算、運営経費、運営費,8,B2,,,,,,,,,,budget n.,
783,buffer,緩衝器、安全圏、バッファ記憶,16,C1,,,,,,,,,,buffer n.,
784,bug,誤り、昆虫、虫,8,B2,,,,,,,,,,bug n.,
785,build,建てる、作る,1,A1,,,,,,,,,,build v.,
786,building,骨格、骨組み、作り,1,A1,,,,,,,,,,building n.,
787,bulk,塊状、嵩、ばら積み,16,C1,,,,,,,,,,bulk n.,
788,bullet,玉、銃弾、弾丸,8,B2,,,,,,,,,,bullet n.,
789,bulwark,防壁、防塁、波止,32,C2,,,,,,,,,,bulwark (n),
790,bunch,一把、群、衆,8,B2,,,,,,,,,,bunch n.,
791,burden,荷、荷物、荷厄介,16,C1,,,,,,,,,,burden n.,
792,bureaucracy,官界、官僚、官僚主義,16,C1,,,,,,,,,,bureaucracy n.,
793,burgeon,急成長する、芽生える,32,C2,,,,,,,,,,burgeon (v),
794,burial,限り、土葬、埋葬,16,C1,,,,,,,,,,burial n.,
795,burn,火傷、熱傷、腐るほど,8,B2,,,,,,,,,,burn n.,
796,burn,火照る、差す、焼く,2,A2,,,,,,,,,,burn v.,
797,burst,吹っ切れる、決壊、切れる,16,C1,,,,,,,,,,burst v.,
798,bury,葬る、送る、閉ざす,4,B1,,,,,,,,,,bury v.,
799,bus,乗合自動車、母線、中吊り広告,1,A1,,,,,,,,,,bus n.,
800,bush,木、棘、藪,8,B2,,,,,,,,,,bush n.,
801,business,仕事、事業,1,A1,,,,,,,,,,business n.,
802,businessman,営業マン、業者、事業家,2,A2,,,,,,,,,,businessman n.,
803,busy,忙しい,1,A1,,,,,,,,,,busy adj.,
804,but,しかし,1,A1,,,,,,,,,,but conj.,
805,but,しかし,8,B2,,,,,,,,,,but prep.,
806,butter,牛酪、バター,1,A1,,,,,,,,,,butter n.,
807,button,鈕、摘み、止める,2,A2,,,,,,,,,,button n.,
808,buttress,控え壁、扶壁、バットレス,32,C2,,,,,,,,,,buttress (v),
809,buy,買う,1,A1,,,,,,,,,,buy v.,
810,by,〜によって、〜のそばに,1,A1,,,,,,,,,,by prep.,
811,by,〜によって、〜のそばに,4,B1,,,,,,,,,,by adv.,
812,bye,行ってき、あばよ、またね,1,A1,,,,,,,,,,bye exclam.,
813,byword,代名詞、二言目,32,C2,,,,,,,,,,byword (n),
814,cabal,徒党、陰謀団,32,C2,,,,,,,,,,cabal (n),
815,cabin,館、小屋、船室,8,B2,,,,,,,,,,cabin n.,
816,cabinet,戸棚、箪笥、内閣,16,C1,,,,,,,,,,cabinet n.,
817,cable,公電、索条、鉄索,4,B1,,,,,,,,,,cable n.,
818,cache,隠し場所、貯蔵物、キャッシュ,32,C2,,,,,,,,,,cache (n),
819,cacophony,噪音、不協和音,32,C2,,,,,,,,,,cacophony (n),
820,cadence,歩調、鳴動、アクセント,32,C2,,,,,,,,,,cadence (n),
821,cafe,喫茶、喫茶店、茶寮,1,A1,,,,,,,,,,cafe n.,
822,cajole,丸める、丸め込む、煽てる,32,C2,,,,,,,,,,cajole (v),
823,cake,お菓子、菓子、甘味,1,A1,,,,,,,,,,cake n.,
824,calculate,割り出す、はじき出す、弾く,8,B2,,,,,,,,,,calculate v.,
825,calculation,運算、演算、勘定,16,C1,,,,,,,,,,calculation n.,
826,calibre,器、器物、器量,32,C2,,,,,,,,,,calibre (n),
827,call,呼び寄せる、呼び起こす、呼び出す,1,A1,,,,,,,,,,"call v., n.",
828,callous,殺生、非情、酷薄,32,C2,,,,,,,,,,callous (adj),
829,calm,安い、安らか、安閑,4,B1,,,,,,,,,,"calm adj., v., n.",
830,camaraderie,友情,32,C2,,,,,,,,,,camaraderie (n),
831,camera,写真機、撮像機、カメラ,1,A1,,,,,,,,,,camera n.,
832,camp,幕営、宿営、芋る,2,A2,,,,,,,,,,"camp n., v.",
833,campaign,運動、遠征、カンパ,4,B1,,,,,,,,,,"campaign n., v.",
834,camping,営所、軍陣、陣営,2,A2,,,,,,,,,,camping n.,
835,campus,学園、校庭、構内,2,A2,,,,,,,,,,campus n.,
836,can1,〜できる,1,A1,,,,,,,,,,can1 modal v.,
837,can2,缶,2,A2,,,,,,,,,,can2 n.,
838,canal,運河、下水溝、溝渠,8,B2,,,,,,,,,,canal n.,
839,cancel,解く、止める、取り消す,8,B2,,,,,,,,,,cancel v.,
840,cancer,かに座、癌、巨蟹宮,8,B2,,,,,,,,,,cancer n.,
841,candidate,希望者、候補、候補者,4,B1,,,,,,,,,,candidate n.,
842,candle,蝋燭、キャンドル,8,B2,,,,,,,,,,candle n.,
843,candour,率直さ、公正さ,32,C2,,,,,,,,,,candour (n),
844,candy,お菓子、飴、飴玉,2,A2,,,,,,,,,,candy n.,
845,cannot,〜できない,1,A1,,,,,,,,,,cannot modal v.,
846,cantankerous,旋毛曲がり,32,C2,,,,,,,,,,cantankerous (adj),
847,canvas,画布、帆布、板絵,16,C1,,,,,,,,,,canvas n.,
848,cap,蓋、口金、鞘,4,B1,,,,,,,,,,cap n.,
849,capability,器量、手腕、対応,16,C1,,,,,,,,,,capability n.,
850,capable,有為、有能、腕利き,8,B2,,,,,,,,,,capable adj.,
851,capacity,一杯、器、器量,8,B2,,,,,,,,,,capacity n.,
852,capital,素敵滅法、京華、京師,1,A1,,,,,,,,,,"capital n., adj.",
853,capitalism,資本主義、利益至上主義、キャピタリズム,16,C1,,,,,,,,,,capitalism n.,
854,capitalist,元方、資本家、資本主義者,16,C1,,,,,,,,,,capitalist adj.,
855,capitulate,下る、陥る、軍門に下る,32,C2,,,,,,,,,,capitulate (v),
856,capricious,移り気、飽きっぽい、斑気,32,C2,,,,,,,,,,capricious (adj),
857,captain,一尉、一佐、艦長,4,B1,,,,,,,,,,captain n.,
858,capture,陥れる、攻略、取り込む,8,B2,,,,,,,,,,"capture v., n.",
859,car,四輪車、自動車、車,1,A1,,,,,,,,,,car n.,
860,carbon,黒金剛石、炭素、カーボン,8,B2,,,,,,,,,,carbon n.,
861,card,札、葉書、カード,1,A1,,,,,,,,,,card n.,
862,cardinal,枢要、紅冠鳥、枢機卿,32,C2,,,,,,,,,,cardinal (adj),
863,care,介護、屈託、治療,2,A2,,,,,,,,,,"care n., v.",
864,career,閲歴、経歴、生涯,1,A1,,,,,,,,,,career n.,
865,careful,克明、懇切、細かい,2,A2,,,,,,,,,,careful adj.,
866,carefully,熟、怠らずに、倩々,2,A2,,,,,,,,,,carefully adv.,
867,careless,だらし無い、安易、迂闊,4,B1,,,,,,,,,,careless adj.,
868,cargo,荷、貨物、船荷,16,C1,,,,,,,,,,cargo n.,
869,carpet,上敷き、絨毯、敷き物,2,A2,,,,,,,,,,carpet n.,
870,carriage,運搬、姿勢、送料,16,C1,,,,,,,,,,carriage n.,
871,carrot,人参、筑前煮、胡蘿蔔,1,A1,,,,,,,,,,carrot n.,
872,carry,ぶら下げる、運ぶ、掲げる,1,A1,,,,,,,,,,carry v.,
873,cartography,地図作成、地図学、マッピング,32,C2,,,,,,,,,,cartography (n),
874,cartoon,下絵、戯画、戯評,2,A2,,,,,,,,,,cartoon n.,
875,carve,刻む、刻印、彫り刻む,16,C1,,,,,,,,,,carve v.,
876,case,案件、一件、件,2,A2,,,,,,,,,,case n.,
877,cash,弗、黄金、金銭,2,A2,,,,,,,,,,cash n.,
878,casino,カジノ,16,C1,,,,,,,,,,casino n.,
879,cast,振る、成型、打つ,8,B2,,,,,,,,,,"cast n., v.",
880,caste,カースト,32,C2,,,,,,,,,,caste (n),
881,castigate,厳しく叱る、酷評する,32,C2,,,,,,,,,,castigate (v),
882,castle,囲い、館、城,8,B2,,,,,,,,,,castle n. B2,
883,casual,偶発的、軽快、漫然,8,B2,,,,,,,,,,casual adj.,
884,casualty,傷害、傷者、人死に,16,C1,,,,,,,,,,casualty n.,
885,cat,猫、家猫、唐猫,1,A1,,,,,,,,,,cat n.,
886,cataclysm,天変地異、破局、大変革,32,C2,,,,,,,,,,cataclysm (n),
887,catalog,型録、一覧、一覧表,16,C1,,,,,,,,,,catalog n.,
888,catch,引く、引っ掛ける、掛ける,2,A2,,,,,,,,,,catch v.,
889,catch,獲物、漁獲、水揚げ,8,B2,,,,,,,,,,catch n.,
890,category,圏、項目、種類,4,B1,,,,,,,,,,category n.,
891,cater,し出す,16,C1,,,,,,,,,,cater v.,
892,catharsis,瀉下、カタルシス,32,C2,,,,,,,,,,catharsis (n),
893,cattle,家畜、牛、畜牛,16,C1,,,,,,,,,,cattle n.,
894,cause,因由、引き起こす、掛ける,2,A2,,,,,,,,,,"cause n., v.",
895,caustic,苛性、腐食薬,32,C2,,,,,,,,,,caustic (adj),
896,caution,ご注意、戒告、警戒,16,C1,,,,,,,,,,caution n.,
897,cautious,慎み深い、慎重、用心深い,16,C1,,,,,,,,,,cautious adj.,
898,cavalcade,乗馬隊,32,C2,,,,,,,,,,cavalcade (n),
899,cave,横穴、空洞、穴蔵,8,B2,,,,,,,,,,cave n.,
900,caveat,警告、ただし書き,32,C2,,,,,,,,,,caveat (n),
901,CD,衝突検出、当たり判定、ＣＤ,1,A1,,,,,,,,,,CD n.,
902,cease,止す、止まる、止む,16,C1,,,,,,,,,,cease v.,
903,ceiling,上昇限度、天井、内張り,4,B1,,,,,,,,,,ceiling n.,
904,celebrate,寿ぐ、祝う、謳う,2,A2,,,,,,,,,,celebrate v.,
905,celebration,記念、挙行、慶祝,4,B1,,,,,,,,,,celebration n.,
906,celebrity,芸能人、名士、有名人,2,A2,,,,,,,,,,celebrity n.,
907,cell,監房、細胞、電池,2,A2,,,,,,,,,,cell n.,
908,cemetery,卵塔場、霊園、墓地,16,C1,,,,,,,,,,cemetery n.,
909,censure,糾弾、攻撃、弾劾,32,C2,,,,,,,,,,censure (n) / censure (v),
910,cent,仙、びた一文、セント,1,A1,,,,,,,,,,cent n.,
911,center,根、軸、中,1,A1,,,,,,,,,,center n.,
912,center,根、軸、中,4,B1,,,,,,,,,,center v.,
913,central,中心的、最も重要、中枢性,4,B1,,,,,,,,,,central adj.,
914,century,一世紀、世紀、百年,2,A2,,,,,,,,,,century n.,
915,ceremony,栄典、儀、儀式,4,B1,,,,,,,,,,ceremony n.,
916,certain,一定、確実、然る,2,A2,,,,,,,,,,certain adj.,
917,certainly,如何にも、何様、蓋し,2,A2,,,,,,,,,,certainly adv.,
918,certainty,確実性、確実度、必,8,B2,,,,,,,,,,certainty n.,
919,certificate,お墨付き、確認書、券,8,B2,,,,,,,,,,certificate n.,
920,cessation,休止、終止、不通,32,C2,,,,,,,,,,cessation (n),
921,chagrin,悔しさ、無念、悔し涙,32,C2,,,,,,,,,,chagrin (n),
922,chain,一連、鎖、脈,4,B1,,,,,,,,,,chain n.,
923,chain,連鎖、連環、一連,8,B2,,,,,,,,,,chain v.,
924,chair,椅子、議長、チェア,1,A1,,,,,,,,,,chair n.,
925,chair,椅子、議長、チェア,8,B2,,,,,,,,,,chair v.,
926,chairman,委員長、会長、議長,8,B2,,,,,,,,,,chairman n.,
927,challenge,課題、忌避、歯ごたえ,4,B1,,,,,,,,,,challenge n.,
928,challenge,忌避、仕掛ける、申し込む,8,B2,,,,,,,,,,challenge v.,
929,challenging,挑戦的、課題、忌避,8,B2,,,,,,,,,,challenging adj.,
930,chamber,議院、部屋、輪胴,16,C1,,,,,,,,,,chamber n.,
931,champion,王者、覇者、王,4,B1,,,,,,,,,,champion n.,
932,championship,制勝、選手権、優勝,8,B2,,,,,,,,,,championship n.,
933,chance,縁、期、機運,2,A2,,,,,,,,,,chance n.,
934,change,お返し、異動、移す,1,A1,,,,,,,,,,"change v., n.",
935,channel,海峡、局、筋,4,B1,,,,,,,,,,channel n.,
936,chaos,混濁、混沌、混迷,16,C1,,,,,,,,,,chaos n.,
937,chapter,回、章、分会,4,B1,,,,,,,,,,chapter n.,
938,character,一字、気質、気風,2,A2,,,,,,,,,,character n.,
939,characteristic,個性的、固有、特有,8,B2,,,,,,,,,,"characteristic n., adj.",
940,characterize,特徴付ける、特色づける,16,C1,,,,,,,,,,characterize v.,
941,charge,委任、課す、課する,4,B1,,,,,,,,,,"charge n., v.",
942,charity,施し、慈善、慈悲,2,A2,,,,,,,,,,charity n.,
943,charlatan,いかさま師、ぺてん師,32,C2,,,,,,,,,,charlatan (n),
944,charm,お守り、愛嬌、艶,16,C1,,,,,,,,,,charm n.,
945,charming,艶美、可愛げ、愛らしい,8,B2,,,,,,,,,,charming adj.,
946,chart,罫線、罫線表、図,1,A1,,,,,,,,,,chart n.,
947,chart,罫線、罫線表、図,8,B2,,,,,,,,,,chart v.,
948,charter,憲章、特許、認可証,16,C1,,,,,,,,,,charter n.,
949,chase,追い込む、追う、追求,8,B2,,,,,,,,,,"chase v., n.",
950,chasm,谷間、裂け目、割れ目,32,C2,,,,,,,,,,chasm (n),
951,chastise,懲らしめる、懲らす、灸を据える,32,C2,,,,,,,,,,chastise (v),
952,chat,お喋り、歓談、懇話,2,A2,,,,,,,,,,"chat v., n.",
953,chattel,動産、奴隷,32,C2,,,,,,,,,,chattel (n),
954,cheap,安い、安価、安上がり,1,A1,,,,,,,,,,cheap adj.,
955,cheap,安い、安価、安上がり,4,B1,,,,,,,,,,cheap adv.,
956,cheat,引っ掛ける、偽る、誤魔化す,4,B1,,,,,,,,,,"cheat v., n.",
957,check,引く、王手、改める,1,A1,,,,,,,,,,check v.,
958,check,王手、会計、確認,2,A2,,,,,,,,,,check n.,
959,cheek,心臓、頬っぺ、頬っぺた,8,B2,,,,,,,,,,cheek n.,
960,cheer,勇気づける、励ます、囃す,8,B2,,,,,,,,,,"cheer v., n.",
961,cheerful,和やか、快活、軽快,4,B1,,,,,,,,,,cheerful adj.,
962,cheese,乾酪、チーズ、フロマージュ,1,A1,,,,,,,,,,cheese n.,
963,chef,板、板前、賄い方,2,A2,,,,,,,,,,chef n.,
964,chemical,化学的、化学製品、薬剤,4,B1,,,,,,,,,,"chemical adj., n.",
965,chemistry,化学、相性、舎密,2,A2,,,,,,,,,,chemistry n.,
966,chest,胸、胸郭、胸元,4,B1,,,,,,,,,,chest n.,
967,chicanery,詭策,32,C2,,,,,,,,,,chicanery (n),
968,chicken,鶏、酉、若鳥,1,A1,,,,,,,,,,chicken n.,
969,chide,叱る、窘める,32,C2,,,,,,,,,,chide (v),
970,chief,主、主要、目ぼしい,8,B2,,,,,,,,,,"chief adj., n.",
971,child,お子さん、お子様、砂利,1,A1,,,,,,,,,,child n.,
972,childhood,幼時、幼少、幼年,4,B1,,,,,,,,,,childhood n.,
973,chip,欠片、細片、削片,2,A2,,,,,,,,,,chip n.,
974,chocolate,ショコラ、チョコ、チョコレート,1,A1,,,,,,,,,,chocolate n.,
975,choice,候補、好み、採択,2,A2,,,,,,,,,,choice n.,
976,choir,合唱隊、合唱団、聖歌隊,16,C1,,,,,,,,,,choir n.,
977,choose,為る、決める、見立てる,1,A1,,,,,,,,,,choose v.,
978,chop,叩き切る、ぶった切る、ぶっ切る,8,B2,,,,,,,,,,chop v.,
979,chronic,慢性的、恒常的、慢性,16,C1,,,,,,,,,,chronic adj.,
980,chronology,経緯、年代記、編年,32,C2,,,,,,,,,,chronology (n),
981,chunk,ぶつ切り、チャンク,16,C1,,,,,,,,,,chunk n.,
982,church,会堂、教会、寺院,2,A2,,,,,,,,,,church n.,
983,churlish,無作法な、けちな,32,C2,,,,,,,,,,churlish (adj),
984,cigarette,煙草、巻きタバコ、紙巻き,2,A2,,,,,,,,,,cigarette n.,
985,circle,円、円環、丸,2,A2,,,,,,,,,,"circle n., v.",
986,circuit,回線、回路、サーキット,8,B2,,,,,,,,,,circuit n.,
987,circulate,回す、言いふらす、言い伝える,16,C1,,,,,,,,,,circulate v.,
988,circulation,回覧、血行、出版部数,16,C1,,,,,,,,,,circulation n.,
989,circumspect,慎重な、用心深い,32,C2,,,,,,,,,,circumspect (adj),
990,circumstance,環境、境地、事柄,8,B2,,,,,,,,,,circumstance n.,
991,circumvent,回避する、迂回する,32,C2,,,,,,,,,,circumvent (v),
992,citadel,根城、城郭、城塞,32,C2,,,,,,,,,,citadel (n),
993,cite,引く、上げる、引っ張る,8,B2,,,,,,,,,,cite v.,
994,citizen,公民、国民、市民,8,B2,,,,,,,,,,citizen n.,
995,citizenship,公民権、国籍、市民権,16,C1,,,,,,,,,,citizenship n.,
996,city,区、市、市街,1,A1,,,,,,,,,,city n.,
997,civic,シビック,16,C1,,,,,,,,,,civic adj.,
998,civil,丁寧、民事的、ご丁寧,8,B2,,,,,,,,,,civil adj.,
999,civilian,文民、民間、民間人,16,C1,,,,,,,,,,"civilian n., adj.",
1000,civilization,開化、開明、教化,8,B2,,,,,,,,,,civilization n.,
1001,claim,引き取る、援用、言い立てる,4,B1,,,,,,,,,,"claim v., n.",
1002,clandestine,隠密、秘密めいた,32,C2,,,,,,,,,,clandestine (adj),
1003,clarify,明らかにする、聞きただす、明らめる,8,B2,,,,,,,,,,clarify v.,
1004,clarity,冴え、著明、顕,16,C1,,,,,,,,,,clarity n.,
1005,clash,激突、小戦、ガチャン,16,C1,,,,,,,,,,clash n.,
1006,class,位、位取り、階級,1,A1,,,,,,,,,,class n.,
1007,classic,古典的、典雅、クラシック,8,B2,,,,,,,,,,"classic adj., n.",
1008,classical,古典的、クラシカル、クラシック,2,A2,,,,,,,,,,classical adj.,
1009,classification,格付け、区分、区分け,16,C1,,,,,,,,,,classification n.,
1010,classify,分ける、選り分ける、仕分ける,8,B2,,,,,,,,,,classify v.,
1011,classroom,教室、教場、教育現場,1,A1,,,,,,,,,,classroom n.,
1012,clause,箇条、項、項目,4,B1,,,,,,,,,,clause n.,
1013,clean,潔い、清らか、清潔,1,A1,,,,,,,,,,"clean adj., v.",
1014,clear,下げる、開く、澄ます,4,B1,,,,,,,,,,clear v.,
1015,clear,明白、歯切れの良い、晴朗,2,A2,,,,,,,,,,clear adj.,
1016,clearly,爽々、其れこそ、有り有り,2,A2,,,,,,,,,,clearly adv.,
1017,cleave,裂く、切り進む,32,C2,,,,,,,,,,cleave (v),
1018,clemency,慈悲、助命,32,C2,,,,,,,,,,clemency (n),
1019,clerk,掛かり、官吏、局員,2,A2,,,,,,,,,,clerk n.,
1020,clever,器用、機敏、軽妙,4,B1,,,,,,,,,,clever adj.,
1021,click,ピンと来る、ぱちり、クリック,4,B1,,,,,,,,,,"click v., n.",
1022,client,お客さん、お客様、依頼者,4,B1,,,,,,,,,,client n.,
1023,cliff,崖、岩、切り岸,8,B2,,,,,,,,,,cliff n.,
1024,climate,気候、気象、季候,2,A2,,,,,,,,,,climate n.,
1025,climb,上り、上る、よじ登る,4,B1,,,,,,,,,,climb n.,
1026,climb,上る、よじ登る、上り,1,A1,,,,,,,,,,climb v.,
1027,cling,しがみ付く、付く、張り付く,16,C1,,,,,,,,,,cling v.,
1028,clinic,医院、病院、診療所,8,B2,,,,,,,,,,clinic n.,
1029,clinical,臨床、臨床上、クリニカル,16,C1,,,,,,,,,,clinical adj.,
1030,clip,刈、クリップ、刈り込む,8,B2,,,,,,,,,,clip n.,
1031,clique,衆、徒党、党派,32,C2,,,,,,,,,,clique (n),
1032,clock,時計、刻時機構、クロック,1,A1,,,,,,,,,,clock n.,
1033,cloister,回廊、修道院、クロイスター,32,C2,,,,,,,,,,cloister (n),
1034,cloistered,世間から隔離された,32,C2,,,,,,,,,,cloistered (adj),
1035,close1,閉じる、近い,1,A1,,,,,,,,,,close1 v.,
1036,close1,閉じる、近い,8,B2,,,,,,,,,,close1 n.,
1037,close2,近い、親しい,2,A2,,,,,,,,,,close2 adj.,
1038,close2,近い、親しい,4,B1,,,,,,,,,,close2 adv.,
1039,closed,危ない、危なっかしい、近い,2,A2,,,,,,,,,,closed adj.,
1040,closely,暮れ、直、繁繁,8,B2,,,,,,,,,,closely adv.,
1041,closet,戸棚、押し入れ、納戸,2,A2,,,,,,,,,,closet n.,
1042,closure,通行止め、閉会、閉鎖,16,C1,,,,,,,,,,closure n.,
1043,cloth,呉服、生地、切れ,4,B1,,,,,,,,,,cloth n.,
1044,clothes,衣、衣服、衣紋,1,A1,,,,,,,,,,clothes n.,
1045,clothing,お召し、お召し物、衣装,2,A2,,,,,,,,,,clothing n.,
1046,cloud,雲、曇り、雲気,2,A2,,,,,,,,,,cloud n.,
1047,clout,影響力,32,C2,,,,,,,,,,clout (n),
1048,club,会、会所、倶楽部,1,A1,,,,,,,,,,club n.,
1049,clue,鍵、糸口、端緒,4,B1,,,,,,,,,,clue n.,
1050,cluster,一朶、群れ、集塊,16,C1,,,,,,,,,,cluster n.,
1051,coach,家庭教師、監督、指導者,2,A2,,,,,,,,,,coach n.,
1052,coach,揉む、コーチ、家庭教師,4,B1,,,,,,,,,,coach v.,
1053,coal,石炭、油石、コール,4,B1,,,,,,,,,,coal n.,
1054,coalesce,合体する、融合する,32,C2,,,,,,,,,,coalesce (v),
1055,coalition,連立、合併,16,C1,,,,,,,,,,coalition n.,
1056,coast,沿海、沿岸、海沿い,2,A2,,,,,,,,,,coast n.,
1057,coastal,臨海,16,C1,,,,,,,,,,coastal adj.,
1058,coat,上張り、毛並み、上着,1,A1,,,,,,,,,,coat n.,
1059,cocktail,混合酒、カクテル,16,C1,,,,,,,,,,cocktail n.,
1060,code,暗号、暗証、規約,2,A2,,,,,,,,,,code n.,
1061,coerce,強いる,32,C2,,,,,,,,,,coerce (v),
1062,coercion,圧力、威圧、往生,32,C2,,,,,,,,,,coercion (n),
1063,coffee,珈琲、コーヒーブラウン、ホットコーヒー,1,A1,,,,,,,,,,coffee n.,
1064,cogent,理路整然,32,C2,,,,,,,,,,cogent (adj),
1065,cognitive,認知の,16,C1,,,,,,,,,,cognitive adj.,
1066,cohesion,凝集、粘着、付着,32,C2,,,,,,,,,,cohesion (n),
1067,coin,玉、硬貨、足,4,B1,,,,,,,,,,coin n.,
1068,coincide,かち合う、同じゅうする、ダブる,16,C1,,,,,,,,,,coincide v.,
1069,coincidence,暗合、一致、奇遇,8,B2,,,,,,,,,,coincidence n.,
1070,cold,寒い、寒冷、辛い,1,A1,,,,,,,,,,"cold adj., n.",
1071,collaborate,手を組む,16,C1,,,,,,,,,,collaborate v.,
1072,collaboration,共著、協調主義、ご協力,16,C1,,,,,,,,,,collaboration n.,
1073,collapse,凹む、瓦解、陥没,8,B2,,,,,,,,,,"collapse v., n.",
1074,colleague,仲間、同輩、同役,2,A2,,,,,,,,,,colleague n.,
1075,collect,引き取る、寄せる、寄せ集める,2,A2,,,,,,,,,,collect v.,
1076,collection,回収、収蔵、徴収,4,B1,,,,,,,,,,collection n.,
1077,collective,集合的、集団的、共同体,16,C1,,,,,,,,,,collective adj.,
1078,collector,収集家、取り、コレクター,8,B2,,,,,,,,,,collector n.,
1079,college,大学、単科大学、カレッジ,1,A1,,,,,,,,,,college n.,
1080,collision,衝突、抵触、打つかり,16,C1,,,,,,,,,,collision n.,
1081,collude,馴れ合う,32,C2,,,,,,,,,,collude (v),
1082,collusion,共謀、結託、談合,32,C2,,,,,,,,,,collusion (n),
1083,colonial,コロニアル,16,C1,,,,,,,,,,colonial adj.,
1084,colony,群体、集落、植民地,8,B2,,,,,,,,,,colony n.,
1085,color,艶、顔料、血色,1,A1,,,,,,,,,,color n.,
1086,colored,有色、色付き、艶,4,B1,,,,,,,,,,colored adj.,
1087,colorful,カラフル,8,B2,,,,,,,,,,colorful adj.,
1088,colossal,莫大、膨大,32,C2,,,,,,,,,,colossal (adj),
1089,colossus,モンスター、コロッサス,32,C2,,,,,,,,,,colossus (n),
1090,column,囲み記事、円柱、桁,2,A2,,,,,,,,,,column n.,
1091,columnist,コラム子、コラムニスト,16,C1,,,,,,,,,,columnist n.,
1092,combat,戦闘、闘争、火花を散らす,16,C1,,,,,,,,,,"combat n., v.",
1093,combination,結合、結成、兼帯,8,B2,,,,,,,,,,combination n.,
1094,combine,結び付ける、交える、合する,4,B1,,,,,,,,,,combine v.,
1095,come,来る,1,A1,,,,,,,,,,come v.,
1096,comedy,喜劇、戯け芝居、コメディー,2,A2,,,,,,,,,,comedy n.,
1097,comfort,慰める、あやす、安楽,8,B2,,,,,,,,,,"comfort n., v.",
1098,comfortable,安閑、快い、快適,2,A2,,,,,,,,,,comfortable adj.,
1099,comic,コミック、漫画、お笑い,8,B2,,,,,,,,,,"comic adj., n.",
1100,command,下命、仰せ付ける、号令,8,B2,,,,,,,,,,"command n., v.",
1101,commander,司令、指揮官、指揮者,8,B2,,,,,,,,,,commander n.,
1102,commence,興す、仕掛ける、始まる,16,C1,,,,,,,,,,commence v.,
1103,commensurate,釣り合った、相応の,32,C2,,,,,,,,,,commensurate (adj),
1104,comment,意見、概評、注,2,A2,,,,,,,,,,comment n.,
1105,comment,意見、概評、注,4,B1,,,,,,,,,,comment v.,
1106,commentary,解説、注記、批評,16,C1,,,,,,,,,,commentary n.,
1107,commentator,解説者、注釈者、評論家,16,C1,,,,,,,,,,commentator n.,
1108,commerce,互市、交易、商科,16,C1,,,,,,,,,,commerce n.,
1109,commercial,営利的、市販、ＣＭ,4,B1,,,,,,,,,,"commercial adj., n.",
1110,commiserate,相憐れむ,32,C2,,,,,,,,,,commiserate (v),
1111,commission,依頼、委託、嘱託,8,B2,,,,,,,,,,"commission n., v.",
1112,commissioner,事務官、総監、弁務官,16,C1,,,,,,,,,,commissioner n.,
1113,commit,演じる、及ぶ、召す,4,B1,,,,,,,,,,commit v.,
1114,commitment,言質、投入、付託,8,B2,,,,,,,,,,commitment n.,
1115,committee,委員会、後援会、コミッティー,8,B2,,,,,,,,,,committee n.,
1116,commodity,財貨、商品、品目,16,C1,,,,,,,,,,commodity n.,
1117,common,共通の、普通の,1,A1,,,,,,,,,,common adj.,
1118,commonly,一般に、俗に、普通,8,B2,,,,,,,,,,commonly adv.,
1119,communicate,通じる、伝える、通ずる,2,A2,,,,,,,,,,communicate v.,
1120,communication,ご連絡、交通、沙汰,4,B1,,,,,,,,,,communication n.,
1121,communist,赤い、共産主義者、主義者,16,C1,,,,,,,,,,communist adj.,
1122,community,共同社会、共同体、雑居,2,A2,,,,,,,,,,community n.,
1123,companion,お供、供、供人,16,C1,,,,,,,,,,companion n.,
1124,company,一座、一手、一隊,1,A1,,,,,,,,,,company n.,
1125,comparable,比較可能,16,C1,,,,,,,,,,comparable adj.,
1126,comparative,比較級,8,B2,,,,,,,,,,comparative adj.,
1127,compare,比べる,1,A1,,,,,,,,,,compare v.,
1128,comparison,比べ、照合、対照,4,B1,,,,,,,,,,comparison n.,
1129,compassion,哀れ、哀れみ、哀憐,16,C1,,,,,,,,,,compassion n.,
1130,compatriot,同胞、同国人,32,C2,,,,,,,,,,compatriot (n),
1131,compel,押す、強いる、迫る,16,C1,,,,,,,,,,compel v.,
1132,compelling,強迫、止むに止まれず、止むに止まれぬ,16,C1,,,,,,,,,,compelling adj.,
1133,compensate,補償する、埋め合わせる,16,C1,,,,,,,,,,compensate v.,
1134,compensation,穴埋め、見返り、損害賠償,16,C1,,,,,,,,,,compensation n.,
1135,compete,競う、競る、取る,2,A2,,,,,,,,,,compete v.,
1136,competence,応答能、敏腕、言語能力,16,C1,,,,,,,,,,competence n.,
1137,competent,強い、適任、有能,16,C1,,,,,,,,,,competent adj.,
1138,competition,比べ、競合、競争,2,A2,,,,,,,,,,competition n.,
1139,competitive,負けず嫌い、負け嫌い,4,B1,,,,,,,,,,competitive adj.,
1140,competitor,競技者、競合者、敵,4,B1,,,,,,,,,,competitor n.,
1141,compile,編む、取りまとめる、まとめ上げる,16,C1,,,,,,,,,,compile v.,
1142,complacency,独りよがり、余裕、自得,32,C2,,,,,,,,,,complacency (n),
1143,complacent,ぬるま湯,32,C2,,,,,,,,,,complacent (adj),
1144,complain,とやかく言う、訴える、鳴らす,2,A2,,,,,,,,,,complain v.,
1145,complaint,哀訴、怨声、苦情,4,B1,,,,,,,,,,complaint n.,
1146,complement,補足、有無相通じる、補い合う,16,C1,,,,,,,,,,complement v.,
1147,complementary,補足的,32,C2,,,,,,,,,,complementary (adj),
1148,complete,完全な、完成させる,1,A1,,,,,,,,,,"complete adj., v.",
1149,completely,熟、諸に、一向,2,A2,,,,,,,,,,completely adv.,
1150,completion,完結、完遂、完成,8,B2,,,,,,,,,,completion n.,
1151,complex,煩雑、微妙、複合,8,B2,,,,,,,,,,complex n.,
1152,complex,煩雑、微妙、複雑,4,B1,,,,,,,,,,complex adj.,
1153,complexity,濃淡、複雑さ、複雑性,16,C1,,,,,,,,,,complexity n.,
1154,compliance,応諾、合致、遵守,16,C1,,,,,,,,,,compliance n.,
1155,complicated,難しい、煩わしい、煩雑,8,B2,,,,,,,,,,complicated adj.,
1156,complication,葛藤、交錯、錯雑,16,C1,,,,,,,,,,complication n.,
1157,complicity,共犯、共謀、従犯,32,C2,,,,,,,,,,complicity (n),
1158,comply,承る、入れる、体する,16,C1,,,,,,,,,,comply v.,
1159,component,構成子、構成要素、成分,8,B2,,,,,,,,,,component n.,
1160,compose,詠む、書く、綴る,8,B2,,,,,,,,,,compose v.,
1161,composer,作曲家、作曲者、作者,8,B2,,,,,,,,,,composer n.,
1162,composition,一手、曲、吟詠,16,C1,,,,,,,,,,composition n.,
1163,compound,化合物、境内、構内,8,B2,,,,,,,,,,compound n.,
1164,comprehensive,巨視的、広範、総合的,8,B2,,,,,,,,,,comprehensive adj.,
1165,comprise,含む、包有,8,B2,,,,,,,,,,comprise v.,
1166,compromise,譲り合う、譲歩、折り合う,16,C1,,,,,,,,,,"compromise n., v.",
1167,compulsion,強制、強要、無理強い,32,C2,,,,,,,,,,compulsion (n),
1168,compulsory,強制的、必須、無理,8,B2,,,,,,,,,,compulsory adj.,
1169,compute,割り出す,16,C1,,,,,,,,,,compute v.,
1170,computer,人工頭脳、電算、電子計算機,1,A1,,,,,,,,,,computer n.,
1171,conceal,押し殺す、飲む、隠す,16,C1,,,,,,,,,,conceal v.,
1172,concede,失う、譲る、退く,16,C1,,,,,,,,,,concede v.,
1173,conceive,孕む、子供を妊む,16,C1,,,,,,,,,,conceive v.,
1174,concentrate,凝らす、煮詰める、濃化,4,B1,,,,,,,,,,concentrate v.,
1175,concentration,傾注、結集、集光,8,B2,,,,,,,,,,concentration n.,
1176,concept,概念、観念、考え,8,B2,,,,,,,,,,concept n.,
1177,conception,懐胎、懐妊、観念,16,C1,,,,,,,,,,conception n.,
1178,concern,関する、関係、関知,8,B2,,,,,,,,,,"concern n., v.",
1179,concerned,気がかり、心配、関する,8,B2,,,,,,,,,,concerned adj.,
1180,concert,演奏会、音楽会、協和,1,A1,,,,,,,,,,concert n.,
1181,concession,居留地、交譲、譲歩,16,C1,,,,,,,,,,concession n.,
1182,conciliatory,互譲的,32,C2,,,,,,,,,,conciliatory (adj),
1183,conclave,コンクラーベ,32,C2,,,,,,,,,,conclave (n),
1184,conclude,割り出す、結ぶ、考える,4,B1,,,,,,,,,,conclude v.,
1185,conclusion,完結、完了、帰結,4,B1,,,,,,,,,,conclusion n.,
1186,concordance,用語索引、コンコーダンス,32,C2,,,,,,,,,,concordance (n),
1187,concrete,具象的、具体的、混凝土,8,B2,,,,,,,,,,"concrete adj., n.",
1188,condemn,責める、処する、処す,16,C1,,,,,,,,,,condemn v.,
1189,condescension,見下した態度,32,C2,,,,,,,,,,condescension (n),
1190,condition,加減、起居、擬態語,2,A2,,,,,,,,,,condition n.,
1191,condone,容赦する、大目に見る,32,C2,,,,,,,,,,condone (v),
1192,conduct,営む、挙動、行動,8,B2,,,,,,,,,,"conduct v., n.",
1193,confer,遣る、下さる、諮る,16,C1,,,,,,,,,,confer v.,
1194,conference,会、会議、会談,2,A2,,,,,,,,,,conference n.,
1195,confess,さらけ出す、言い表す、認める,8,B2,,,,,,,,,,confess v.,
1196,confession,告白、自供、自白,16,C1,,,,,,,,,,confession n.,
1197,confidence,確信、自信、信任,8,B2,,,,,,,,,,confidence n.,
1198,confident,強気、自信たっぷり,4,B1,,,,,,,,,,confident adj.,
1199,configuration,設定、配置、環境設定,16,C1,,,,,,,,,,configuration n.,
1200,confine,限る、縛り付ける、封じ込める,16,C1,,,,,,,,,,confine v.,
1201,confirm,結ぶ、糺す、見定める,4,B1,,,,,,,,,,confirm v.,
1202,confirmation,確言、確証、確認,16,C1,,,,,,,,,,confirmation n.,
1203,confiscate,取り上げる、召し上げる、没する,32,C2,,,,,,,,,,confiscate (v),
1204,conflagration,火災、火事、烈火,32,C2,,,,,,,,,,conflagration (n),
1205,conflict,打つかる、葛藤、衝突,8,B2,,,,,,,,,,"conflict n., v.",
1206,confluence,合流、出会い、無境界,32,C2,,,,,,,,,,confluence (n),
1207,confound,困惑させる、混同する,32,C2,,,,,,,,,,confound (v),
1208,confront,迎え撃つ、向き合う、直面,16,C1,,,,,,,,,,confront v.,
1209,confrontation,対決、対審、対立,16,C1,,,,,,,,,,confrontation n.,
1210,confuse,間違える、履き違える、化かす,4,B1,,,,,,,,,,confuse v.,
1211,confused,慌ただしい、混沌、支離滅裂,4,B1,,,,,,,,,,confused adj.,
1212,confusing,混乱させる、分かりにくい,8,B2,,,,,,,,,,confusing adj.,
1213,confusion,戸惑い、混雑、混同,8,B2,,,,,,,,,,confusion n.,
1214,congratulate,喜ぶ、寿く、寿ぐ,16,C1,,,,,,,,,,congratulate v.,
1215,congregation,会衆、教会、集会,16,C1,,,,,,,,,,congregation n.,
1216,congress,会議、議院、議会,8,B2,,,,,,,,,,congress n.,
1217,congressional,議会の、国会の,16,C1,,,,,,,,,,congressional adj.,
1218,conjecture,憶説、見当、察し,32,C2,,,,,,,,,,conjecture (n),
1219,conjure,呪う,32,C2,,,,,,,,,,conjure (v),
1220,connect,繋ぐ、繋げる、結び合わせる,2,A2,,,,,,,,,,connect v.,
1221,connected,つながった、関連した,2,A2,,,,,,,,,,connected adj.,
1222,connection,縁、挨拶、因縁,4,B1,,,,,,,,,,connection n.,
1223,connive,黙認する、共謀する,32,C2,,,,,,,,,,connive (v),
1224,connoisseur,玄人、通、目利き,32,C2,,,,,,,,,,connoisseur (n),
1225,connotation,意味合い、含意、含蓄,32,C2,,,,,,,,,,connotation (n),
1226,conquer,従える、打ち勝つ、靡かす,16,C1,,,,,,,,,,conquer v.,
1227,conquest,攻略、克服、勝利,32,C2,,,,,,,,,,conquest (n),
1228,conscience,善心、良心,16,C1,,,,,,,,,,conscience n.,
1229,conscious,意識的、コンシャス,8,B2,,,,,,,,,,conscious adj.,
1230,consciousness,意識、人心地、正体,16,C1,,,,,,,,,,consciousness n.,
1231,consecration,奉献、聖別、神聖化,32,C2,,,,,,,,,,consecration (n),
1232,consecutive,続けざま、連続的、ぶっ通し,16,C1,,,,,,,,,,consecutive adj.,
1233,consensus,合意、総意、世論,16,C1,,,,,,,,,,consensus n.,
1234,consent,応諾、許諾、合意,16,C1,,,,,,,,,,"consent n., v.",
1235,consequence,為、因果関係、帰結,4,B1,,,,,,,,,,consequence n.,
1236,consequently,延いては、結果、延いて,8,B2,,,,,,,,,,consequently adv.,
1237,conservation,保護、保守、保全,8,B2,,,,,,,,,,conservation n.,
1238,conservative,控えめ、退嬰的、内輪,8,B2,,,,,,,,,,"conservative adj., n.",
1239,conserve,詰める,16,C1,,,,,,,,,,conserve v.,
1240,consider,案じる、鑑みる、汲む,2,A2,,,,,,,,,,consider v.,
1241,considerable,相当、大した、著しい,8,B2,,,,,,,,,,considerable adj.,
1242,considerably,いい加減、随分、相当,8,B2,,,,,,,,,,considerably adv.,
1243,consideration,一考、会釈、勘考,8,B2,,,,,,,,,,consideration n.,
1244,consist,成り立つ、構成される,4,B1,,,,,,,,,,consist v.,
1245,consistency,一貫、一貫性、一致,16,C1,,,,,,,,,,consistency n.,
1246,consistent,首尾一貫した、首尾一貫,8,B2,,,,,,,,,,consistent adj.,
1247,consistently,終始、飽くまで、終始一貫,8,B2,,,,,,,,,,consistently adv.,
1248,consolidate,括る、固める、纏める,16,C1,,,,,,,,,,consolidate v.,
1249,consortium,共同企業体、コンソーシアム,32,C2,,,,,,,,,,consortium (n),
1250,conspiracy,悪巧み、陰謀、企み,8,B2,,,,,,,,,,conspiracy n.,
1251,constant,一定、不断、不変,8,B2,,,,,,,,,,constant adj.,
1252,constantly,頻りに、常に、絶えず,8,B2,,,,,,,,,,constantly adv.,
1253,consternation,恐慌、周章狼狽、狼狽,32,C2,,,,,,,,,,consternation (n),
1254,constitute,構成する、制定する,16,C1,,,,,,,,,,constitute v.,
1255,constitution,会則、憲法、組織,16,C1,,,,,,,,,,constitution n.,
1256,constitutional,合憲的、体質的、憲法上,16,C1,,,,,,,,,,constitutional adj.,
1257,constraint,遠慮、気兼ね、拘束,16,C1,,,,,,,,,,constraint n.,
1258,construct,建てる、作り上げる、組み立てる,8,B2,,,,,,,,,,construct v.,
1259,construction,営造、架設、結構,8,B2,,,,,,,,,,construction n.,
1260,construe,解釈する,32,C2,,,,,,,,,,construe (v),
1261,consult,引く、繰る、叩く,8,B2,,,,,,,,,,consult v.,
1262,consultant,顧問、参与、コンサルタント,8,B2,,,,,,,,,,consultant n.,
1263,consultation,下問、協議、凝議,16,C1,,,,,,,,,,consultation n.,
1264,consume,使う、費やす、閉ざす,4,B1,,,,,,,,,,consume v.,
1265,consumer,使い手、使用者、消費者,4,B1,,,,,,,,,,consumer n.,
1266,consummation,十全、全備,32,C2,,,,,,,,,,consummation (n),
1267,consumption,消化、消費、肺結核,8,B2,,,,,,,,,,consumption n.,
1268,contact,接触、抵触、連絡,4,B1,,,,,,,,,,"contact n., v.",
1269,contagion,感染、伝染、接触伝染,32,C2,,,,,,,,,,contagion (n),
1270,contain,含む、宿す、入る,2,A2,,,,,,,,,,contain v.,
1271,container,器、器物、身,4,B1,,,,,,,,,,container n.,
1272,contemplate,観ずる、企てる、考える,16,C1,,,,,,,,,,contemplate v.,
1273,contemporary,今風、当世流、コンテンポラリー,8,B2,,,,,,,,,,contemporary adj.,
1274,contempt,軽視、軽侮、軽蔑,16,C1,,,,,,,,,,contempt n.,
1275,contemptible,笑止、随分、卑劣,32,C2,,,,,,,,,,contemptible (adj),
1276,contend,競う、争う、渡り合う,16,C1,,,,,,,,,,contend v.,
1277,contender,候補,16,C1,,,,,,,,,,contender n.,
1278,content1,含有量、含量、実,4,B1,,,,,,,,,,content1 n.,
1279,content2,含有量、含量、実,16,C1,,,,,,,,,,content2 adj.,
1280,contention,競合、係争、主張,16,C1,,,,,,,,,,contention n.,
1281,contest,競う、競演、競技,8,B2,,,,,,,,,,"contest n., v.",
1282,context,後先、前後、属性,2,A2,,,,,,,,,,context n.,
1283,continent,州、大陸、大州,2,A2,,,,,,,,,,continent n.,
1284,contingency,偶然、偶発性、コンティンジェンシー,32,C2,,,,,,,,,,contingency (n),
1285,continually,絶えず、引き続き、引きも切らず,16,C1,,,,,,,,,,continually adv.,
1286,continue,見送る、続く、続ける,2,A2,,,,,,,,,,continue v.,
1287,continuous,連綿、脈々、継続的,4,B1,,,,,,,,,,continuous adj.,
1288,continuum,連続体,32,C2,,,,,,,,,,continuum (n),
1289,contract,狭まる、狭める、契約,8,B2,,,,,,,,,,"contract n., v.",
1290,contractor,請負人、工務店、請負師,16,C1,,,,,,,,,,contractor n.,
1291,contradiction,抵触、頓珍漢、氷炭,16,C1,,,,,,,,,,contradiction n.,
1292,contrary,裏腹、あべこべ、半面,16,C1,,,,,,,,,,"contrary adj., n.",
1293,contrast,見合わせる、対照、対比,4,B1,,,,,,,,,,"contrast n., v.",
1294,contravene,犯す,32,C2,,,,,,,,,,contravene (v),
1295,contribute,寄せる、助ける、資する,8,B2,,,,,,,,,,contribute v.,
1296,contribution,一役、寄金、寄稿,8,B2,,,,,,,,,,contribution n.,
1297,contributor,寄稿者、寄贈者、出金者,16,C1,,,,,,,,,,contributor n.,
1298,contrition,悔恨、痛恨、改悛,32,C2,,,,,,,,,,contrition (n),
1299,control,押さえ込む、監督、管轄,2,A2,,,,,,,,,,"control n., v.",
1300,controversial,論争を呼ぶ、物議を醸す,8,B2,,,,,,,,,,controversial adj.,
1301,controversy,渦中、議論、係争,8,B2,,,,,,,,,,controversy n.,
1302,conundrum,七不思議,32,C2,,,,,,,,,,conundrum (n),
1303,convene,呼び出す、呼び集める,32,C2,,,,,,,,,,convene (v),
1304,convenience,簡易、使い勝手、勝手,8,B2,,,,,,,,,,convenience n.,
1305,convenient,簡便、軽便、好都合,4,B1,,,,,,,,,,convenient adj.,
1306,convention,会議、慣習、慣例,8,B2,,,,,,,,,,convention n.,
1307,conventional,慣例的、月並み、在り来たり,8,B2,,,,,,,,,,conventional adj.,
1308,convergence,収束、収斂、集中,32,C2,,,,,,,,,,convergence (n),
1309,conversation,会談、会話、偶語,1,A1,,,,,,,,,,conversation n.,
1310,conversion,回心、改心、換金,16,C1,,,,,,,,,,conversion n.,
1311,convert,作り替える、借り換える、変える,8,B2,,,,,,,,,,convert v.,
1312,convey,運ぶ、取り次ぐ、譲る,8,B2,,,,,,,,,,convey v.,
1313,convict,受刑者、囚徒、既決囚,16,C1,,,,,,,,,,convict v.,
1314,conviction,確信、所信、信条,16,C1,,,,,,,,,,conviction n.,
1315,convince,噛む、説き伏せる,4,B1,,,,,,,,,,convince v.,
1316,convinced,確信している,8,B2,,,,,,,,,,convinced adj.,
1317,convincing,それっぽい、噛む、説き伏せる,8,B2,,,,,,,,,,convincing adj.,
1318,convivial,陽気な、社交的な,32,C2,,,,,,,,,,convivial (adj),
1319,convoluted,回旋状,32,C2,,,,,,,,,,convoluted (adj),
1320,cook,炊く、火を通す、炊ぐ,1,A1,,,,,,,,,,cook v.,
1321,cook,板、板前、賄い,2,A2,,,,,,,,,,cook n.,
1322,cookie,クーキー、クッキー、ビスケット,2,A2,,,,,,,,,,cookie n.,
1323,cooking,板、板前、賄い,1,A1,,,,,,,,,,cooking n.,
1324,cool,格好のいい、清涼、素敵,1,A1,,,,,,,,,,cool adj.,
1325,cool,砕ける、平然、落ち着いた,4,B1,,,,,,,,,,cool v.,
1326,cooperate,助け合う、力を合わせる、手を取り合う,16,C1,,,,,,,,,,cooperate v.,
1327,cooperative,コーポラティブ、協同組合、生活協同組合,16,C1,,,,,,,,,,cooperative adj.,
1328,coordinate,絡める、コーディネート、座標,16,C1,,,,,,,,,,coordinate v.,
1329,coordination,管制、協調、彩り,16,C1,,,,,,,,,,coordination n.,
1330,coordinator,幹事、調整役、コーディネーター,16,C1,,,,,,,,,,coordinator n.,
1331,cop,お巡り、マッポ、コップ,8,B2,,,,,,,,,,cop n.,
1332,cope,笠石,8,B2,,,,,,,,,,cope v.,
1333,copious,贅沢、滾々、万斛,32,C2,,,,,,,,,,copious (adj),
1334,copper,銅、赤、金鑞,16,C1,,,,,,,,,,copper n.,
1335,copy,擬製、後追い、似せる,2,A2,,,,,,,,,,"copy n., v.",
1336,copyright,著作権、版権、蔵版,16,C1,,,,,,,,,,copyright n.,
1337,coquettish,艶かしい、艶っぽい、婀娜っぽい,32,C2,,,,,,,,,,coquettish (adj),
1338,cordial,厚い、懇篤、手厚い,32,C2,,,,,,,,,,cordial (adj),
1339,core,コア、核、核心,8,B2,,,,,,,,,,"core n., adj.",
1340,corn,玉蜀黍、穀物、底豆,4,B1,,,,,,,,,,corn n.,
1341,corner,一角、角、曲がり目,2,A2,,,,,,,,,,corner n.,
1342,cornucopia,豊穣の角、コルヌコピア,32,C2,,,,,,,,,,cornucopia (n),
1343,corollary,系,32,C2,,,,,,,,,,corollary (n),
1344,corporate,実業団、コーポレート,8,B2,,,,,,,,,,corporate adj.,
1345,corporation,営団、会社、株,8,B2,,,,,,,,,,corporation n.,
1346,correct,正しい、正確、正則,1,A1,,,,,,,,,,"correct adj., v.",
1347,correction,加筆、感化、匡正,16,C1,,,,,,,,,,correction n.,
1348,correctly,責任を持って、正しく、きちきち,2,A2,,,,,,,,,,correctly adv.,
1349,correlate,結び合わせる、関連付ける、結び合わす,16,C1,,,,,,,,,,correlate v.,
1350,correlation,相関、相関関係、相関性,16,C1,,,,,,,,,,correlation n.,
1351,correspond,見合う、対す、同じゅうする,16,C1,,,,,,,,,,correspond v.,
1352,correspondence,メール交換、往復、往来,16,C1,,,,,,,,,,correspondence n.,
1353,correspondent,通信員、特派員、投書家,16,C1,,,,,,,,,,correspondent n.,
1354,corresponding,見合う、対す、同じゅうする,16,C1,,,,,,,,,,corresponding adj.,
1355,corridor,回廊、廊下、歩廊,8,B2,,,,,,,,,,corridor n.,
1356,corroborate,裏付ける、確証する,32,C2,,,,,,,,,,corroborate (v),
1357,corrupt,生臭い、ブラック、乱す,16,C1,,,,,,,,,,corrupt adj.,
1358,corruption,悪化、悪徳、汚れ,16,C1,,,,,,,,,,corruption n.,
1359,cortege,儀仗,32,C2,,,,,,,,,,cortege (n),
1360,cosmology,宇宙学、宇宙論、宇宙像,32,C2,,,,,,,,,,cosmology (n),
1361,cosmos,宇宙、大宇宙、六合,32,C2,,,,,,,,,,cosmos (n),
1362,cost,費用がかかる、費用,1,A1,,,,,,,,,,"cost n., v.",
1363,costly,高価、物入り、為る,16,C1,,,,,,,,,,costly adj.,
1364,costume,衣装、仮装、装束,4,B1,,,,,,,,,,costume n.,
1365,cotton,綿、木綿、カタン糸,4,B1,,,,,,,,,,cotton n.,
1366,could,〜できた、〜かもしれない,1,A1,,,,,,,,,,could modal v.,
1367,council,会議、協議会、区役所,8,B2,,,,,,,,,,council n.,
1368,councilor,議士、参事、参事官,16,C1,,,,,,,,,,councilor n.,
1369,counseling,勧告、弁護人、輔弼,16,C1,,,,,,,,,,counseling n.,
1370,counselor,勧告者、参謀、商議員,16,C1,,,,,,,,,,counselor n.,
1371,count,員数、回数、勘定,4,B1,,,,,,,,,,count n.,
1372,count,勘定、繰る、計算,2,A2,,,,,,,,,,count v.,
1373,countenance,翼賛、顔、顔色,32,C2,,,,,,,,,,countenance (v),
1374,counter,窓口、売り場、逆回転,8,B2,,,,,,,,,,counter (long flat surface) n.,
1375,counter,問い返す、窓口、売り場,16,C1,,,,,,,,,,counter (argue against) v.,
1376,counterpart,片方、カウンターパート,16,C1,,,,,,,,,,counterpart n.,
1377,countless,数え切れない、無数、数知れない,16,C1,,,,,,,,,,countless adj.,
1378,country,国家、国土、在所,1,A1,,,,,,,,,,country n.,
1379,countryside,近郷、地方、田園,4,B1,,,,,,,,,,countryside n.,
1380,county,郡、県、カウンティ,8,B2,,,,,,,,,,county n.,
1381,coup,政変、大金星、クーデター,16,C1,,,,,,,,,,coup n.,
1382,couple,一対、一番、偶力,2,A2,,,,,,,,,,couple n.,
1383,courage,鋭気、肝、胆力,8,B2,,,,,,,,,,courage n.,
1384,course,講座、進路、コース,1,A1,,,,,,,,,,course n.,
1385,court,九重、御殿、公判廷,4,B1,,,,,,,,,,court n.,
1386,courtesy,愛嬌、儀礼、義理,16,C1,,,,,,,,,,courtesy n.,
1387,cousin,従兄、従兄弟、従姉,1,A1,,,,,,,,,,cousin n.,
1388,cover,扱う、掩蔽、掛かる,2,A2,,,,,,,,,,cover v.,
1389,cover,隠れ蓑、掩蓋、掩蔽,4,B1,,,,,,,,,,cover n.,
1390,coverage,対象範囲、報道、有効範囲,8,B2,,,,,,,,,,coverage n.,
1391,covered,扱う、隠れ蓑、掩蓋,4,B1,,,,,,,,,,covered adj.,
1392,covet,欲張る、貪る、欲しがる,32,C2,,,,,,,,,,covet (v),
1393,cow,牛、口取り、雌牛,1,A1,,,,,,,,,,cow n.,
1394,cowboy,牧童、カウボーイ,8,B2,,,,,,,,,,cowboy n.,
1395,crack,割る、割れる、欠く,8,B2,,,,,,,,,,"crack v., n.",
1396,craft,クラフト、一子相伝、技術,16,C1,,,,,,,,,,craft v.,
1397,craft,一子相伝、技術、工芸,8,B2,,,,,,,,,,craft n.,
1398,crash,衝撃、衝突、墜落,8,B2,,,,,,,,,,"crash n., v.",
1399,craven,卑怯,32,C2,,,,,,,,,,craven (adj),
1400,crawl,這う、這いずる、躄る,16,C1,,,,,,,,,,crawl v.,
1401,crazy,狂おしい、頭がおかしい、突拍子もない,2,A2,,,,,,,,,,crazy adj.,
1402,cream,うまい汁、粋、クリーム色,1,A1,,,,,,,,,,cream n.,
1403,cream,粋、うまい汁、クリーム色,4,B1,,,,,,,,,,cream adj.,
1404,create,起こす、作り出す、作り上げる,1,A1,,,,,,,,,,create v.,
1405,creation,開闢、構築、作成,8,B2,,,,,,,,,,creation n.,
1406,creative,創作的、創造的、独創的,2,A2,,,,,,,,,,creative adj.,
1407,creativity,創造性、創造力、独創性,8,B2,,,,,,,,,,creativity n.,
1408,creator,作者、上天、創造者,16,C1,,,,,,,,,,creator n.,
1409,creature,生物、創造物、被造物,8,B2,,,,,,,,,,creature n.,
1410,credibility,信頼性、信憑性、真実性,16,C1,,,,,,,,,,credibility n.,
1411,credible,確たる、実しやか、信用できる,16,C1,,,,,,,,,,credible adj.,
1412,credit,延べ、掛け、器量,2,A2,,,,,,,,,,credit n.,
1413,credit,信憑、延べ、掛け,8,B2,,,,,,,,,,credit v.,
1414,credulous,だまされやすい,32,C2,,,,,,,,,,credulous (adj),
1415,creed,教義、宗教、信仰,32,C2,,,,,,,,,,creed (n),
1416,creep,忍び寄る、這う、這いずる,16,C1,,,,,,,,,,creep v.,
1417,crevasse,罅隙、クレバス,32,C2,,,,,,,,,,crevasse (n),
1418,crew,一味、乗員、乗組,8,B2,,,,,,,,,,crew n.,
1419,crime,悪事、罪、罪悪,2,A2,,,,,,,,,,crime n.,
1420,criminal,下手人、刑事上、罪人,2,A2,,,,,,,,,,criminal n.,
1421,criminal,黒い、下手人、刑事上,4,B1,,,,,,,,,,criminal adj.,
1422,crisis,危機、危急、危局,8,B2,,,,,,,,,,crisis n.,
1423,criterion,尺度、目安、基準,8,B2,,,,,,,,,,criterion n.,
1424,critic,批評家、評論家、評者,8,B2,,,,,,,,,,critic n.,
1425,critical,危ない、危なっかしい、険悪,8,B2,,,,,,,,,,critical adj.,
1426,critically,批判的に、重大に,8,B2,,,,,,,,,,critically adv.,
1427,criticism,攻撃、講評、指弾,8,B2,,,,,,,,,,criticism n.,
1428,criticize,論う、責める、咎める,8,B2,,,,,,,,,,criticize v.,
1429,critique,講評、評論、叱正,16,C1,,,,,,,,,,critique n.,
1430,crop,作、作り物、作物,8,B2,,,,,,,,,,crop n.,
1431,cross,横切る、架かる、掛け合わせる,2,A2,,,,,,,,,,"cross v., n.",
1432,crowd,犇めき、一群、一群れ,2,A2,,,,,,,,,,crowd n.,
1433,crowded,過密、濃密、稠密,2,A2,,,,,,,,,,crowded adj.,
1434,crown,位、王位、王冠,16,C1,,,,,,,,,,crown n.,
1435,crucial,肝要、大事、肝心,8,B2,,,,,,,,,,crucial adj.,
1436,crucible,坩堝,32,C2,,,,,,,,,,crucible (n),
1437,crude,下品、荒っぽい、雑,16,C1,,,,,,,,,,crude adj.,
1438,cruel,因業、際どい、殺生,4,B1,,,,,,,,,,cruel adj.,
1439,cruise,回航、航海、航行,8,B2,,,,,,,,,,"cruise n., v.",
1440,crush,圧倒、押しつぶす、混雑,16,C1,,,,,,,,,,crush v.,
1441,crux,核心、肝、急所,32,C2,,,,,,,,,,crux (n),
1442,cry,喚く、泣き喚く、泣き声,2,A2,,,,,,,,,,cry v.,
1443,cry,泣き声、人声、鳴き声,8,B2,,,,,,,,,,cry n.,
1444,crypt,納骨堂,32,C2,,,,,,,,,,crypt (n),
1445,crystal,結晶、鉱石、水晶,16,C1,,,,,,,,,,crystal n.,
1446,cue,合図、弁髪、切っ掛け,8,B2,,,,,,,,,,cue n.,
1447,culminate,最後を飾る,32,C2,,,,,,,,,,culminate (v),
1448,culpable,非難に値する、有罪の,32,C2,,,,,,,,,,culpable (adj),
1449,culprit,犯罪者、犯人、犯罪人,32,C2,,,,,,,,,,culprit (n),
1450,cult,崇拝、カルト,16,C1,,,,,,,,,,"cult n., adj.",
1451,cultivate,耕す、修める、生やす,16,C1,,,,,,,,,,cultivate v.,
1452,cultural,文化的、文化系,4,B1,,,,,,,,,,cultural adj.,
1453,culture,拉丁、教育、教養,1,A1,,,,,,,,,,culture n.,
1454,cunning,悪賢い、巧み、食えない,32,C2,,,,,,,,,,cunning (adj),
1455,cup,杯、コップ座、カップ,1,A1,,,,,,,,,,cup n.,
1456,cupboard,下駄箱、戸棚、食器棚,4,B1,,,,,,,,,,cupboard n.,
1457,cupidity,強欲、貪欲,32,C2,,,,,,,,,,cupidity (n),
1458,cure,矯める、矯め直す、散らす,8,B2,,,,,,,,,,"cure v., n.",
1459,curiosity,怪異、興味、好奇心,16,C1,,,,,,,,,,curiosity n.,
1460,curious,奇妙、床しい、珍,8,B2,,,,,,,,,,curious adj.,
1461,curly,巻き毛の,2,A2,,,,,,,,,,curly adj.,
1462,curmudgeon,気難しい人、偏屈者,32,C2,,,,,,,,,,curmudgeon (n),
1463,currency,貨幣、現金、通貨,4,B1,,,,,,,,,,currency n.,
1464,current,一水、現行、現在,8,B2,,,,,,,,,,current n.,
1465,current,今風、今い、一水,4,B1,,,,,,,,,,current adj.,
1466,currently,現在、当面、今のところ,4,B1,,,,,,,,,,currently adv.,
1467,curriculum,課程、教科、科目,8,B2,,,,,,,,,,curriculum n.,
1468,cursory,通り一遍,32,C2,,,,,,,,,,cursory (adj),
1469,curtail,削る、省く、節する,32,C2,,,,,,,,,,curtail (v),
1470,curtain,幕、帷帳、帷幕,4,B1,,,,,,,,,,curtain n.,
1471,curve,曲がる、曲げる、切れる,8,B2,,,,,,,,,,"curve n., v.",
1472,curved,丸い、曲がった、山なり,8,B2,,,,,,,,,,curved adj.,
1473,custody,引致、検束、勾引,16,C1,,,,,,,,,,custody n.,
1474,custom,外注、慣習、慣例,4,B1,,,,,,,,,,custom n.,
1475,customer,お客さん、お客様、客,1,A1,,,,,,,,,,customer n.,
1476,cut,切る,1,A1,,,,,,,,,,cut v.,
1477,cut,切る,4,B1,,,,,,,,,,cut n.,
1478,cute,可憐、眩い、可愛い,8,B2,,,,,,,,,,cute adj.,
1479,cutting,開削、刻、裁ち,16,C1,,,,,,,,,,cutting n.,
1480,cycle,繰り返し、循環、連作,2,A2,,,,,,,,,,"cycle n., v.",
1481,cynical,僻みっぽい、シニカル,16,C1,,,,,,,,,,cynical adj.,
1482,dad,お父さん、父さん、御父つぁん,1,A1,,,,,,,,,,dad n.,
1483,daft,ばかな、愚かな,32,C2,,,,,,,,,,daft (adj),
1484,daily,日常、日々、日に日に,2,A2,,,,,,,,,,daily adj.,
1485,daily,日常、日々、日に日に,4,B1,,,,,,,,,,daily adv.,
1486,dairy,牛乳屋、ミルクプラント,8,B2,,,,,,,,,,"dairy n., adj.",
1487,dalliance,戯れ、ぐずぐずすること,32,C2,,,,,,,,,,dalliance (n),
1488,dam,堰堤、堰、ダム,16,C1,,,,,,,,,,dam n.,
1489,damage,汚損、壊す、故障,4,B1,,,,,,,,,,"damage n., v.",
1490,damaging,損、加害、汚損,16,C1,,,,,,,,,,damaging adj.,
1491,dance,奏でる、停止、舞う,1,A1,,,,,,,,,,"dance n., v.",
1492,dancer,踊り子、立方、踊り手,1,A1,,,,,,,,,,dancer n.,
1493,dancing,舞踏、舞踊、舞蹈,1,A1,,,,,,,,,,dancing n.,
1494,danger,危害、危険、危険性,2,A2,,,,,,,,,,danger n.,
1495,dangerous,危うい、危ない、危なっかしい,1,A1,,,,,,,,,,dangerous adj.,
1496,dare,挑戦、肝試し,8,B2,,,,,,,,,,dare v.,
1497,dark,暗い、暗然、暗愚,1,A1,,,,,,,,,,dark adj.,
1498,dark,暗闇、闇、暗愚,2,A2,,,,,,,,,,dark n.,
1499,darkness,暗がり、暗闇、闇,8,B2,,,,,,,,,,darkness n.,
1500,data,材料、資料、所与,2,A2,,,,,,,,,,data n.,
1501,database,データベース,8,B2,,,,,,,,,,database n.,
1502,date,逢瀬、会う約束、鏡,1,A1,,,,,,,,,,date n.,
1503,date,会う約束、始まる、約束,8,B2,,,,,,,,,,date v.,
1504,daughter,お嬢さん、御令嬢、女,1,A1,,,,,,,,,,daughter n.,
1505,daunting,ひるませるような、手ごわい,32,C2,,,,,,,,,,daunting (adj),
1506,dawdle,油を売る、愚図つく,32,C2,,,,,,,,,,dawdle (v),
1507,dawn,暁、暁天、鶏鳴,16,C1,,,,,,,,,,dawn n.,
1508,day,禁忌、時、当日,1,A1,,,,,,,,,,day n.,
1509,dead,亡い、死者、仏,2,A2,,,,,,,,,,dead adj.,
1510,deadline,期限、日、締め切り,8,B2,,,,,,,,,,deadline n.,
1511,deadly,亡い、殺人的、死者,8,B2,,,,,,,,,,deadly adj.,
1512,deal,プラン、加える、食らわす,4,B1,,,,,,,,,,deal n.,
1513,deal,加える、食らわす、食らわせる,2,A2,,,,,,,,,,deal v.,
1514,dealer,業者、商、親,8,B2,,,,,,,,,,dealer n.,
1515,dear,親愛なる、大切な,1,A1,,,,,,,,,,dear adj.,
1516,dearth,払底,32,C2,,,,,,,,,,dearth (n),
1517,death,永眠、往生、棄世,2,A2,,,,,,,,,,death n.,
1518,debacle,敗走、大失敗,32,C2,,,,,,,,,,debacle (n),
1519,debate,討議、討論、付議,8,B2,,,,,,,,,,"debate n., v.",
1520,debilitate,衰弱させる,32,C2,,,,,,,,,,debilitate (v),
1521,debonair,洗練された、愛想のよい,32,C2,,,,,,,,,,debonair (adj),
1522,debris,瓦礫、砕片、残骸,16,C1,,,,,,,,,,debris n.,
1523,debt,債、債務、借り,8,B2,,,,,,,,,,debt n.,
1524,debunk,誤りを暴く,32,C2,,,,,,,,,,debunk (v),
1525,debut,出初め、披露目、お披露目,16,C1,,,,,,,,,,debut n.,
1526,decade,一昔、桁、旬,4,B1,,,,,,,,,,decade n.,
1527,decadence,退廃、廃退、頽唐,32,C2,,,,,,,,,,decadence (n),
1528,deceitful,罪作り,32,C2,,,,,,,,,,deceitful (adj),
1529,December,１２月、師走、極月,1,A1,,,,,,,,,,December n.,
1530,decent,碌、真っ当、端正,8,B2,,,,,,,,,,decent adj.,
1531,decide,決する、決める、裁く,1,A1,,,,,,,,,,decide v.,
1532,decimate,大量に破壊する、激減させる,32,C2,,,,,,,,,,decimate (v),
1533,decision,確定、議決、決意,2,A2,,,,,,,,,,decision n.,
1534,decision-making,意思決定、デシジョンメーキング,16,C1,,,,,,,,,,decision-making n.,
1535,decisive,果断、決然、決定的,16,C1,,,,,,,,,,decisive adj.,
1536,deck,山、甲板、山札,8,B2,,,,,,,,,,deck n.,
1537,declaration,言伝、言明、公言,16,C1,,,,,,,,,,declaration n.,
1538,declare,言い切る、言い放つ、言い立てる,8,B2,,,,,,,,,,declare v.,
1539,decline,移ろう、萎靡、下押す,8,B2,,,,,,,,,,"decline v., n.",
1540,decorate,遇う、彩る、作り立てる,8,B2,,,,,,,,,,decorate v.,
1541,decoration,勲章、彩り、作り物,8,B2,,,,,,,,,,decoration n.,
1542,decorous,礼儀正しい,32,C2,,,,,,,,,,decorous (adj),
1543,decorum,礼節,32,C2,,,,,,,,,,decorum (n),
1544,decrease,緩む、減らす、減る,8,B2,,,,,,,,,,"decrease v., n.",
1545,decree,詔書、詔勅、判決,32,C2,,,,,,,,,,decree (n),
1546,decrepit,よぼよぼ、ガタガタ,32,C2,,,,,,,,,,decrepit (adj),
1547,decry,公然と非難する,32,C2,,,,,,,,,,decry (v),
1548,dedicated,献身的な、専用の,16,C1,,,,,,,,,,dedicated adj.,
1549,dedication,献身、献呈、奉献,16,C1,,,,,,,,,,dedication n.,
1550,deed,業、行為、仕業,16,C1,,,,,,,,,,deed n.,
1551,deem,認める、見なす,16,C1,,,,,,,,,,deem v.,
1552,deep,奥深い、海溝、厚い,2,A2,,,,,,,,,,deep adj.,
1553,deep,幽々、奥深い、海原,4,B1,,,,,,,,,,deep adv.,
1554,deeply,幽々、沁み沁み、熟,8,B2,,,,,,,,,,deeply adv.,
1555,defamation,中傷、毀損、讒言,32,C2,,,,,,,,,,defamation (n),
1556,default,違約、省略時、滞納,16,C1,,,,,,,,,,default n.,
1557,defeat,下す、撃つ、打ち勝つ,8,B2,,,,,,,,,,"defeat v., n.",
1558,defect,過失、欠陥、欠点,16,C1,,,,,,,,,,defect n.,
1559,defend,支える、守る、庇う,8,B2,,,,,,,,,,defend v.,
1560,defender,弁護者、弁護人、擁護者,8,B2,,,,,,,,,,defender n.,
1561,defense,警備、固め、守り,8,B2,,,,,,,,,,defense n.,
1562,defensive,受身、守備的、言い訳がましい,16,C1,,,,,,,,,,defensive adj.,
1563,deference,恭倹、遅延処理,32,C2,,,,,,,,,,deference (n),
1564,deficiency,欠陥、欠如、不足,16,C1,,,,,,,,,,deficiency n.,
1565,deficit,欠損、穴、赤字,16,C1,,,,,,,,,,deficit n.,
1566,define,定義する,4,B1,,,,,,,,,,define v.,
1567,definite,一定、確実、具象的,4,B1,,,,,,,,,,definite adj.,
1568,definitely,絶対、断然、必ずや,2,A2,,,,,,,,,,definitely adv.,
1569,definition,確定、定義、明確化,4,B1,,,,,,,,,,definition n.,
1570,deflate,萎む,32,C2,,,,,,,,,,deflate (v),
1571,defunct,機能していない、廃止された,32,C2,,,,,,,,,,defunct (adj),
1572,defy,逆らう、凌ぐ、歯向かう,16,C1,,,,,,,,,,defy v.,
1573,degree,位、一籌、加減,2,A2,,,,,,,,,,degree n.,
1574,dehort,思いとどまらせる,32,C2,,,,,,,,,,dehort (v),
1575,deign,もったいぶって〜する,32,C2,,,,,,,,,,deign (v),
1576,deity,神、神明、カムイ,32,C2,,,,,,,,,,deity (n),
1577,delay,滑らす、延引、延滞,8,B2,,,,,,,,,,"delay v., n.",
1578,delegate,協議員、使節、代議員,16,C1,,,,,,,,,,delegate n.,
1579,delegation,委任、使節団、代議員団,16,C1,,,,,,,,,,delegation n.,
1580,delete,削る、消す、あぼーん,8,B2,,,,,,,,,,delete v.,
1581,deleterious,有害な,32,C2,,,,,,,,,,deleterious (adj),
1582,deliberate,慎重、念入り、悠長,8,B2,,,,,,,,,,deliberate adj.,
1583,deliberately,改めて、敢えて、殊更,8,B2,,,,,,,,,,deliberately adv.,
1584,deliberation,凝議、考え、思案,32,C2,,,,,,,,,,deliberation (n),
1585,delicate,か弱い、華奢、際どい,16,C1,,,,,,,,,,delicate adj.,
1586,delicious,結構、上手い、美味しい,1,A1,,,,,,,,,,delicious adj.,
1587,delighted,嬉しい、歓然、快事,8,B2,,,,,,,,,,delighted adj. B2,
1588,delineate,描き出す,32,C2,,,,,,,,,,delineate (v),
1589,delineation,線引き、点出,32,C2,,,,,,,,,,delineation (n),
1590,delirium,夢中、せん妄,32,C2,,,,,,,,,,delirium (n),
1591,deliver,寄せる、差し入れる、取り上げる,4,B1,,,,,,,,,,deliver v.,
1592,deliverance,救出,32,C2,,,,,,,,,,deliverance (n),
1593,delivery,お産、給付、供出,8,B2,,,,,,,,,,delivery n.,
1594,deluge,殺到、氾濫、大洪水,32,C2,,,,,,,,,,deluge (n),
1595,demagogue,扇動家、デマゴーグ、デム,32,C2,,,,,,,,,,demagogue (n),
1596,demand,求める、催促、請求,8,B2,,,,,,,,,,"demand n., v.",
1597,demarcation,画定、区分、区分け,32,C2,,,,,,,,,,demarcation (n),
1598,demean,卑しめる,32,C2,,,,,,,,,,demean (v),
1599,demeanour,態度、風姿、物腰,32,C2,,,,,,,,,,demeanour (n),
1600,demise,移転、終焉、崩御,32,C2,,,,,,,,,,demise (n),
1601,democracy,平民主義、民主、民主主義,8,B2,,,,,,,,,,democracy n.,
1602,democratic,民主的、デモクラティック、デモクラチック,8,B2,,,,,,,,,,democratic adj.,
1603,demon,お化け、悪鬼、悪魔,16,C1,,,,,,,,,,demon n.,
1604,demonstrate,示す、説き示す、デモる,8,B2,,,,,,,,,,demonstrate v.,
1605,demonstration,実演、実証、証明,8,B2,,,,,,,,,,demonstration n.,
1606,demur,異議を唱える,32,C2,,,,,,,,,,demur (v),
1607,demure,大人しやか,32,C2,,,,,,,,,,demure (adj),
1608,denial,拒否、否定、否認,16,C1,,,,,,,,,,denial n.,
1609,denigrate,中傷する、けなす,32,C2,,,,,,,,,,denigrate (v),
1610,denouement,大団円、大円団,32,C2,,,,,,,,,,denouement (n),
1611,denounce,こき下ろす、吊し上げる,16,C1,,,,,,,,,,denounce v.,
1612,dense,深い、濃い、濃厚,16,C1,,,,,,,,,,dense adj.,
1613,density,濃度、密度,16,C1,,,,,,,,,,density n.,
1614,dentist,歯医者、歯科医、歯科医師,2,A2,,,,,,,,,,dentist n.,
1615,deny,拒む、争う、動かす,8,B2,,,,,,,,,,deny v.,
1616,depart,曲げる、就く、出る,8,B2,,,,,,,,,,depart v.,
1617,department,科、課、学科,2,A2,,,,,,,,,,department n.,
1618,departure,逸脱、出駕、出航,4,B1,,,,,,,,,,departure n.,
1619,depend,場合による,2,A2,,,,,,,,,,depend v.,
1620,dependence,依拠、依存性、依頼,16,C1,,,,,,,,,,dependence n.,
1621,dependent,隷属的、従属的、厄介者,8,B2,,,,,,,,,,dependent adj.,
1622,depict,描く、映し出す,16,C1,,,,,,,,,,depict v.,
1623,deplete,取り尽くす、取り切る,32,C2,,,,,,,,,,deplete (v),
1624,deplorable,遺憾、見苦しい、残念,32,C2,,,,,,,,,,deplorable (adj),
1625,deplore,嘆く、嘆じる、嘆ずる,32,C2,,,,,,,,,,deplore (v),
1626,deploy,動かす,16,C1,,,,,,,,,,deploy v.,
1627,deployment,疎開、展開、派遣,16,C1,,,,,,,,,,deployment n.,
1628,deposit,仮納、供託、貯金,8,B2,,,,,,,,,,"deposit n., v.",
1629,depravity,汚れ、堕落、不徳,32,C2,,,,,,,,,,depravity (n),
1630,depressed,暗い、陰鬱、気が重い,8,B2,,,,,,,,,,depressed adj.,
1631,depressing,重たい、鬱陶しい、暗澹,8,B2,,,,,,,,,,depressing adj.,
1632,depression,引っ込み、凹所、陥没,8,B2,,,,,,,,,,depression n.,
1633,deprive,奪う,16,C1,,,,,,,,,,deprive v.,
1634,depth,奥行き、厚み、深さ,8,B2,,,,,,,,,,depth n.,
1635,deputy,心得、代人、代理,16,C1,,,,,,,,,,deputy n.,
1636,derelict,河原者,32,C2,,,,,,,,,,derelict (adj),
1637,deride,弄する、嬲る,32,C2,,,,,,,,,,deride (v),
1638,derisive,冷笑的,32,C2,,,,,,,,,,derisive (adj),
1639,derive,導き出す、導く、引き出す,8,B2,,,,,,,,,,derive v.,
1640,derogatory,侮蔑的,32,C2,,,,,,,,,,derogatory (adj),
1641,descend,下る、雪崩れる、沈む,16,C1,,,,,,,,,,descend v.,
1642,descent,下り坂、下降、滑降,16,C1,,,,,,,,,,descent n.,
1643,describe,書き表す、叙する、話す,1,A1,,,,,,,,,,describe v.,
1644,description,記述、写生、叙景,1,A1,,,,,,,,,,description n.,
1645,desecrate,冒す,32,C2,,,,,,,,,,desecrate (v),
1646,desert,黄砂、荒野、砂漠,2,A2,,,,,,,,,,desert n.,
1647,desert,見捨てる、捨てる、突き放す,8,B2,,,,,,,,,,desert v.,
1648,deserve,足りる、足る、値する,8,B2,,,,,,,,,,deserve v.,
1649,design,意図、企てる、企画,1,A1,,,,,,,,,,"design n., v.",
1650,designate,呼ぶ、補す、補する,16,C1,,,,,,,,,,designate v.,
1651,designer,設計者、図案家、考案者,2,A2,,,,,,,,,,designer n.,
1652,desirable,願わしい、好ましい、美味しい,16,C1,,,,,,,,,,desirable adj.,
1653,desire,願う、志願、志望,8,B2,,,,,,,,,,"desire n., v.",
1654,desk,案、机、卓,1,A1,,,,,,,,,,desk n.,
1655,desktop,机上、卓上、据え置き型,16,C1,,,,,,,,,,desktop n.,
1656,desolation,寂然、寂寞、寂しさ,32,C2,,,,,,,,,,desolation (n),
1657,desperate,躍起、必死、自棄糞,8,B2,,,,,,,,,,desperate adj.,
1658,desperately,一所懸命、遮二無二、やけに,8,B2,,,,,,,,,,desperately adv.,
1659,despite,所が、乍ら、にも関わらず,4,B1,,,,,,,,,,despite prep.,
1660,despondency,虚脱、失意、落胆,32,C2,,,,,,,,,,despondency (n),
1661,despondent,力なげ、物憂げ、気落ち,32,C2,,,,,,,,,,despondent (adj),
1662,dessert,甘味、デサール、デザート,2,A2,,,,,,,,,,dessert n.,
1663,destination,行き先、行き場、先,4,B1,,,,,,,,,,destination n.,
1664,destitute,貧乏、乏しい、素寒貧,32,C2,,,,,,,,,,destitute (adj),
1665,destroy,壊す、撃つ、殺す,2,A2,,,,,,,,,,destroy v.,
1666,destruction,隠滅、壊滅、駆除,8,B2,,,,,,,,,,destruction n.,
1667,destructive,破壊的,16,C1,,,,,,,,,,destructive adj.,
1668,desultory,散漫、漫然,32,C2,,,,,,,,,,desultory (adj),
1669,detachment,支隊、独立班、剥離,32,C2,,,,,,,,,,detachment (n),
1670,detail,書き立てる、分遣、作り込む,8,B2,,,,,,,,,,detail v.,
1671,detail,点、内容、木目,1,A1,,,,,,,,,,detail n.,
1672,detailed,克明、細か、細やか,8,B2,,,,,,,,,,detailed adj.,
1673,detain,括る、止める、留め置く,16,C1,,,,,,,,,,detain v.,
1674,detect,見出す、見抜く、探し当てる,8,B2,,,,,,,,,,detect v.,
1675,detection,検出、検波、探知,16,C1,,,,,,,,,,detection n.,
1676,detective,刑事、探偵、でか,2,A2,,,,,,,,,,detective n.,
1677,detention,居残り、検束、拘禁,16,C1,,,,,,,,,,detention n.,
1678,deter,思いとどまらせる、抑止する,32,C2,,,,,,,,,,deter (v),
1679,deteriorate,下がる、崩れる、荒む,16,C1,,,,,,,,,,deteriorate v.,
1680,determination,拘り、意志、決意,8,B2,,,,,,,,,,determination n.,
1681,determine,決する、決める、見極める,4,B1,,,,,,,,,,determine v.,
1682,determined,果敢、決然、強か,4,B1,,,,,,,,,,determined adj.,
1683,detestable,厭わしい、憎い、憎らしい,32,C2,,,,,,,,,,detestable (adj),
1684,detriment,損害、不利益,32,C2,,,,,,,,,,detriment (n),
1685,detrimental,有害な、不利益な,32,C2,,,,,,,,,,detrimental (adj),
1686,devastate,荒らす、吹き荒れる、踏み荒らす,16,C1,,,,,,,,,,devastate v.,
1687,develop,育てる、開く、開ける,2,A2,,,,,,,,,,develop v.,
1688,development,沿革、開拓、開発,4,B1,,,,,,,,,,development n.,
1689,deviation,逸脱、狂い、脱線,32,C2,,,,,,,,,,deviation (n),
1690,device,絡繰り、機器、工夫,2,A2,,,,,,,,,,device n.,
1691,devil,悪鬼、悪魔、外道,16,C1,,,,,,,,,,devil n.,
1692,devious,陰湿、ずる賢い,32,C2,,,,,,,,,,devious (adj),
1693,devise,案出、考える、考え出す,16,C1,,,,,,,,,,devise v.,
1694,devoid,欠いている,32,C2,,,,,,,,,,devoid (adj),
1695,devote,凝らす、尽くす、費やす,8,B2,,,,,,,,,,devote v.,
1696,dexterity,巧拙、手際、手前,32,C2,,,,,,,,,,dexterity (n),
1697,dexterous,器用、巧み,32,C2,,,,,,,,,,dexterous (adj),
1698,diagnose,見立てる,16,C1,,,,,,,,,,diagnose v.,
1699,diagnosis,診断、見立て、調査分析,16,C1,,,,,,,,,,diagnosis n.,
1700,diagram,図、図式、図表,4,B1,,,,,,,,,,diagram n.,
1701,dialectic,弁証法、弁証法的、問答法,32,C2,,,,,,,,,,dialectic (n),
1702,dialogue,対談、対話、談話,1,A1,,,,,,,,,,dialogue n.,
1703,diamond,金剛、金剛石、内野,4,B1,,,,,,,,,,diamond n.,
1704,diaphanous,透き通った、薄く軽い,32,C2,,,,,,,,,,diaphanous (adj),
1705,diary,日記、手帳、日記帳,2,A2,,,,,,,,,,diary n.,
1706,diaspora,ディアスポラ,32,C2,,,,,,,,,,diaspora (n),
1707,diatribe,痛烈な批判、長い非難演説,32,C2,,,,,,,,,,diatribe (n),
1708,dichotomy,二股、二分法,32,C2,,,,,,,,,,dichotomy (n),
1709,dictate,決定づける,16,C1,,,,,,,,,,dictate v.,
1710,dictator,独裁者、ビッグブラザー,16,C1,,,,,,,,,,dictator n.,
1711,dictionary,字引、辞書、辞典,1,A1,,,,,,,,,,dictionary n.,
1712,didactic,教訓的な、説教じみた,32,C2,,,,,,,,,,didactic (adj),
1713,die,果てる、枯れる、参る,1,A1,,,,,,,,,,die v.,
1714,diet,議院、議会、食事,1,A1,,,,,,,,,,diet n.,
1715,differ,異なる、違う、食い違う,8,B2,,,,,,,,,,differ v.,
1716,difference,異同、違い、隔たり,1,A1,,,,,,,,,,difference n.,
1717,different,異質、不一、別,1,A1,,,,,,,,,,different adj.,
1718,differentiate,見分ける、分ける、特色づける,16,C1,,,,,,,,,,differentiate v.,
1719,differently,違って、別の方法で,2,A2,,,,,,,,,,differently adv.,
1720,difficult,緩い、苦しい、厳しい,1,A1,,,,,,,,,,difficult adj.,
1721,difficulty,苦労、困難、支障,4,B1,,,,,,,,,,difficulty n.,
1722,diffident,遠慮がち,32,C2,,,,,,,,,,diffident (adj),
1723,dig,掘る、切る、発掘調査,8,B2,,,,,,,,,,dig v.,
1724,digital,ディジタル計数形、デジタル、デジ,2,A2,,,,,,,,,,digital adj.,
1725,dignity,威儀、威厳、威信,16,C1,,,,,,,,,,dignity n.,
1726,dilatory,ぐずぐずした、遅延の,32,C2,,,,,,,,,,dilatory (adj),
1727,dilemma,窮地、苦境、困却,16,C1,,,,,,,,,,dilemma n.,
1728,diligence,勤倹、出精、精進,32,C2,,,,,,,,,,diligence (n),
1729,diligently,汲々、鋭意、怠りなく,32,C2,,,,,,,,,,diligently (adv),
1730,dime,びた一文、ダイム,8,B2,,,,,,,,,,dime n.,
1731,dimension,区間、次元、寸法,16,C1,,,,,,,,,,dimension n.,
1732,diminish,減らす、減る、縮む,16,C1,,,,,,,,,,diminish v.,
1733,diminution,減額、減損、減弱,32,C2,,,,,,,,,,diminution (n),
1734,dingy,小汚い、貧乏臭い,32,C2,,,,,,,,,,dingy (adj),
1735,dinner,一座、宴会、午餐,1,A1,,,,,,,,,,dinner n.,
1736,dip,傾斜、浸す、漬ける,16,C1,,,,,,,,,,dip v.,
1737,diplomat,外交官、外交使節、外交家,16,C1,,,,,,,,,,diplomat n.,
1738,diplomatic,外交的、古文書学、外交上,16,C1,,,,,,,,,,diplomatic n.,
1739,direct,直接、真っ直ぐ、真直ぐ,4,B1,,,,,,,,,,"direct v., adv.",
1740,direct,明白、単刀直入、端的,2,A2,,,,,,,,,,direct adj.,
1741,direction,演出、監督、禁忌,2,A2,,,,,,,,,,direction n.,
1742,directly,一路、口ずから、直ぐ,4,B1,,,,,,,,,,directly adv.,
1743,director,院長、監督、館長,2,A2,,,,,,,,,,director n.,
1744,directory,興信録、人名簿、人名録,16,C1,,,,,,,,,,directory n.,
1745,dirge,哀歌、弔歌、悲歌,32,C2,,,,,,,,,,dirge (n),
1746,dirt,汚物、垢、塵,4,B1,,,,,,,,,,dirt n.,
1747,dirty,泥々、淫ら、汚い,1,A1,,,,,,,,,,dirty adj.,
1748,disability,障害、廃疾、不自由,8,B2,,,,,,,,,,disability n.,
1749,disabled,体の不自由、無効にする、ディセーブル,8,B2,,,,,,,,,,disabled adj.,
1750,disadvantage,一失、損、短所,4,B1,,,,,,,,,,disadvantage n.,
1751,disaffection,離反,32,C2,,,,,,,,,,disaffection (n),
1752,disagree,異なる、揉める、相反する,2,A2,,,,,,,,,,disagree v.,
1753,disagreement,不一致、不賛成、不承,8,B2,,,,,,,,,,disagreement n.,
1754,disappear,萎える、隠れる、散る,2,A2,,,,,,,,,,disappear v.,
1755,disappoint,失望させる,8,B2,,,,,,,,,,disappoint v.,
1756,disappointed,暗然、憮然、がっくり,4,B1,,,,,,,,,,disappointed adj.,
1757,disappointing,詰らない、残念、惜しい,4,B1,,,,,,,,,,disappointing adj.,
1758,disappointment,失意、失望、悲観,8,B2,,,,,,,,,,disappointment n.,
1759,disaster,異変、災い、災禍,2,A2,,,,,,,,,,disaster n.,
1760,disastrous,悲惨,16,C1,,,,,,,,,,disastrous adj.,
1761,discard,捨てる、切り捨てる、打っちゃる,16,C1,,,,,,,,,,discard v.,
1762,discern,悟る、弁える、嗅ぎ分ける,32,C2,,,,,,,,,,discern (v),
1763,discernment,鑑識、眼光、見識,32,C2,,,,,,,,,,discernment (n),
1764,discharge,解雇、解職、解任,16,C1,,,,,,,,,,discharge v.,
1765,disciple,使徒、信仰者、門下生,32,C2,,,,,,,,,,disciple (n),
1766,discipline,戒律、学問、規律,8,B2,,,,,,,,,,discipline n.,
1767,disclose,さらけ出す、すっぱ抜く、暴く,16,C1,,,,,,,,,,disclose v.,
1768,disclosure,開示、口外、すっぱ抜き,16,C1,,,,,,,,,,disclosure n.,
1769,discord,確執、葛藤、仲違い,32,C2,,,,,,,,,,discord (n),
1770,discordant,不調和な、耳障りな,32,C2,,,,,,,,,,discordant (adj),
1771,discount,割り引く、割る、切る,8,B2,,,,,,,,,,discount v.,
1772,discount,負け、勉強、値引き,4,B1,,,,,,,,,,discount n.,
1773,discourage,挫く、削ぐ、腐らす,8,B2,,,,,,,,,,discourage v.,
1774,discourse,言説、講話、談義,16,C1,,,,,,,,,,discourse n.,
1775,discover,見出す、洗い出す、探し当てる,2,A2,,,,,,,,,,discover v.,
1776,discovery,創製、発覚、発掘,2,A2,,,,,,,,,,discovery n.,
1777,discrepancy,違い、懸隔、錯誤,32,C2,,,,,,,,,,discrepancy (n),
1778,discretion,遠慮、計らい、裁量,16,C1,,,,,,,,,,discretion n.,
1779,discrimination,鑑識、鑑別、眼識,16,C1,,,,,,,,,,discrimination n.,
1780,discuss,論う、扱う、諮る,1,A1,,,,,,,,,,discuss v.,
1781,discussion,会談、議論、協議,2,A2,,,,,,,,,,discussion n.,
1782,disdain,軽視、軽蔑、指弾,32,C2,,,,,,,,,,disdain (n) / disdain (v),
1783,disease,疾患、疾病、病,2,A2,,,,,,,,,,disease n.,
1784,dish,一皿、一品、皿,1,A1,,,,,,,,,,dish n.,
1785,dishevelled,くしゃくしゃ、もじゃもじゃ、ボサボサ,32,C2,,,,,,,,,,dishevelled (adj),
1786,dishonest,悪どい、非良心的、不純,8,B2,,,,,,,,,,dishonest adj.,
1787,disillusionment,つや消し、幻滅、覚醒,32,C2,,,,,,,,,,disillusionment (n),
1788,disingenuous,不誠実な、率直でない,32,C2,,,,,,,,,,disingenuous (adj),
1789,disinterested,無欲、無私、恬淡,32,C2,,,,,,,,,,disinterested (adj),
1790,disjointed,途切れがち、互いに素,32,C2,,,,,,,,,,disjointed (adj),
1791,disk,円盤、盤、円板,8,B2,,,,,,,,,,disk n.,
1792,dislike,厭う、厭悪、嫌う,4,B1,,,,,,,,,,"dislike v., n.",
1793,dismay,恐怖、周章狼狽、狼狽,32,C2,,,,,,,,,,dismay (n) / dismay (v),
1794,dismiss,解く、首を切る、切る,8,B2,,,,,,,,,,dismiss v.,
1795,dismissal,解雇、解職、解任,16,C1,,,,,,,,,,dismissal n.,
1796,disorder,異常、混雑、混濁,8,B2,,,,,,,,,,disorder n.,
1797,disparage,こき下ろす、貶す,32,C2,,,,,,,,,,disparage (v),
1798,disparate,全く異なる、異種の,32,C2,,,,,,,,,,disparate (adj),
1799,disparity,凹凸、格差、差異,32,C2,,,,,,,,,,disparity (n),
1800,dispassionate,淡々,32,C2,,,,,,,,,,dispassionate (adj),
1801,dispel,解く、拭う、吹き飛ばす,32,C2,,,,,,,,,,dispel (v),
1802,dispensation,摂理、分注、分与,32,C2,,,,,,,,,,dispensation (n),
1803,dispense,分配する、不要にする,32,C2,,,,,,,,,,dispense (v),
1804,displace,移し変える,16,C1,,,,,,,,,,displace v.,
1805,display,開示、掲げる、見せる,8,B2,,,,,,,,,,"display v., n.",
1806,disposal,始末、処分、処理,16,C1,,,,,,,,,,disposal n.,
1807,dispose,ほかす,16,C1,,,,,,,,,,dispose v.,
1808,disposition,意気、意趣、意地,32,C2,,,,,,,,,,disposition (n),
1809,dispute,議論、言い争う、口論,16,C1,,,,,,,,,,"dispute n., v.",
1810,disrepute,不評、悪評,32,C2,,,,,,,,,,disrepute (n),
1811,disrupt,引き裂く、破る、引っ掻き回す,16,C1,,,,,,,,,,disrupt v.,
1812,disruption,破壊,16,C1,,,,,,,,,,disruption n.,
1813,disseminate,言いふらす、広める、通じる,32,C2,,,,,,,,,,disseminate (v),
1814,dissension,争い、不和、紛議,32,C2,,,,,,,,,,dissension (n),
1815,dissent,異議、反対、不承,32,C2,,,,,,,,,,dissent (n),
1816,dissertation,学位論文、論説、論述,32,C2,,,,,,,,,,dissertation (n),
1817,dissident,反体制の、反体制派,32,C2,,,,,,,,,,dissident (n),
1818,dissipate,解ける、すり潰す,32,C2,,,,,,,,,,dissipate (v),
1819,dissolution,解体、放縦、溶解,32,C2,,,,,,,,,,dissolution (n),
1820,dissolve,解く、散る、溶かす,16,C1,,,,,,,,,,dissolve v.,
1821,dissonance,不一致、不調和、不協和音,32,C2,,,,,,,,,,dissonance (n),
1822,distance,遠近、隔たり、間,2,A2,,,,,,,,,,distance n.,
1823,distant,遠い、疎い、余所余所しい,8,B2,,,,,,,,,,distant adj.,
1824,distinct,画然、鮮明、判然,8,B2,,,,,,,,,,distinct adj.,
1825,distinction,違い、栄達、隔て,16,C1,,,,,,,,,,distinction n.,
1826,distinctive,異色、個性的、独自,16,C1,,,,,,,,,,distinctive adj.,
1827,distinguish,噛み分ける、見分ける、分かつ,8,B2,,,,,,,,,,distinguish v.,
1828,distort,こじ付ける、曲げる、ねじ曲げる,16,C1,,,,,,,,,,distort v.,
1829,distract,散らす、転じる、転ずる,8,B2,,,,,,,,,,distract v.,
1830,distress,窮迫、苦しめる、苦渋,16,C1,,,,,,,,,,"distress n., v.",
1831,distribute,割り振る、割り当てる、撒く,8,B2,,,,,,,,,,distribute v.,
1832,distribution,配給、配合、配布,8,B2,,,,,,,,,,distribution n.,
1833,district,一区、街、区,4,B1,,,,,,,,,,district n.,
1834,disturb,取り乱す、かき回す、かき乱す,8,B2,,,,,,,,,,disturb v.,
1835,disturbing,不穏、取り乱す、かき回す,16,C1,,,,,,,,,,disturbing adj.,
1836,dive,転落、飛び込む、潜る,8,B2,,,,,,,,,,"dive v., n.",
1837,diverse,多彩、多様、様々,8,B2,,,,,,,,,,diverse adj.,
1838,diversity,多元、多種多様、多様性,8,B2,,,,,,,,,,diversity n.,
1839,divert,逸らす、散らす、紛らす,16,C1,,,,,,,,,,divert v.,
1840,divide,画する、隔てる、割る,4,B1,,,,,,,,,,divide v.,
1841,divide,巷、断絶、分水界,8,B2,,,,,,,,,,divide n.,
1842,divination,周易、占い、卜,32,C2,,,,,,,,,,divination (n),
1843,divine,神々しい、占い当てる、占う,16,C1,,,,,,,,,,divine adj.,
1844,division,課、区処、区分,8,B2,,,,,,,,,,division n.,
1845,divorce,縁切り、去る、夫婦別れ,8,B2,,,,,,,,,,"divorce n., v.",
1846,divorced,離婚した,2,A2,,,,,,,,,,divorced adj.,
1847,divulge,暴く、明かす、漏らす,32,C2,,,,,,,,,,divulge (v),
1848,do1,する,1,A1,,,,,,,,,,"do1 v., auxiliary v.",
1849,doctor,医、医員、医家,1,A1,,,,,,,,,,doctor n.,
1850,doctrine,教え、教義、教理,16,C1,,,,,,,,,,doctrine n.,
1851,document,一札、記録、紙面,2,A2,,,,,,,,,,document n.,
1852,document,記録、一札、紙面,8,B2,,,,,,,,,,document v.,
1853,documentary,実写、記録文学、ドキュメント,4,B1,,,,,,,,,,documentary n.,
1854,documentation,身分事項、文献集、文書化,16,C1,,,,,,,,,,documentation n.,
1855,dog,戌、ワン子、ワン公,1,A1,,,,,,,,,,dog n.,
1856,dogged,頑強、性懲りもない、しぶとい,32,C2,,,,,,,,,,dogged (adj),
1857,dogma,教義、教条、道,32,C2,,,,,,,,,,dogma (n),
1858,dogmatic,独断的、ドグマティック,32,C2,,,,,,,,,,dogmatic (adj),
1859,doldrums,停頓状態、赤道無風帯,32,C2,,,,,,,,,,doldrums (n),
1860,dollar,弗、ダラー、ドルラル,1,A1,,,,,,,,,,dollar n.,
1861,domain,区域、国土、変域,16,C1,,,,,,,,,,domain n.,
1862,domestic,国内的、ドメスチック、国産,8,B2,,,,,,,,,,domestic adj.,
1863,domicile,家宅、住み所、住所,32,C2,,,,,,,,,,domicile (n),
1864,dominance,優性、利き、顕性,16,C1,,,,,,,,,,dominance n.,
1865,dominant,支配的、優性、属音,8,B2,,,,,,,,,,dominant adj.,
1866,dominate,圧する、覇を唱える、尻に敷く,8,B2,,,,,,,,,,dominate v.,
1867,dominion,主権、所有権、領地,32,C2,,,,,,,,,,dominion (n),
1868,donate,寄せる、施す,4,B1,,,,,,,,,,donate v.,
1869,donation,寄金、棄捐、献金,8,B2,,,,,,,,,,donation n.,
1870,donor,寄贈者、呉れ手、交付者,16,C1,,,,,,,,,,donor n.,
1871,door,戸、戸口、口,1,A1,,,,,,,,,,door n.,
1872,dormant,休眠,32,C2,,,,,,,,,,dormant (adj),
1873,dose,一回分、一服、剤,16,C1,,,,,,,,,,dose n.,
1874,dossier,一件書類,32,C2,,,,,,,,,,dossier (n),
1875,dot,点、一点、目,8,B2,,,,,,,,,,dot n.,
1876,dotage,惚け、耄碌、本卦還り,32,C2,,,,,,,,,,dotage (n),
1877,double,替え玉、代り役、代役,2,A2,,,,,,,,,,"double adj., det., pron., v.",
1878,double,替え玉、代り役、代役,4,B1,,,,,,,,,,double adv.,
1879,doubt,懐疑、危ぶむ、疑う,4,B1,,,,,,,,,,"doubt n., v.",
1880,down,下に、べたっと、羽,1,A1,,,,,,,,,,"down adv., prep.",
1881,download,落とす、ダウンロード、ＤＬ,2,A2,,,,,,,,,,"download v., n.",
1882,downstairs,階下、ＤＮ,1,A1,,,,,,,,,,downstairs adv.,
1883,downstairs,階下、ＤＮ,2,A2,,,,,,,,,,downstairs adj.,
1884,downtown,商店街、繁華街、町,2,A2,,,,,,,,,,"downtown adv., n., adj.",
1885,downward,下に,8,B2,,,,,,,,,,"downward adj., adv.",
1886,dozen,打、ダズン,8,B2,,,,,,,,,,"dozen n., det.",
1887,draft,下書き、稿、通風,8,B2,,,,,,,,,,"draft n., v.",
1888,drag,抵抗、引き出す、引っ張る,8,B2,,,,,,,,,,drag v.,
1889,drain,飲み干す、抜く、流す,16,C1,,,,,,,,,,drain v.,
1890,drama,院本、演戯、演劇,2,A2,,,,,,,,,,drama n.,
1891,dramatic,格段、劇的、数奇,8,B2,,,,,,,,,,dramatic adj.,
1892,dramatically,がったり,8,B2,,,,,,,,,,dramatically adv.,
1893,draw,引き分ける、引く、画する,1,A1,,,,,,,,,,draw v.,
1894,drawing,引き抜き、画学、絵,2,A2,,,,,,,,,,drawing n.,
1895,dream,夢を見る、夢見る、夢想,2,A2,,,,,,,,,,"dream n., v.",
1896,dress,遇う、結う、捌く,1,A1,,,,,,,,,,"dress n., v.",
1897,dressed,服を着た,4,B1,,,,,,,,,,dressed adj.,
1898,drift,帰趨、漂う、漂流,16,C1,,,,,,,,,,drift v.,
1899,drink,遣る、引っ掛ける、飲む,1,A1,,,,,,,,,,"drink n., v.",
1900,drive,ひとっ走り、一走り、運動,1,A1,,,,,,,,,,drive v.,
1901,drive,意気地、ひとっ走り、一走り,2,A2,,,,,,,,,,drive n.,
1902,driver,運転士、運転者、運転手,1,A1,,,,,,,,,,driver n.,
1903,driving,意気地、ひとっ走り、一走り,2,A2,,,,,,,,,,driving n.,
1904,driving,意気地、ひとっ走り、一走り,16,C1,,,,,,,,,,driving adj.,
1905,drop,一水、一粒、下降,4,B1,,,,,,,,,,drop n.,
1906,drop,落っこちる、下がる、下火になる,2,A2,,,,,,,,,,drop v.,
1907,drought,干天、日照り、氷河期,8,B2,,,,,,,,,,drought n.,
1908,drown,溺れる、溺れ込む、溺らす,16,C1,,,,,,,,,,drown v.,
1909,drudgery,苦役,32,C2,,,,,,,,,,drudgery (n),
1910,drug,剤、麻薬、薬,2,A2,,,,,,,,,,drug n.,
1911,drum,太鼓、ドラム缶、鮸,4,B1,,,,,,,,,,drum n.,
1912,drunk,虎、上戸、酔いどれ,4,B1,,,,,,,,,,drunk adj.,
1913,dry,乾性、索然、無味乾燥,2,A2,,,,,,,,,,"dry adj., v.",
1914,dual,二元的、デュアル,16,C1,,,,,,,,,,dual adj.,
1915,dub,吹き替える、ダブ,16,C1,,,,,,,,,,dub v.,
1916,dubious,如何わしい、怪訝、胡散臭い,32,C2,,,,,,,,,,dubious (adj),
1917,due,正当、然るべき、真,4,B1,,,,,,,,,,due adj.,
1918,dull,怠い、詰らない、暗い,8,B2,,,,,,,,,,dull adj.,
1919,dumb,野暮、黙々、頭が悪い,16,C1,,,,,,,,,,dumb adj.,
1920,dump,打ちまける、捨てる、振る,8,B2,,,,,,,,,,dump v.,
1921,duo,二人組、鐸、コンビ,16,C1,,,,,,,,,,duo n.,
1922,duplicity,二枚舌、表裏、内股膏薬,32,C2,,,,,,,,,,duplicity (n),
1923,duration,間、存続、作用角,8,B2,,,,,,,,,,duration n.,
1924,duress,強圧,32,C2,,,,,,,,,,duress (n),
1925,during,間中、中、内,1,A1,,,,,,,,,,during prep.,
1926,dust,汚物、黄塵、塵,4,B1,,,,,,,,,,dust n.,
1927,duty,一分、掛かり、関税,4,B1,,,,,,,,,,duty n.,
1928,DVD,併録、海賊盤、ＤＶＤ,1,A1,,,,,,,,,,DVD n.,
1929,dwindle,次第に減少する,32,C2,,,,,,,,,,dwindle (v),
1930,dynamic,動的、力動的、活動的,8,B2,,,,,,,,,,dynamic adj.,
1931,dynamic,動的、力動的、活動的,16,C1,,,,,,,,,,dynamic n.,
1932,dynasty,王朝、朝,32,C2,,,,,,,,,,dynasty (n),
1933,each,各自、毎、銘々,1,A1,,,,,,,,,,each det./pron./adv.,
1934,eager,懸命、盛ん、切,8,B2,,,,,,,,,,eager adj.,
1935,ear,耳、耳鼻咽喉科、耳鼻科,1,A1,,,,,,,,,,ear n.,
1936,early,浅い、早い、早め,1,A1,,,,,,,,,,"early adj., adv.",
1937,earn,稼ぐ、取る、上げる,2,A2,,,,,,,,,,earn v.,
1938,earnings,一稼ぎ、稼ぎ、収益,16,C1,,,,,,,,,,earnings n.,
1939,earth,下界、接地、大地,2,A2,,,,,,,,,,earth n.,
1940,earthquake,地震、鯰、地動,4,B1,,,,,,,,,,earthquake n.,
1941,ease,遣る、解ける、寛げる,16,C1,,,,,,,,,,"ease n., v.",
1942,easily,一寸、手も無く、直ぐ,2,A2,,,,,,,,,,easily adv.,
1943,east,四方、東、東西南北,1,A1,,,,,,,,,,"east n., adj., adv.",
1944,eastern,イースタン,4,B1,,,,,,,,,,eastern adj.,
1945,easy,安易、安直、易い,1,A1,,,,,,,,,,easy adj.,
1946,eat,遣る、喫する、口にする,1,A1,,,,,,,,,,eat v.,
1947,ebullience,熱狂、元気あふれること,32,C2,,,,,,,,,,ebullience (n),
1948,ebullient,活気横溢、気力横溢,32,C2,,,,,,,,,,ebullient (adj),
1949,eccentric,異様、可笑しい、奇矯,32,C2,,,,,,,,,,eccentric (adj),
1950,echelon,位、梯団,32,C2,,,,,,,,,,echelon (n),
1951,echo,響き渡る、反響、鳴り響く,16,C1,,,,,,,,,,"echo v., n.",
1952,eclectic,折衷的な、多方面から選んだ,32,C2,,,,,,,,,,eclectic (adj),
1953,ecological,生態的、エコ、地球に優しい,16,C1,,,,,,,,,,ecological adj.,
1954,economic,経済的、財政的、エコノミック,4,B1,,,,,,,,,,economic adj.,
1955,economics,経済的、財政的、経済,8,B2,,,,,,,,,,economics n.,
1956,economist,倹約家、経済学者、エコノミスト,8,B2,,,,,,,,,,economist n.,
1957,economy,緊縮、経済、経済性,4,B1,,,,,,,,,,economy n.,
1958,edge,縁、角、見切り,4,B1,,,,,,,,,,edge n.,
1959,edict,公示、勅令、布告,32,C2,,,,,,,,,,edict (n),
1960,edification,啓発、啓迪,32,C2,,,,,,,,,,edification (n),
1961,edifice,堂宇、大建築,32,C2,,,,,,,,,,edifice (n),
1962,edit,編む、エディット、エディト,8,B2,,,,,,,,,,edit v.,
1963,edition,一版、号、版,8,B2,,,,,,,,,,edition n.,
1964,editor,編集者、編者、撰者,4,B1,,,,,,,,,,editor n.,
1965,editorial,社説、論説、エディトリアル,8,B2,,,,,,,,,,editorial adj.,
1966,educate,育てる、育て上げる、仕込む,4,B1,,,,,,,,,,educate v.,
1967,educated,学のある、育てる、育て上げる,4,B1,,,,,,,,,,educated adj.,
1968,education,育英、教育、教化,2,A2,,,,,,,,,,education n.,
1969,educational,教育的、勉強になる,4,B1,,,,,,,,,,educational adj.,
1970,educator,教育者、教育家,16,C1,,,,,,,,,,educator n.,
1971,effect,為、影響、関係,2,A2,,,,,,,,,,effect n.,
1972,effective,効果的、有効、エフェクティブ,4,B1,,,,,,,,,,effective adj.,
1973,effectively,事実上、効果的、正味,4,B1,,,,,,,,,,effectively adv.,
1974,effectiveness,効果、有効性、利き,16,C1,,,,,,,,,,effectiveness n.,
1975,efficacious,効果的な,32,C2,,,,,,,,,,efficacious (adj),
1976,efficiency,効、効率、実効,16,C1,,,,,,,,,,efficiency n.,
1977,efficient,効率的、能率的、有能,8,B2,,,,,,,,,,efficient adj.,
1978,efficiently,手際よく、さくっ、効率的,8,B2,,,,,,,,,,efficiently adv.,
1979,effigy,肖像、像,32,C2,,,,,,,,,,effigy (n),
1980,effort,苦心、試み、手,4,B1,,,,,,,,,,effort n.,
1981,effrontery,厚顔、僭上、鉄面皮,32,C2,,,,,,,,,,effrontery (n),
1982,effusion,浸出、噴出、吹き出し,32,C2,,,,,,,,,,effusion (n),
1983,effusive,溢れんばかり,32,C2,,,,,,,,,,effusive (adj),
1984,egg,玉、卵、お玉,1,A1,,,,,,,,,,egg n.,
1985,ego,自我、主我、主観,16,C1,,,,,,,,,,ego n.,
1986,egregious,酷すぎる,32,C2,,,,,,,,,,egregious (adj),
1987,eight,八、八つ、八本,1,A1,,,,,,,,,,eight number,
1988,eighteen,十八、二九、エイティーン,1,A1,,,,,,,,,,eighteen number,
1989,eighty,80,1,A1,,,,,,,,,,eighty number,
1990,either,矢っ張り、何れも、矢張り,2,A2,,,,,,,,,,"either det./pron., adv.",
1991,elaborate,克明、精巧、丹念,16,C1,,,,,,,,,,elaborate adj.,
1992,elated,意気軒昂、得意げ、昂然,32,C2,,,,,,,,,,elated (adj),
1993,elation,大喜び、有頂天,32,C2,,,,,,,,,,elation (n),
1994,elbow,肘、屈曲部、呼び樋,8,B2,,,,,,,,,,elbow n.,
1995,elderly,上、上長、先進,8,B2,,,,,,,,,,elderly adj.,
1996,elect,イレクト,8,B2,,,,,,,,,,elect v.,
1997,election,選挙、選出、選任,4,B1,,,,,,,,,,election n.,
1998,electoral,選挙の,16,C1,,,,,,,,,,electoral adj.,
1999,electric,エレクトリック、電器、電動,2,A2,,,,,,,,,,electric adj.,
2000,electrical,電気式,2,A2,,,,,,,,,,electrical adj.,
2001,electricity,電気、エレキ、エレキテル,2,A2,,,,,,,,,,electricity n.,
2002,electronic,電子的、電子、電子式,2,A2,,,,,,,,,,electronic adj.,
2003,electronics,電子、電子式、電子的,8,B2,,,,,,,,,,electronics n.,
2004,elegant,奥ゆかしい、雅やか、渋い,8,B2,,,,,,,,,,elegant adj.,
2005,element,構成単位、構成要素、素子,4,B1,,,,,,,,,,element n.,
2006,elementary,初歩的、初等、小中高,8,B2,,,,,,,,,,elementary adj.,
2007,elephant,象、エレファント,1,A1,,,,,,,,,,elephant n.,
2008,elevate,持ち上げる、上げる、進める,16,C1,,,,,,,,,,elevate v.,
2009,elevator,蔵、昇降機、昇降舵,2,A2,,,,,,,,,,elevator n.,
2010,eleven,十一、イレブン,1,A1,,,,,,,,,,eleven number,
2011,elicit,引き出す,32,C2,,,,,,,,,,elicit (v),
2012,eligible,適格、適格である,16,C1,,,,,,,,,,eligible adj.,
2013,eliminate,殺す、取り去る、除く,8,B2,,,,,,,,,,eliminate v.,
2014,elite,精鋭、選良、選り抜き,16,C1,,,,,,,,,,elite n.,
2015,eloquent,爽やか、口達者、宛転,32,C2,,,,,,,,,,eloquent (adj),
2016,else,その他に,1,A1,,,,,,,,,,else adv.,
2017,elsewhere,他所,8,B2,,,,,,,,,,elsewhere adv.,
2018,elucidate,明らめる,32,C2,,,,,,,,,,elucidate (v),
2019,elusive,出没自在、捉えどころのない、つかみ所のない,32,C2,,,,,,,,,,elusive (adj),
2020,emaciated,衰残、がりがり、痩せ肉,32,C2,,,,,,,,,,emaciated (adj),
2021,email,メール、電子メール、打ち言葉,1,A1,,,,,,,,,,"email n., v.",
2022,emanate,発する、出る,32,C2,,,,,,,,,,emanate (v),
2023,emancipate,解放する,32,C2,,,,,,,,,,emancipate (v),
2024,emancipation,解放、エマンシペーション,32,C2,,,,,,,,,,emancipation (n),
2025,embargo,禁制、禁輸、禁令,32,C2,,,,,,,,,,embargo (n),
2026,embark,乗る、歩む、旅立つ,16,C1,,,,,,,,,,embark v.,
2027,embarrassed,恥ずかしい、気恥ずかしい、面映い,4,B1,,,,,,,,,,embarrassed adj.,
2028,embarrassing,擽ったい、気まずい、照れくさい,4,B1,,,,,,,,,,embarrassing adj.,
2029,embarrassment,困惑、赤面、恥,16,C1,,,,,,,,,,embarrassment n.,
2030,embassy,大使館、エンバシー,16,C1,,,,,,,,,,embassy n.,
2031,embed,埋め込む、イーエムビー、エクステンドメモリプロック,16,C1,,,,,,,,,,embed v.,
2032,embellish,飾り立てる、飾る、尾ひれをつける,32,C2,,,,,,,,,,embellish (v),
2033,embezzle,使い込む、取り込む、私する,32,C2,,,,,,,,,,embezzle (v),
2034,emblem,印、旗幟、象徴,32,C2,,,,,,,,,,emblem (n),
2035,embody,現れる、現る,16,C1,,,,,,,,,,embody v.,
2036,embrace,含む、抱き抱える、縋りつく,8,B2,,,,,,,,,,embrace v.,
2037,embroil,巻き込む,32,C2,,,,,,,,,,embroil (v),
2038,emerge,出る、浮かび上がる、浮かぶ,8,B2,,,,,,,,,,emerge v.,
2039,emergence,羽化、台頭、現出,16,C1,,,,,,,,,,emergence n.,
2040,emergency,一大事、応急、火急,4,B1,,,,,,,,,,emergency n.,
2041,emissary,使者、使節、上使,32,C2,,,,,,,,,,emissary (n),
2042,emission,排気、排出、発光,8,B2,,,,,,,,,,emission n.,
2043,emotion,感情、情、情意,4,B1,,,,,,,,,,emotion n.,
2044,emotional,主情的、多情、感情的,8,B2,,,,,,,,,,emotional adj.,
2045,emotionally,感情的に,8,B2,,,,,,,,,,emotionally adv.,
2046,emphasis,強意、強勢、強調,8,B2,,,,,,,,,,emphasis n.,
2047,emphasize,強める、取り立てる、念を押す,8,B2,,,,,,,,,,emphasize v.,
2048,empire,帝国、皇国、エンパイア,8,B2,,,,,,,,,,empire n.,
2049,empirical,実証的、経験的、経験上,16,C1,,,,,,,,,,empirical adj.,
2050,employ,使う、召し使う、召し抱える,2,A2,,,,,,,,,,employ v.,
2051,employee,勤務員、雇員、使用人,2,A2,,,,,,,,,,employee n.,
2052,employer,求人者、使い手、使用者,2,A2,,,,,,,,,,employer n.,
2053,employment,雇用、採用、仕事,4,B1,,,,,,,,,,employment n.,
2054,empower,力づける、エンパワー,16,C1,,,,,,,,,,empower v.,
2055,empty,開ける、閑散、傾ける,4,B1,,,,,,,,,,empty v.,
2056,empty,閑散、虚しい、空っぽ,2,A2,,,,,,,,,,empty adj.,
2057,emulate,倣う、エミュレート,32,C2,,,,,,,,,,emulate (v),
2058,enable,可能にする、エネーブル、イネーブル,8,B2,,,,,,,,,,enable v.,
2059,enact,制定する、上演する,16,C1,,,,,,,,,,enact v.,
2060,enclave,飛び地、包有物,32,C2,,,,,,,,,,enclave (n),
2061,encompass,含む、取り囲む,16,C1,,,,,,,,,,encompass v.,
2062,encounter,打つかる、逢着、会う,8,B2,,,,,,,,,,"encounter v., n.",
2063,encourage,促す、拍車を掛ける、勇気づける,4,B1,,,,,,,,,,encourage v.,
2064,encouragement,お勧め、勧め、勧奨,16,C1,,,,,,,,,,encouragement n.,
2065,encouraging,色よい、明るい、面白い,16,C1,,,,,,,,,,encouraging adj.,
2066,encroach,食い込む、侵す,32,C2,,,,,,,,,,encroach (v),
2067,end,果てる、開ける、済む,1,A1,,,,,,,,,,"end n., v.",
2068,endeavor,努力、努める、心がける,16,C1,,,,,,,,,,endeavor n.,
2069,endemic,地方病,32,C2,,,,,,,,,,endemic (adj),
2070,ending,結び、清算、終決,2,A2,,,,,,,,,,ending n.,
2071,endless,果てしがない、果てしない、限りない,16,C1,,,,,,,,,,endless adj.,
2072,endorse,推す、賛する、折り紙を付ける,16,C1,,,,,,,,,,endorse v.,
2073,endorsement,賛同、支持、推奨,16,C1,,,,,,,,,,endorsement n.,
2074,endow,授ける、寄付する,32,C2,,,,,,,,,,endow (v),
2075,endure,耐える、持ち堪える、持てる,16,C1,,,,,,,,,,endure v.,
2076,enemy,仇、敵、敵手,4,B1,,,,,,,,,,enemy n.,
2077,energy,威勢、英気、活気,2,A2,,,,,,,,,,energy n.,
2078,enervate,弱らせる,32,C2,,,,,,,,,,enervate (v),
2079,enforce,取り締まる,16,C1,,,,,,,,,,enforce v.,
2080,enforcement,強行、強制、執行,16,C1,,,,,,,,,,enforcement n.,
2081,engage,かみ合わせる、噛む、迎え撃つ,8,B2,,,,,,,,,,engage v.,
2082,engaged,かみ合わせる、噛む、迎え撃つ,4,B1,,,,,,,,,,engaged adj.,
2083,engagement,会戦、合戦、婚約,16,C1,,,,,,,,,,engagement n.,
2084,engaging,掛かり、かみ合わせる、噛む,16,C1,,,,,,,,,,engaging adj.,
2085,engender,醸し出す,32,C2,,,,,,,,,,engender (v),
2086,engine,機関、機関車、発,2,A2,,,,,,,,,,engine n.,
2087,engineer,技師、技術者、工学者,2,A2,,,,,,,,,,engineer n.,
2088,engineering,技術、工学、工務,4,B1,,,,,,,,,,engineering n.,
2089,enhance,高める、引き立てる,8,B2,,,,,,,,,,enhance v.,
2090,enigma,七不思議、謎、謎々,32,C2,,,,,,,,,,enigma (n),
2091,enigmatic,不可解、鵺的、謎,32,C2,,,,,,,,,,enigmatic (adj),
2092,enjoy,楽しむ、探る、味わう,1,A1,,,,,,,,,,enjoy v.,
2093,enjoyable,楽しい、面白い、愉快,8,B2,,,,,,,,,,enjoyable adj.,
2094,enmity,遺恨、怨恨、敵意,32,C2,,,,,,,,,,enmity (n),
2095,ennui,屈託、倦怠、弛み,32,C2,,,,,,,,,,ennui (n),
2096,enormity,極悪さ、巨大さ,32,C2,,,,,,,,,,enormity (n),
2097,enormous,途轍もない、巨大、甚大,2,A2,,,,,,,,,,enormous adj.,
2098,enough,沢山、嫌というほど、碌に,1,A1,,,,,,,,,,"enough det., pron., adv.",
2099,enrich,潤す、肥やす、富ます,16,C1,,,,,,,,,,enrich v.,
2100,enroll,上げる、入る、連なる,16,C1,,,,,,,,,,enroll v.,
2101,ensue,続いて起こる,16,C1,,,,,,,,,,ensue v.,
2102,ensue,続いて起こる,32,C2,,,,,,,,,,ensue (v),
2103,ensure,確かなものにする,8,B2,,,,,,,,,,ensure v.,
2104,entail,伴う、必要とする,32,C2,,,,,,,,,,entail (v),
2105,enter,迎える、出る、上がりこむ,2,A2,,,,,,,,,,enter v.,
2106,enterprise,企業、事業、独占企業,16,C1,,,,,,,,,,enterprise n.,
2107,entertain,擽る、扱う、遇する,4,B1,,,,,,,,,,entertain v.,
2108,entertaining,面白い、擽る、扱う,8,B2,,,,,,,,,,entertaining adj.,
2109,entertainment,持て成し、愛嬌、演芸,4,B1,,,,,,,,,,entertainment n.,
2110,enthrall,魅入る,32,C2,,,,,,,,,,enthrall (v),
2111,enthusiasm,気乗り、気負い、乗り,8,B2,,,,,,,,,,enthusiasm n.,
2112,enthusiast,愛好家、愛好者、気違い,16,C1,,,,,,,,,,enthusiast n.,
2113,enthusiastic,盛ん、熱い、熱心,8,B2,,,,,,,,,,enthusiastic adj.,
2114,enticing,甘い、怪しい、誘惑的,32,C2,,,,,,,,,,enticing (adj),
2115,entire,渾然、全い、一杯,8,B2,,,,,,,,,,entire adj.,
2116,entirely,一杯、全部、渾然,8,B2,,,,,,,,,,entirely adv.,
2117,entitle,題を付ける,16,C1,,,,,,,,,,entitle v.,
2118,entity,実体、存在者、言語要素,16,C1,,,,,,,,,,entity n.,
2119,entourage,付き添い,32,C2,,,,,,,,,,entourage (n),
2120,entrance,玄関、玄関先、戸,4,B1,,,,,,,,,,entrance n.,
2121,entreat,願い求める、縋る、頼み入る,32,C2,,,,,,,,,,entreat (v),
2122,entrenchment,塹壕、固定化,32,C2,,,,,,,,,,entrenchment (n),
2123,entrepreneur,企業家、事業主、起業家,8,B2,,,,,,,,,,entrepreneur n.,
2124,entropy,平均情報量、エントロピー,32,C2,,,,,,,,,,entropy (n),
2125,entry,応募、加入、記載,4,B1,,,,,,,,,,entry n.,
2126,enumerate,言い立てる、数える、数え上げる,32,C2,,,,,,,,,,enumerate (v),
2127,envelope,外皮、上包み、封筒,8,B2,,,,,,,,,,envelope n.,
2128,environment,環境、境、境遇,2,A2,,,,,,,,,,environment n.,
2129,environmental,環境の,4,B1,,,,,,,,,,environmental adj.,
2130,envoy,公使、使者、使臣,32,C2,,,,,,,,,,envoy (n),
2131,ephemeral,泡沫的、刹那的、儚い,32,C2,,,,,,,,,,ephemeral (adj),
2132,epicentre,震央、震源地、エピセンター,32,C2,,,,,,,,,,epicentre (n),
2133,epicure,美食家、食道楽、グルメ,32,C2,,,,,,,,,,epicure (n),
2134,epidemic,悪疫、疫癘、伝染病,16,C1,,,,,,,,,,epidemic n.,
2135,epigram,警句、寸鉄、名文句,32,C2,,,,,,,,,,epigram (n),
2136,epilogue,跋文、跋、終章,32,C2,,,,,,,,,,epilogue (n),
2137,epiphany,降臨、公現祭,32,C2,,,,,,,,,,epiphany (n),
2138,episode,回、挿話、エピソード,4,B1,,,,,,,,,,episode n.,
2139,epitaph,碑文、碑銘、墓誌,32,C2,,,,,,,,,,epitaph (n),
2140,epitome,梗概、典型、摘記,32,C2,,,,,,,,,,epitome (n),
2141,epitomise,典型的に示す、要約する,32,C2,,,,,,,,,,epitomise (v),
2142,epoch,時代、朝、世,32,C2,,,,,,,,,,epoch (n),
2143,equal,一様、一律、互角,4,B1,,,,,,,,,,"equal adj., v.",
2144,equal,一様、一律、互角,8,B2,,,,,,,,,,equal n.,
2145,equality,均一、均等、斉一,16,C1,,,,,,,,,,equality n.,
2146,equally,満遍なく、負けず劣らず、等しく,4,B1,,,,,,,,,,equally adv.,
2147,equanimity,捨,32,C2,,,,,,,,,,equanimity (n),
2148,equation,式、方程式、計算式,16,C1,,,,,,,,,,equation n.,
2149,equilibrium,安定、安定性、均衡,32,C2,,,,,,,,,,equilibrium (n),
2150,equip,据え付ける、備え付ける,8,B2,,,,,,,,,,equip v.,
2151,equipment,機器、機材、設備,2,A2,,,,,,,,,,equipment n.,
2152,equivalent,対等、等しい、イコール,8,B2,,,,,,,,,,"equivalent n., adj.",
2153,equivocal,何方付かず、紛らわしい、晦渋,32,C2,,,,,,,,,,equivocal (adj),
2154,era,紀元、時代、世紀,8,B2,,,,,,,,,,era n.,
2155,eradicate,除く、絶やす、断つ,32,C2,,,,,,,,,,eradicate (v),
2156,erect,掛ける、起き上がる、築く,16,C1,,,,,,,,,,erect v.,
2157,erotic,色っぽい、工口、エロい,32,C2,,,,,,,,,,erotic (adj),
2158,err,過つ、誤る、違える,32,C2,,,,,,,,,,err (v),
2159,error,違い、嘘、過ち,2,A2,,,,,,,,,,error n.,
2160,erstwhile,かつての、以前の,32,C2,,,,,,,,,,erstwhile (adj),
2161,erudite,博聞,32,C2,,,,,,,,,,erudite (adj),
2162,erudition,博雅、博学、博識,32,C2,,,,,,,,,,erudition (n),
2163,erupt,沸く,8,B2,,,,,,,,,,erupt v.,
2164,escalate,拡大する、激化する,16,C1,,,,,,,,,,escalate v.,
2165,escapade,無謀な冒険、いたずら,32,C2,,,,,,,,,,escapade (n),
2166,escape,逸出、逸走、拡張,4,B1,,,,,,,,,,"escape v., n.",
2167,escarpment,急斜面、崖,32,C2,,,,,,,,,,escarpment (n),
2168,eschew,避ける、慎む,32,C2,,,,,,,,,,eschew (v),
2169,esoteric,奥伝,32,C2,,,,,,,,,,esoteric (adj),
2170,especially,特別、然う然う、一際,2,A2,,,,,,,,,,especially adv.,
2171,espouse,支持する、採用する,32,C2,,,,,,,,,,espouse (v),
2172,essay,試論、小品、文章,2,A2,,,,,,,,,,essay n.,
2173,essence,越幾斯、奥義、眼目,16,C1,,,,,,,,,,essence n.,
2174,essential,肝要、重要、必須,4,B1,,,,,,,,,,essential adj.,
2175,essentially,元来、本来、原則として,8,B2,,,,,,,,,,essentially adv.,
2176,establish,為す、開く、起こす,8,B2,,,,,,,,,,establish v.,
2177,establishment,開局、開設、確立,16,C1,,,,,,,,,,establishment n.,
2178,estate,遺品、私有地、地所,8,B2,,,,,,,,,,estate n.,
2179,esteem,自尊、相場、尊敬,32,C2,,,,,,,,,,esteem (n),
2180,estimate,括る、見計らう、見込む,8,B2,,,,,,,,,,"estimate v., n.",
2181,eternal,果てしがない、限りない、不変,16,C1,,,,,,,,,,eternal adj.,
2182,ethereal,この世のものとも思えない、この世のものとも思えぬ,32,C2,,,,,,,,,,ethereal (adj),
2183,ethic,倫理、道徳規範,8,B2,,,,,,,,,,ethic n.,
2184,ethical,倫理的、道徳的、エシカル,8,B2,,,,,,,,,,ethical adj.,
2185,ethnic,民族的、エスニック、民族上,8,B2,,,,,,,,,,ethnic adj.,
2186,ethos,気風、精神、エートス,32,C2,,,,,,,,,,ethos (n),
2187,etymology,語源、語源学、語源説,32,C2,,,,,,,,,,etymology (n),
2188,eulogy,賛歌、賛辞、褒め言葉,32,C2,,,,,,,,,,eulogy (n),
2189,euphemism,忌み言葉、美称、婉曲表現,32,C2,,,,,,,,,,euphemism (n),
2190,euphoria,幸福感、多幸感、多幸症,32,C2,,,,,,,,,,euphoria (n),
2191,euro,ユーロ,1,A1,,,,,,,,,,euro n.,
2192,evacuate,立ち退く、空にする,16,C1,,,,,,,,,,evacuate v.,
2193,evaluate,評する、評す,8,B2,,,,,,,,,,evaluate v.,
2194,evaluation,鑑識、考課、値打ち,8,B2,,,,,,,,,,evaluation n.,
2195,evanescent,電光朝露、泡沫夢幻、夢幻泡沫,32,C2,,,,,,,,,,evanescent (adj),
2196,even,一様、一律、互角,8,B2,,,,,,,,,,even adj.,
2197,even,一律、流石、一つ,1,A1,,,,,,,,,,even adv.,
2198,evening,宵、日暮れ、晩,1,A1,,,,,,,,,,evening n.,
2199,event,暁、行事、行殊,1,A1,,,,,,,,,,event n.,
2200,eventually,軈て、結局、後ほど,4,B1,,,,,,,,,,eventually adv.,
2201,ever,金輪際、決して、史上,1,A1,,,,,,,,,,ever adv.,
2202,every,何れも、各、各般,1,A1,,,,,,,,,,every det.,
2203,everybody,皆、皆さん、全員,1,A1,,,,,,,,,,everybody pron.,
2204,everyday,日常的、何の変哲もない、常日頃,2,A2,,,,,,,,,,everyday adj.,
2205,everyone,皆、皆さん、皆様,1,A1,,,,,,,,,,everyone pron.,
2206,everything,一式、一切、一通り,1,A1,,,,,,,,,,everything pron.,
2207,everywhere,隈なく、至る所、普く,2,A2,,,,,,,,,,everywhere adv.,
2208,evidence,印、形跡、痕跡,2,A2,,,,,,,,,,evidence n.,
2209,evident,明白、判然、明らか,8,B2,,,,,,,,,,evident adj.,
2210,evil,悪い、黒い、邪,8,B2,,,,,,,,,,"evil adj., n.",
2211,evoke,呼び覚ます、呼び起こす、おびき出す,16,C1,,,,,,,,,,evoke v.,
2212,evolution,化育、進化、展開,8,B2,,,,,,,,,,evolution n.,
2213,evolutionary,進化の,16,C1,,,,,,,,,,evolutionary adj.,
2214,evolve,進化を遂げる,8,B2,,,,,,,,,,evolve v.,
2215,exacerbate,募らす,32,C2,,,,,,,,,,exacerbate (v),
2216,exact,厳正、正確、精密,2,A2,,,,,,,,,,exact adj.,
2217,exacting,厳格な、要求の厳しい,32,C2,,,,,,,,,,exacting (adj),
2218,exactly,正しく、正に、丁度,2,A2,,,,,,,,,,exactly adv.,
2219,exaggerate,吹きかける、盛る、大げさに言う,16,C1,,,,,,,,,,exaggerate v.,
2220,exalt,高める、称賛する,32,C2,,,,,,,,,,exalt (v),
2221,exaltation,高揚感,32,C2,,,,,,,,,,exaltation (n),
2222,exam,試験、考試、試,1,A1,,,,,,,,,,exam n.,
2223,examination,検閲、検査、検察,8,B2,,,,,,,,,,examination n.,
2224,examine,窺う、改める、見る,4,B1,,,,,,,,,,examine v.,
2225,example,一例、亀鑑、見せしめ,1,A1,,,,,,,,,,example n.,
2226,exceed,越す、過ぎる、出る,8,B2,,,,,,,,,,exceed v.,
2227,excellence,出群、俊逸、俊英,16,C1,,,,,,,,,,excellence n.,
2228,excellent,偉い、佳、見事,2,A2,,,,,,,,,,excellent adj.,
2229,except,除いて、除く、措いて,2,A2,,,,,,,,,,except prep.,
2230,except,除いて、除く、措いて,4,B1,,,,,,,,,,except conj.,
2231,exception,除外、特例、番外,8,B2,,,,,,,,,,exception n.,
2232,exceptional,異例、格段、格別,16,C1,,,,,,,,,,exceptional adj.,
2233,excess,過剰、過多、無茶苦茶,16,C1,,,,,,,,,,"excess n., adj.",
2234,excessive,過大、過度、過当,8,B2,,,,,,,,,,excessive adj.,
2235,exchange,やり取り、応酬、換算,4,B1,,,,,,,,,,"exchange n., v.",
2236,exchequer,国庫、財務省,32,C2,,,,,,,,,,exchequer (n),
2237,excited,躍起、行け行け、唆る,1,A1,,,,,,,,,,excited adj.,
2238,excitement,感動、気負い、興奮,4,B1,,,,,,,,,,excitement n.,
2239,exciting,劇的、刺戟的、エキサイティング,1,A1,,,,,,,,,,exciting adj.,
2240,exclude,外す、除く、省く,8,B2,,,,,,,,,,exclude v.,
2241,exclusion,圧排、除外、排除,16,C1,,,,,,,,,,exclusion n.,
2242,exclusive,専門的、排他的、排外的,16,C1,,,,,,,,,,exclusive adj.,
2243,exclusively,専ら、専属、専門的,16,C1,,,,,,,,,,exclusively adv.,
2244,excoriate,酷評する、皮をはぐ,32,C2,,,,,,,,,,excoriate (v),
2245,excruciating,耐えがたい、激痛の,32,C2,,,,,,,,,,excruciating (adj),
2246,excuse,仮借、休ませる、許す,8,B2,,,,,,,,,,"excuse n., v.",
2247,execrable,言語道断、すぼらしい,32,C2,,,,,,,,,,execrable (adj),
2248,execute,果たす、エグゼキュート,16,C1,,,,,,,,,,execute v.,
2249,execution,営み、刑死、刑戮,16,C1,,,,,,,,,,execution n.,
2250,executive,重役、頭株、役員,8,B2,,,,,,,,,,"executive n., adj.",
2251,exemplify,示す,32,C2,,,,,,,,,,exemplify (v),
2252,exercise,運動、及ぼす、行使,1,A1,,,,,,,,,,"exercise n., v.",
2253,exert,及ぼす、払う、働かせる,16,C1,,,,,,,,,,exert v.,
2254,exhibit,出展、飾る、提示,8,B2,,,,,,,,,,"exhibit v., n.",
2255,exhibition,見世物、陳列、展示,4,B1,,,,,,,,,,exhibition n.,
2256,exhort,強く勧める、熱心に説く,32,C2,,,,,,,,,,exhort (v),
2257,exhortation,苦言、教誨,32,C2,,,,,,,,,,exhortation (n),
2258,exigency,火急,32,C2,,,,,,,,,,exigency (n),
2259,exigent,緊要、喫緊,32,C2,,,,,,,,,,exigent (adj),
2260,exile,追放、島流し、亡命,16,C1,,,,,,,,,,exile n.,
2261,exist,有る、生きる、生存,2,A2,,,,,,,,,,exist v.,
2262,existence,実存、生存、生命,8,B2,,,,,,,,,,existence n.,
2263,exit,口、出る、出口,8,B2,,,,,,,,,,exit v,
2264,exit,口、出口、退出,4,B1,,,,,,,,,,exit n.,
2265,exodus,エクソダス,32,C2,,,,,,,,,,exodus (n),
2266,exonerate,無罪にする、免責する,32,C2,,,,,,,,,,exonerate (v),
2267,exorbitant,過当、法外、酷い,32,C2,,,,,,,,,,exorbitant (adj),
2268,exotic,バタ臭い、エキゾチック、南蛮,8,B2,,,,,,,,,,exotic adj.,
2269,expand,伸びる、膨らます、膨らむ,4,B1,,,,,,,,,,expand v.,
2270,expansion,拡充、拡大、拡張,8,B2,,,,,,,,,,expansion n.,
2271,expatriate,異郷人、国外駐在,32,C2,,,,,,,,,,expatriate (n),
2272,expect,括る、見込む、考える,2,A2,,,,,,,,,,expect v.,
2273,expectation,案、期待、期待値,8,B2,,,,,,,,,,expectation n.,
2274,expected,括る、見込む、考える,4,B1,,,,,,,,,,expected adj.,
2275,expediency,便宜、便宜主義、応変,32,C2,,,,,,,,,,expediency (n),
2276,expedient,好都合、便宜的、捷径,32,C2,,,,,,,,,,expedient (adj),
2277,expedite,拍車を掛ける、早める、拍車がかかる,32,C2,,,,,,,,,,expedite (v),
2278,expedition,遠征、急ぎ、出軍,8,B2,,,,,,,,,,expedition n.,
2279,expenditure,経費、支出、消費,16,C1,,,,,,,,,,expenditure n.,
2280,expense,費、費用、持ち,8,B2,,,,,,,,,,expense n.,
2281,expensive,高い、高価、多額,1,A1,,,,,,,,,,expensive adj.,
2282,experience,覚え、慣れ、経験,2,A2,,,,,,,,,,experience n.,
2283,experience,感じる、慣れ、経る,4,B1,,,,,,,,,,experience v.,
2284,experienced,老巧、老練、経験豊富,4,B1,,,,,,,,,,experienced adj.,
2285,experiment,試み、試験、試作,2,A2,,,,,,,,,,experiment n.,
2286,experiment,試験、試作、実験,4,B1,,,,,,,,,,experiment v.,
2287,experimental,実験的、試験的、経験的,16,C1,,,,,,,,,,experimental adj.,
2288,expert,上手い、通、老練,2,A2,,,,,,,,,,"expert n.,adj.",
2289,expertise,知見、専門技術、専門知識,8,B2,,,,,,,,,,expertise n.,
2290,expire,事切れる、切れる、絶え入る,16,C1,,,,,,,,,,expire v.,
2291,explain,言い開く、申し開らく、説き聞かせる,1,A1,,,,,,,,,,explain v.,
2292,explanation,解釈、解説、釈明,2,A2,,,,,,,,,,explanation n.,
2293,explicit,明白、明快、明示的,16,C1,,,,,,,,,,explicit adj.,
2294,explicitly,明確に、はっきりと,16,C1,,,,,,,,,,explicitly adv.,
2295,explode,爆発する、急増する,4,B1,,,,,,,,,,explode v.,
2296,exploit,吸い上げる、搾り取る、絞る,8,B2,,,,,,,,,,exploit v.,
2297,exploitation,開発、酷使、搾取,16,C1,,,,,,,,,,exploitation n.,
2298,exploration,詮索、探索、踏査,8,B2,,,,,,,,,,exploration n.,
2299,explore,探る,4,B1,,,,,,,,,,explore v.,
2300,explosion,一発、起爆、急増,4,B1,,,,,,,,,,explosion n.,
2301,explosive,爆発的、爆発物、爆薬,16,C1,,,,,,,,,,"explosive adj., n.",
2302,exponent,指数、提唱者、冪,32,C2,,,,,,,,,,exponent (n),
2303,export,移出、書き出す、輸出,4,B1,,,,,,,,,,"export n., v.",
2304,expose,さらけ出す、すっぱ抜く、当てる,8,B2,,,,,,,,,,expose v.,
2305,exposition,解説、説明、博覧会,32,C2,,,,,,,,,,exposition (n),
2306,exposure,感光、向き、照射,8,B2,,,,,,,,,,exposure n.,
2307,expound,詳しく説明する,32,C2,,,,,,,,,,expound (v),
2308,express,含む、表す、言い表す,2,A2,,,,,,,,,,express v.,
2309,expression,顔、顔色、顔つき,2,A2,,,,,,,,,,expression n.,
2310,expunge,拭い取る,32,C2,,,,,,,,,,expunge (v),
2311,exquisite,精巧、絶妙、美妙,32,C2,,,,,,,,,,exquisite (adj),
2312,extend,延べる、及ぶ、及ぼす,8,B2,,,,,,,,,,extend v.,
2313,extension,延伸、延長、拡張,8,B2,,,,,,,,,,extension n.,
2314,extensive,該博、広大、広範,8,B2,,,,,,,,,,extensive adj.,
2315,extensively,普く、手広く、広く,8,B2,,,,,,,,,,extensively adv.,
2316,extent,位、加減、限り,8,B2,,,,,,,,,,extent n.,
2317,external,外的、外形的、外面的,8,B2,,,,,,,,,,external adj.,
2318,extol,持ち上げる、称える、褒めそやす,32,C2,,,,,,,,,,extol (v),
2319,extra,別、余計、余分,1,A1,,,,,,,,,,extra adj.,
2320,extra,別に、景品、仕出し,4,B1,,,,,,,,,,"extra n., adv.",
2321,extract,引き抜く、開く、吸い上げる,16,C1,,,,,,,,,,extract v.,
2322,extract,越幾斯、抜粋、抜き書き,8,B2,,,,,,,,,,extract n.,
2323,extraneous,外生,32,C2,,,,,,,,,,extraneous (adj),
2324,extraordinary,途轍もない、異例、一方ならぬ,8,B2,,,,,,,,,,extraordinary adj.,
2325,extreme,過激、強度、矯激,8,B2,,,,,,,,,,extreme n.,
2326,extreme,過激、矯激、極端,2,A2,,,,,,,,,,extreme adj.,
2327,extremely,目茶、如何にも、偉い,2,A2,,,,,,,,,,extremely adv.,
2328,extremist,過激派の、過激派,16,C1,,,,,,,,,,extremist n.,
2329,extricate,救出、助け出す,32,C2,,,,,,,,,,extricate (v),
2330,exuberant,蓊鬱、溢れんばかり,32,C2,,,,,,,,,,exuberant (adj),
2331,exude,しみ出る、にじみ出る,32,C2,,,,,,,,,,exude (v),
2332,exultation,快哉、雀躍、謳歌,32,C2,,,,,,,,,,exultation (n),
2333,eye,隻眼、瞳、眸子,1,A1,,,,,,,,,,eye n.,
2334,fa?ade,外観、見せかけ,32,C2,,,,,,,,,,fa?ade (n),
2335,fabric,織物、生地、反物,8,B2,,,,,,,,,,fabric n.,
2336,fabricate,作り上げる、作る、でっち上げる,32,C2,,,,,,,,,,fabricate (v),
2337,fabrication,贋造、偽り、偽造,32,C2,,,,,,,,,,fabrication (n),
2338,fabulous,嘘のよう、伝説上,8,B2,,,,,,,,,,fabulous adj.,
2339,face,逢着、顔、顔つき,1,A1,,,,,,,,,,face n.,
2340,face,逢着、向き合う、向く,4,B1,,,,,,,,,,face v.,
2341,facet,所、小面、切り子,32,C2,,,,,,,,,,facet (n),
2342,facetious,剽軽,32,C2,,,,,,,,,,facetious (adj),
2343,facile,宛転,32,C2,,,,,,,,,,facile (adj),
2344,facilitate,助ける、容易にする、円滑にする,16,C1,,,,,,,,,,facilitate v.,
2345,facility,機関、機能、施設,8,B2,,,,,,,,,,facility n.,
2346,facsimile,写し、影印、複製品,32,C2,,,,,,,,,,facsimile (n),
2347,fact,事実、実際、本当,1,A1,,,,,,,,,,fact n.,
2348,faction,会派、陣営、徒党,16,C1,,,,,,,,,,faction n.,
2349,factor,因、因子、因数,2,A2,,,,,,,,,,factor n.,
2350,factory,工場、製作所、製造所,2,A2,,,,,,,,,,factory n.,
2351,faculty,科、機能、教職員,8,B2,,,,,,,,,,faculty n.,
2352,fade,移ろう、萎びる、萎れる,16,C1,,,,,,,,,,fade v.,
2353,fail,溢れる、駄目になる、滑る,2,A2,,,,,,,,,,fail v.,
2354,failed,溢れる、駄目になる、滑る,8,B2,,,,,,,,,,failed adj.,
2355,failure,外れ、欠点、減退,8,B2,,,,,,,,,,failure n.,
2356,fair,厳正、公明正大、晴朗,2,A2,,,,,,,,,,fair adj.,
2357,fairly,堂々、一寸、結構,4,B1,,,,,,,,,,fairly adv.,
2358,fairness,公正、公平、公明,16,C1,,,,,,,,,,fairness n.,
2359,faith,宗教、宗旨、信義,8,B2,,,,,,,,,,faith n.,
2360,fake,偽性、如何様、拵え物,8,B2,,,,,,,,,,fake adj.,
2361,fall,下がる、下降、下落,1,A1,,,,,,,,,,"fall v., n.",
2362,fallacious,誤った、虚偽の,32,C2,,,,,,,,,,fallacious (adj),
2363,fallacy,虚偽、誤信、誤謬,32,C2,,,,,,,,,,fallacy (n),
2364,fallibility,誤りやすいこと,32,C2,,,,,,,,,,fallibility (n),
2365,FALSE,空々しい、有らぬ、取って付けたよう,1,A1,,,,,,,,,,false adj.,
2366,fame,威名、栄達、英名,8,B2,,,,,,,,,,fame n.,
2367,familiar,手近、詳しい、親しい,4,B1,,,,,,,,,,familiar adj.,
2368,family,一族、一門、家,1,A1,,,,,,,,,,"family n., adj.",
2369,famine,飢餓、凶荒、欠乏,32,C2,,,,,,,,,,famine (n),
2370,famous,偉い、名高い、有名,1,A1,,,,,,,,,,famous adj.,
2371,fan,愛好家、愛好者、上戸,2,A2,,,,,,,,,,fan n.,
2372,fanaticism,狂い、狂信、神憑り,32,C2,,,,,,,,,,fanaticism (n),
2373,fancy,豪華、ファンシー、空想,4,B1,,,,,,,,,,fancy adj.,
2374,fantastic,異形、奇想天外、奇抜,1,A1,,,,,,,,,,fantastic adj.,
2375,fantasy,空想、幻想、夢幻,8,B2,,,,,,,,,,fantasy n.,
2376,far,遠い、遥か、遥かに,4,B1,,,,,,,,,,far adj.,
2377,far,遥か、遥かに、遠い,1,A1,,,,,,,,,,far adv.,
2378,farce,猿芝居、茶番、茶番狂言,32,C2,,,,,,,,,,farce (n),
2379,farcical,茶番的、喜劇的,32,C2,,,,,,,,,,farcical (adj),
2380,fare,運賃、料金、船賃,8,B2,,,,,,,,,,fare n.,
2381,farm,作場、田んぼ、農場,1,A1,,,,,,,,,,farm n.,
2382,farm,畑を作る、作場、田んぼ,2,A2,,,,,,,,,,farm v.,
2383,farmer,農家、農夫、農民,1,A1,,,,,,,,,,farmer n.,
2384,farming,作場、田んぼ、農場,2,A2,,,,,,,,,,farming n.,
2385,fascinating,魅力的、面白い、優艶,4,B1,,,,,,,,,,fascinating adj.,
2386,fashion,好尚、流、流儀,2,A2,,,,,,,,,,fashion n.,
2387,fashionable,今めかしい、今い、ハイカラ,4,B1,,,,,,,,,,fashionable adj.,
2388,fast,急、迅速、足早,1,A1,,,,,,,,,,"fast adj., adv.",
2389,fasten,括る、繋ぐ、繋げる,4,B1,,,,,,,,,,fasten v.,
2390,fastidious,喧しい、難しい、煩い,32,C2,,,,,,,,,,fastidious (adj),
2391,fat,脂、脂身、脂肪,2,A2,,,,,,,,,,fat n.,
2392,fat,太い、ぶっとい、でぶでぶ,1,A1,,,,,,,,,,fat adj.,
2393,fatal,致命的、フェータル、致死,16,C1,,,,,,,,,,fatal adj.,
2394,fatalism,運命論、宿命論,32,C2,,,,,,,,,,fatalism (n),
2395,fate,安危、因縁、因果,16,C1,,,,,,,,,,fate n.,
2396,father,お父さん、男親、乃父,1,A1,,,,,,,,,,father n.,
2397,fathom,尋、ファゾム,32,C2,,,,,,,,,,fathom (v),
2398,fatuous,愚かな、ばかげた,32,C2,,,,,,,,,,fatuous (adj),
2399,fault,過ち、過誤、過失,8,B2,,,,,,,,,,fault n.,
2400,fauna,動物誌、動物相、動物群,32,C2,,,,,,,,,,fauna (n),
2401,favor,愛顧、恩、恩恵,4,B1,,,,,,,,,,favor n.,
2402,favor,愛顧、下さる、賛成,8,B2,,,,,,,,,,favor v.,
2403,favorable,佳良、好調、好都合,16,C1,,,,,,,,,,favorable adj.,
2404,favorite,好き、フェイバリット、愛用,1,A1,,,,,,,,,,"favorite adj., n.",
2405,fawn,鹿の子、小鹿、鹿子,32,C2,,,,,,,,,,fawn over (phr v),
2406,fear,案じる、畏怖、畏懼,4,B1,,,,,,,,,,fear v.,
2407,fear,畏怖、畏懼、危疑,2,A2,,,,,,,,,,fear n.,
2408,feat,芸当、手柄、早業,16,C1,,,,,,,,,,feat n.,
2409,feather,羽、フェザー,8,B2,,,,,,,,,,feather n.,
2410,feature,看板、機能、出し物,2,A2,,,,,,,,,,feature n.,
2411,feature,機能、取り上げる、特集,4,B1,,,,,,,,,,feature v.,
2412,February,２月、フェブラリー,1,A1,,,,,,,,,,February n.,
2413,feckless,不甲斐ない,32,C2,,,,,,,,,,feckless (adj),
2414,federal,フェデラル,4,B1,,,,,,,,,,federal adj.,
2415,fee,手数料、代金、料,8,B2,,,,,,,,,,fee n.,
2416,feed,餌、支脈、飼料,8,B2,,,,,,,,,,feed n.,
2417,feed,飼う、摂食、養う,2,A2,,,,,,,,,,feed v.,
2418,feedback,帰還、フィードバック,8,B2,,,,,,,,,,feedback n.,
2419,feel,覚える、感じる、感じ取る,1,A1,,,,,,,,,,feel v.,
2420,feel,感触、手触り、色合い,8,B2,,,,,,,,,,feel n.,
2421,feeling,感触、手触り、色合い,1,A1,,,,,,,,,,feeling n.,
2422,feign,偽る、構える、称する,32,C2,,,,,,,,,,feign (v),
2423,feisty,元気のよい、けんか腰の,32,C2,,,,,,,,,,feisty (adj),
2424,fellow,相、代物、男,8,B2,,,,,,,,,,fellow adj.,
2425,felony,重罪、重犯、重大犯罪,16,C1,,,,,,,,,,felony n.,
2426,female,雌性、女性らしい、雌,2,A2,,,,,,,,,,"female adj., n.",
2427,feminist,女権拡張論者、女権論者、フェミニスト,16,C1,,,,,,,,,,"feminist adj., n.",
2428,fence,囲い、垣、垣根,4,B1,,,,,,,,,,fence n.,
2429,fermentation,発酵、沸騰,32,C2,,,,,,,,,,fermentation (n),
2430,ferocious,獰猛、凶暴、猛々しい,32,C2,,,,,,,,,,ferocious (adj),
2431,ferret,毛長鼬、白鼬、フェレット,32,C2,,,,,,,,,,ferret out (phr v),
2432,fervent,懸命、切実、熱心,32,C2,,,,,,,,,,fervent (adj),
2433,fervid,熱情的、白熱的,32,C2,,,,,,,,,,fervid (adj),
2434,fervour,気勢、激烈、熱気,32,C2,,,,,,,,,,fervour (n),
2435,festival,祭典、祭礼、祭祀,1,A1,,,,,,,,,,festival n.,
2436,fetish,性癖、属性、呪物,32,C2,,,,,,,,,,fetish (n),
2437,feud,騒動、背中合わせ、いがみ合い,32,C2,,,,,,,,,,feud (n),
2438,fever,熱、熱気、熱病,2,A2,,,,,,,,,,fever n.,
2439,few,幾つか、僅か、僅少,1,A1,,,,,,,,,,"few det./adj., pron.",
2440,fiasco,大失敗、わやく,32,C2,,,,,,,,,,fiasco (n),
2441,fiber,筋、繊維、ファイバー,16,C1,,,,,,,,,,fiber n.,
2442,fickle,移り気、変わりやすい、気まぐれ,32,C2,,,,,,,,,,fickle (adj),
2443,fiction,偽り、虚構、作り物,2,A2,,,,,,,,,,fiction n.,
2444,fidelity,実、信義、真実性,32,C2,,,,,,,,,,fidelity (n),
2445,field,境地、原、原頭,2,A2,,,,,,,,,,field n.,
2446,fierce,苛烈、強い、荒い,16,C1,,,,,,,,,,fierce adj.,
2447,fifteen,十五、フィフティーン,1,A1,,,,,,,,,,fifteen number,
2448,fifth,第五、冷や飯食い、五度,1,A1,,,,,,,,,,fifth number,
2449,fifty,５０、フィフティー,1,A1,,,,,,,,,,fifty number,
2450,fight,殴り合う、打ち合う、喧嘩,2,A2,,,,,,,,,,"fight v., n.",
2451,fighting,喧嘩、合戦、出入り,4,B1,,,,,,,,,,fighting n.,
2452,figment,作り事、空想の産物,32,C2,,,,,,,,,,figment (n),
2453,figure,格、形、形象,2,A2,,,,,,,,,,figure n.,
2454,figure,思い描く、格、形,8,B2,,,,,,,,,,figure v.,
2455,figurehead,案山子、看板、置物,32,C2,,,,,,,,,,figurehead (n),
2456,file,持ち込む、綴じる、擦る,8,B2,,,,,,,,,,file v.,
2457,file,列、鑢、縦列,4,B1,,,,,,,,,,file n.,
2458,filibuster,議事妨害、フィリバスター,32,C2,,,,,,,,,,filibuster (n),
2459,fill,詰める、勤める、張る,1,A1,,,,,,,,,,fill v.,
2460,film,写す、ダビング、映画,2,A2,,,,,,,,,,"film n., v.",
2461,filmmaker,映像作家,16,C1,,,,,,,,,,filmmaker n.,
2462,filter,漉す、濾過器、水嚢,16,C1,,,,,,,,,,"filter n., v.",
2463,final,究極、決定的、最後,2,A2,,,,,,,,,,final n.,
2464,final,決定的、末期的、最終的,1,A1,,,,,,,,,,final adj.,
2465,finally,軈て、漸と、遂に,2,A2,,,,,,,,,,finally adv.,
2466,finance,会計、貢ぐ、賄う,8,B2,,,,,,,,,,"finance n., v.",
2467,financial,経済的、財政的、金銭的,4,B1,,,,,,,,,,financial adj.,
2468,find,掘り当てる、見る、有り付く,1,A1,,,,,,,,,,find v.,
2469,finding,拾い物、掘り出し物、儲け物,8,B2,,,,,,,,,,finding n.,
2470,fine,快調、宜しい、結構,1,A1,,,,,,,,,,fine adj.,
2471,fine,見事、取る、目の詰んだ,16,C1,,,,,,,,,,"fine n., v.",
2472,finesse,技巧、権謀術数、手事,32,C2,,,,,,,,,,finesse (n),
2473,finger,一指、指、指先,2,A2,,,,,,,,,,finger n.,
2474,finish,なし終える、なし終わる、やり遂げる,1,A1,,,,,,,,,,finish v.,
2475,finish,仕上がり、出来、出来上がり,2,A2,,,,,,,,,,finish n.,
2476,fire,火、火の手、火気,1,A1,,,,,,,,,,fire n.,
2477,fire,射撃、焼く、焼付ける,2,A2,,,,,,,,,,fire v.,
2478,firearm,銃火器,16,C1,,,,,,,,,,firearm n.,
2479,firefighter,鳶、消防士、とび職,8,B2,,,,,,,,,,firefighter n.,
2480,firework,花火,8,B2,,,,,,,,,,firework n.,
2481,firm,確固、頑丈、気丈,8,B2,,,,,,,,,,firm adj.,
2482,firm,頑丈、気丈、強気,8,B2,,,,,,,,,,firm n.,
2483,firmly,確固、泰然、断固,8,B2,,,,,,,,,,firmly adv.,
2484,first,一、一つ目、一次,2,A2,,,,,,,,,,first n.,
2485,first,逸早く、最初、先ず,1,A1,,,,,,,,,,"first det./number, adv.",
2486,fiscal,財政的、フィスカル,16,C1,,,,,,,,,,fiscal adj.,
2487,fish,ちゃんこ鍋、ちゃんこ料理、加薬,1,A1,,,,,,,,,,fish n.,
2488,fish,漁る、釣る、糸を垂れる,2,A2,,,,,,,,,,fish v.,
2489,fishing,ちゃんこ鍋、ちゃんこ料理、加薬,2,A2,,,,,,,,,,fishing n.,
2490,fissure,罅、亀裂、ひび割れ,32,C2,,,,,,,,,,fissure (n),
2491,fit,激発、健康、元気,16,C1,,,,,,,,,,fit n.,
2492,fit,健康、元気、好適,2,A2,,,,,,,,,,"fit v., adj.",
2493,fitness,適否、適合性、適応度,4,B1,,,,,,,,,,fitness n.,
2494,five,五、五つ、五本,1,A1,,,,,,,,,,five number,
2495,fix,羽目、修正、フィクス,8,B2,,,,,,,,,,fix n.,
2496,fix,括り付ける、決める、止める,2,A2,,,,,,,,,,fix v.,
2497,fixed,一定、定型的、羽目,4,B1,,,,,,,,,,fixed adj.,
2498,flag,一旗、印、旗,4,B1,,,,,,,,,,flag n.,
2499,flagrant,明白,32,C2,,,,,,,,,,flagrant (adj),
2500,flame,炎、炎光、炎色,8,B2,,,,,,,,,,flame n.,
2501,flash,一閃、書き込む、閃かす,8,B2,,,,,,,,,,"flash n., v.",
2502,flat,閑散、平たい、平ら,2,A2,,,,,,,,,,flat adj.,
2503,flaunt,見せびらかす、見せつける,32,C2,,,,,,,,,,flaunt (v),
2504,flavor,塩梅、口味、香味,8,B2,,,,,,,,,,flavor n.,
2505,flaw,汚点、欠陥、欠点,16,C1,,,,,,,,,,flaw n.,
2506,flawed,欠陥のある,16,C1,,,,,,,,,,flawed adj.,
2507,flee,走る、飛ぶ、逃げ出す,16,C1,,,,,,,,,,flee v.,
2508,fleet,艦隊、船隊、船団,16,C1,,,,,,,,,,fleet n.,
2509,fleeting,淡い、泡沫的、儚い,32,C2,,,,,,,,,,fleeting (adj),
2510,flesh,心残り、肉、肉体,16,C1,,,,,,,,,,flesh n.,
2511,flexibility,柔軟性、伸び縮み、伸縮,16,C1,,,,,,,,,,flexibility n.,
2512,flexible,曲げ易い、柔軟、伸縮自在,8,B2,,,,,,,,,,flexible adj.,
2513,flight,航続、航程、行程,1,A1,,,,,,,,,,flight n.,
2514,flimsy,薄っぺら、薄っぺらい、へなへな,32,C2,,,,,,,,,,flimsy (adj),
2515,float,漂う、浮かべる、浮き上がる,8,B2,,,,,,,,,,float v.,
2516,flood,溢れる、殺到、浸水,4,B1,,,,,,,,,,"flood n., v.",
2517,floor,階、床、床面,1,A1,,,,,,,,,,floor n.,
2518,flora,植物誌、植物相、フローラ,32,C2,,,,,,,,,,flora (n),
2519,flotsam,浮き荷、漂流物,32,C2,,,,,,,,,,flotsam (n),
2520,flour,粉、麺、打ち粉,4,B1,,,,,,,,,,flour n.,
2521,flourish,栄える、活躍、興る,16,C1,,,,,,,,,,flourish v.,
2522,flout,公然と無視する,32,C2,,,,,,,,,,flout (v),
2523,flow,出る、通じる、通り,4,B1,,,,,,,,,,"flow v., n.",
2524,flower,花、草花、精華,1,A1,,,,,,,,,,flower n.,
2525,flu,流感、流行性感冒、風邪,2,A2,,,,,,,,,,flu n.,
2526,fluid,液、滑らか、水,16,C1,,,,,,,,,,fluid n.,
2527,flux,溶剤、融剤、フラックス,32,C2,,,,,,,,,,flux (n),
2528,fly,掲げる、上げる、飛ぶ,1,A1,,,,,,,,,,fly v.,
2529,fly,蠅、飛行、飛球,2,A2,,,,,,,,,,fly n.,
2530,flying,駸々、掲げる、上げる,2,A2,,,,,,,,,,"flying n., adj.",
2531,focus,注ぎ込む、的を絞る、焦点を当てる,2,A2,,,,,,,,,,"focus v., n.",
2532,fodder,餌、飼料、飼い葉,32,C2,,,,,,,,,,fodder (n),
2533,foible,小さな欠点、弱点,32,C2,,,,,,,,,,foible (n),
2534,fold,筋目、折、折れ目,8,B2,,,,,,,,,,fold n.,
2535,fold,畳む、折る、束ねる,4,B1,,,,,,,,,,fold v.,
2536,folding,筋目、畳む、折,8,B2,,,,,,,,,,folding adj.,
2537,folk,衆、民、民間,4,B1,,,,,,,,,,"folk n., adj.",
2538,follow,沿う、継ぐ、守る,1,A1,,,,,,,,,,follow v.,
2539,following,以下、下記、後続,4,B1,,,,,,,,,,following n.,
2540,following,以下、下記、後続,8,B2,,,,,,,,,,following prep.,
2541,following,明くる、以下、下記,2,A2,,,,,,,,,,following adj.,
2542,folly,愚行、馬鹿、愚,32,C2,,,,,,,,,,folly (n),
2543,foment,アジる,32,C2,,,,,,,,,,foment (v),
2544,fond,フォン,8,B2,,,,,,,,,,fond adj.,
2545,food,召し上がり物、食べ物、食品,1,A1,,,,,,,,,,food n.,
2546,fool,阿呆陀羅、惚け、間抜け,8,B2,,,,,,,,,,fool n.,
2547,foolhardiness,向こう見ず、猪突、蛮勇,32,C2,,,,,,,,,,foolhardiness (n),
2548,foot,下手、脚部、裳裾,1,A1,,,,,,,,,,foot n.,
2549,footage,映像、絵,16,C1,,,,,,,,,,footage n.,
2550,football,蹴球、玉蹴り、フットボール,1,A1,,,,,,,,,,football n.,
2551,for,〜のために、〜にとって,1,A1,,,,,,,,,,for prep.,
2552,foray,急襲、進出,32,C2,,,,,,,,,,foray (n),
2553,forbearance,勘弁、堪忍、寛容,32,C2,,,,,,,,,,forbearance (n),
2554,forbid,戒める、禁ずる、止める,8,B2,,,,,,,,,,forbid v.,
2555,force,こじ付ける、押す、寄せる,4,B1,,,,,,,,,,"force n., v.",
2556,forecast,計算、見通す、占う,8,B2,,,,,,,,,,"forecast n., v.",
2557,foreign,対外的、南京、海外,2,A2,,,,,,,,,,foreign adj.,
2558,foreigner,夷、夷人、異人,16,C1,,,,,,,,,,foreigner n.,
2559,forerunner,先駆、先駆者、先払い,32,C2,,,,,,,,,,forerunner (n),
2560,forest,森、森林、林,2,A2,,,,,,,,,,forest n.,
2561,forestall,出し抜く、先んじる、先んずる,32,C2,,,,,,,,,,forestall (v),
2562,forever,何時までも、末始終、永々,4,B1,,,,,,,,,,forever adv.,
2563,forfeiture,失墜、没収、流れ,32,C2,,,,,,,,,,forfeiture (n),
2564,forge,似せる、鍛える、模する,16,C1,,,,,,,,,,forge v.,
2565,forget,失する、忘れる、逸する,1,A1,,,,,,,,,,forget v.,
2566,forgive,許す、免じる、免ずる,8,B2,,,,,,,,,,forgive v.,
2567,forgo,なしで済ます、控える,32,C2,,,,,,,,,,forgo (v),
2568,fork,熊手、股、巷,2,A2,,,,,,,,,,fork n.,
2569,forlorn,心細い、頼りない、寂寞,32,C2,,,,,,,,,,forlorn (adj),
2570,form,握る、為す、形作る,1,A1,,,,,,,,,,"form n., v.",
2571,formal,儀礼的、窮屈、形式的,2,A2,,,,,,,,,,formal adj.,
2572,format,形式、書き方、書式,8,B2,,,,,,,,,,format n.,
2573,formation,形成、結成、構成,8,B2,,,,,,,,,,formation n.,
2574,former,旧、上がり、昔,8,B2,,,,,,,,,,former adj.,
2575,formerly,昔、嘗て、旧来,8,B2,,,,,,,,,,formerly adv.,
2576,formidable,手ごわい、侮りがたい、厳めしい,32,C2,,,,,,,,,,formidable (adj),
2577,formula,決まり文句、公式、式,16,C1,,,,,,,,,,formula n.,
2578,formulate,立てる、打ち立てる,16,C1,,,,,,,,,,formulate v.,
2579,forsake,見捨てる、振り捨てる、突き放す,32,C2,,,,,,,,,,forsake (v),
2580,forte,強み、得手、特長,32,C2,,,,,,,,,,forte (n),
2581,forth,フォース,16,C1,,,,,,,,,,forth adv.,
2582,forthcoming,来る,16,C1,,,,,,,,,,forthcoming adj.,
2583,fortitude,剛毅、腰骨、骨,32,C2,,,,,,,,,,fortitude (n),
2584,fortuitous,僥倖,32,C2,,,,,,,,,,fortuitous (adj),
2585,fortunate,上手い、冥加、幸ある,8,B2,,,,,,,,,,fortunate adj.,
2586,fortunately,恰も好し、幸い、折よく,2,A2,,,,,,,,,,fortunately adv.,
2587,fortune,運、運気、運勢,8,B2,,,,,,,,,,fortune n.,
2588,forty,４０、フォーティー,1,A1,,,,,,,,,,forty number,
2589,forum,広場、土俵、討論会,8,B2,,,,,,,,,,forum n.,
2590,forward,寄越す、回す、前,2,A2,,,,,,,,,,forward adv.,
2591,forward,僭越、図々しい、差し出がましい,8,B2,,,,,,,,,,forward adj.,
2592,fossil,化石,8,B2,,,,,,,,,,fossil n.,
2593,foster,育てる、培う、養う,16,C1,,,,,,,,,,foster v.,
2594,found,開く、起こす、作る,8,B2,,,,,,,,,,found v.,
2595,foundation,営団、下地、基金,8,B2,,,,,,,,,,foundation n.,
2596,founder,開祖、元祖、始祖,8,B2,,,,,,,,,,founder n.,
2597,founder,開祖、元祖、始祖,32,C2,,,,,,,,,,founder (v),
2598,four,と言うのは、何故ならば、に取って,1,A1,,,,,,,,,,four number,
2599,fourteen,十四、フォーティーン,1,A1,,,,,,,,,,fourteen number,
2600,fourth,冷や飯食い、四半分、第四,1,A1,,,,,,,,,,fourth number,
2601,fraction,小数、端数、半端,8,B2,,,,,,,,,,fraction n.,
2602,fractious,気難しい、手に負えない,32,C2,,,,,,,,,,fractious (adj),
2603,fragile,華奢、割れ易い、脆い,16,C1,,,,,,,,,,fragile adj.,
2604,fragment,一個、一端、一片,8,B2,,,,,,,,,,fragment n.,
2605,frame,陥れる、綴る、仕立て上げる,4,B1,,,,,,,,,,"frame n., v.",
2606,framework,屋台、形骸、構造,8,B2,,,,,,,,,,framework n.,
2607,franchise,公民権、参政権、特許,16,C1,,,,,,,,,,franchise n.,
2608,frankly,遠慮なく、実は、正直,16,C1,,,,,,,,,,frankly adv.,
2609,fraud,詐欺、似非者、如何様,8,B2,,,,,,,,,,fraud n.,
2610,fraught,満ちた、不安を伴う,32,C2,,,,,,,,,,fraught (adj),
2611,fray,乱闘、解れ,32,C2,,,,,,,,,,fray (n),
2612,free,閑散、救い出す、自由自在,2,A2,,,,,,,,,,free adv.,
2613,free,閑散、自由自在、随意,1,A1,,,,,,,,,,free adj.,
2614,free,救い出す、放す、非定型,8,B2,,,,,,,,,,free v.,
2615,freedom,自由、独立、幅,8,B2,,,,,,,,,,freedom n.,
2616,freely,遠慮なく、自由に、存分に,8,B2,,,,,,,,,,freely adv.,
2617,freeze,凝らす、凝らせる、凝る,4,B1,,,,,,,,,,freeze v.,
2618,frenetic,必死,32,C2,,,,,,,,,,frenetic (adj),
2619,frenzy,狂暴、狂乱、血眼,32,C2,,,,,,,,,,frenzy (n),
2620,frequency,回数、周波、周波数,8,B2,,,,,,,,,,frequency n.,
2621,frequent,盛ん、多い、頻繁,8,B2,,,,,,,,,,frequent adj.,
2622,frequently,頻りに、繁繁、屡々,4,B1,,,,,,,,,,frequently adv.,
2623,fresh,生きがいい、旬、新しい,2,A2,,,,,,,,,,fresh adj.,
2624,freshman,新入生、平、新歓,16,C1,,,,,,,,,,freshman n.,
2625,freshman,新入生、平、新歓,32,C2,,,,,,,,,,freshman (n),
2626,fretful,むしゃくしゃ,32,C2,,,,,,,,,,fretful (adj),
2627,Friday,金、金曜、金曜日,1,A1,,,,,,,,,,Friday n.,
2628,friend,兄弟、交友、知人,1,A1,,,,,,,,,,friend n.,
2629,friendly,気さく、近い、互助的,1,A1,,,,,,,,,,friendly adj.,
2630,friendship,交誼、交際、交情,4,B1,,,,,,,,,,friendship n.,
2631,frighten,圧倒、脅しつける、脅す,4,B1,,,,,,,,,,frighten v.,
2632,frightened,カチカチ、圧倒、脅しつける,4,B1,,,,,,,,,,frightened adj.,
2633,frightening,恐ろしい、末恐ろしい、怖い,4,B1,,,,,,,,,,frightening adj.,
2634,frivolous,軽薄、上っ調子、上滑り,32,C2,,,,,,,,,,frivolous (adj),
2635,frog,剣山、蛙、蹄叉,2,A2,,,,,,,,,,frog n.,
2636,from,〜から,1,A1,,,,,,,,,,from prep.,
2637,front,真面、隠れ蓑、最前戦,1,A1,,,,,,,,,,"front n., adj.",
2638,frozen,フローズン,4,B1,,,,,,,,,,frozen adj.,
2639,frugal,倹しい、細かい、質素,32,C2,,,,,,,,,,frugal (adj),
2640,fruit,下ろし、果実、果物,1,A1,,,,,,,,,,fruit n.,
2641,fruition,結実、奏功,32,C2,,,,,,,,,,fruition (n),
2642,frustrated,欲求不満の、挫折した,16,C1,,,,,,,,,,frustrated adj.,
2643,frustrating,悔しい、苛立たしい、もどかしい,16,C1,,,,,,,,,,frustrating adj.,
2644,frustration,悔しさ、挫折、欲求不満,16,C1,,,,,,,,,,frustration n.,
2645,fry,炒める、稚魚、幼魚,4,B1,,,,,,,,,,fry v.,
2646,fuel,薪炭、燃料、燃油,4,B1,,,,,,,,,,fuel n.,
2647,fuel,薪炭、燃料、燃油,8,B2,,,,,,,,,,fuel v.,
2648,fulcrum,支柱、支点,32,C2,,,,,,,,,,fulcrum (n),
2649,fulfill,果たす、叶える、成し遂げる,8,B2,,,,,,,,,,fulfill v.,
2650,full,膨よか、一杯、詳しい,1,A1,,,,,,,,,,full adj.,
2651,full-time,ノーサイド、フルタイム、プロパー,8,B2,,,,,,,,,,full-time adj./adv.,
2652,fully,沁み沁み、一杯、十分,8,B2,,,,,,,,,,fully adv.,
2653,fulsome,過度な、不快なほどの,32,C2,,,,,,,,,,fulsome (adj),
2654,fun,愛嬌、一興、感興,1,A1,,,,,,,,,,fun n.,
2655,fun,楽しい、面白い、愛嬌,2,A2,,,,,,,,,,fun adj.,
2656,function,機能、業務、権能,4,B1,,,,,,,,,,function n.,
2657,function,機能、作用、生きる,8,B2,,,,,,,,,,function v.,
2658,functional,機能的、ファンクショナル、汎関数,16,C1,,,,,,,,,,functional adj.,
2659,fund,資金を出す、基金、基本金,8,B2,,,,,,,,,,"fund n., v.",
2660,fundamental,基本的、根本的、基礎的,8,B2,,,,,,,,,,fundamental adj.,
2661,fundamentally,基本的に、基本的、原,8,B2,,,,,,,,,,fundamentally adv.,
2662,funding,資金手当、基金、基本金,8,B2,,,,,,,,,,funding n.,
2663,fundraising,資金繰り、政治資金調達、資金調達,16,C1,,,,,,,,,,fundraising n.,
2664,funeral,限り、葬式、葬送,16,C1,,,,,,,,,,funeral n.,
2665,funny,可笑しい、滑稽、変,1,A1,,,,,,,,,,funny adj.,
2666,fur,皮、毛、毛皮,4,B1,,,,,,,,,,fur n.,
2667,furious,激しい、憤ろしい、カンカン,8,B2,,,,,,,,,,furious adj.,
2668,furniture,家具、家什、器物,2,A2,,,,,,,,,,furniture n.,
2669,furor,大騒ぎ,32,C2,,,,,,,,,,furor (n),
2670,further,更なる、それ以上、尚,2,A2,,,,,,,,,,further adj.,
2671,further,尚、尚又、この上,4,B1,,,,,,,,,,further adv.,
2672,furthermore,その上、更に、尚且つ,8,B2,,,,,,,,,,furthermore adv.,
2673,furtive,秘密めいた,32,C2,,,,,,,,,,furtive (adj),
2674,futile,虚しい、無益、無用,32,C2,,,,,,,,,,futile (adj),
2675,futility,徒労、無駄、ぺけ,32,C2,,,,,,,,,,futility (n),
2676,future,後、向こう、行き先,1,A1,,,,,,,,,,future n.,
2677,future,将来的、後、向こう,2,A2,,,,,,,,,,future adj.,
2678,gaffe,過言、言い損ない、へま,32,C2,,,,,,,,,,gaffe (n),
2679,gain,稼ぐ、収穫、出る,8,B2,,,,,,,,,,"gain v., n.",
2680,gallery,回廊、坑道、桟敷,2,A2,,,,,,,,,,gallery n.,
2681,gallon,ガロン,8,B2,,,,,,,,,,gallon n.,
2682,galvanise,活気づける、刺激する,32,C2,,,,,,,,,,galvanise (v),
2683,gambit,仕掛け,32,C2,,,,,,,,,,gambit (n),
2684,gambling,悪遊び、一六勝負、賭け事,16,C1,,,,,,,,,,gambling n.,
2685,game,一手、一戦、一番,1,A1,,,,,,,,,,game n.,
2686,gaming,一手、一戦、一番,8,B2,,,,,,,,,,gaming n.,
2687,gang,一隊、一団、一味,8,B2,,,,,,,,,,gang n.,
2688,gap,格差、隔たり、間,2,A2,,,,,,,,,,gap n.,
2689,garage,車庫、修理屋、整備工場,4,B1,,,,,,,,,,garage n.,
2690,garbage,汚物、屑、塵,2,A2,,,,,,,,,,garbage n.,
2691,garden,園、前栽、庭,1,A1,,,,,,,,,,garden n.,
2692,garish,悪どい、毒々しい、毳々しい,32,C2,,,,,,,,,,garish (adj),
2693,garner,呼ぶ,32,C2,,,,,,,,,,garner (v),
2694,garrison,衛兵、駐屯地、駐留,32,C2,,,,,,,,,,garrison (n),
2695,garrulous,口が多い,32,C2,,,,,,,,,,garrulous (adj),
2696,gas,屁、瓦斯、気体,2,A2,,,,,,,,,,gas n.,
2697,gate,関、口、扉,2,A2,,,,,,,,,,gate n.,
2698,gather,窺う、加える、加わる,4,B1,,,,,,,,,,gather v.,
2699,gathering,会、会合、寄せ,16,C1,,,,,,,,,,gathering n.,
2700,gauche,不器用,32,C2,,,,,,,,,,gauche (adj),
2701,gauntlet,甲掛け、籠手、ガントレット,32,C2,,,,,,,,,,gauntlet (n),
2702,gay,派手、煌びやか、華やか,8,B2,,,,,,,,,,gay adj.,
2703,gaze,凝視、見やる、眼差し,16,C1,,,,,,,,,,"gaze n., v.",
2704,gear,索具、歯車、ギア,16,C1,,,,,,,,,,gear n.,
2705,gender,性、性的、性別,8,B2,,,,,,,,,,gender n.,
2706,gene,遺伝子、遺伝因子、ゲン,8,B2,,,,,,,,,,gene n.,
2707,genealogy,系図、系図学、系譜,32,C2,,,,,,,,,,genealogy (n),
2708,general,一般、一般的、原則的,2,A2,,,,,,,,,,general adj.,
2709,generally,通常、一体、一通り,4,B1,,,,,,,,,,generally adv.,
2710,generate,起こす、張る、ジェネレート,8,B2,,,,,,,,,,generate v.,
2711,generation,一代、世代、生成,4,B1,,,,,,,,,,generation n.,
2712,generic,後発品、汎用、属,16,C1,,,,,,,,,,generic adj.,
2713,generous,過分、寛大、甘い,4,B1,,,,,,,,,,generous adj.,
2714,genesis,原始、創世記、発生,32,C2,,,,,,,,,,genesis (n),
2715,genetic,遺伝的、遺伝子、ジェネティック,8,B2,,,,,,,,,,genetic adj.,
2716,genial,和やか、暖かい、暖か,32,C2,,,,,,,,,,genial (adj),
2717,genius,異才、鬼才、俊逸,8,B2,,,,,,,,,,genius n.,
2718,genocide,大虐殺、大量虐殺、ジェノサイド,16,C1,,,,,,,,,,genocide n.,
2719,genre,類型、ジャンル,8,B2,,,,,,,,,,genre n.,
2720,gentle,温厚、温良、穏やか,4,B1,,,,,,,,,,gentle adj.,
2721,gentleman,君子、士君子、紳士,4,B1,,,,,,,,,,gentleman n.,
2722,genuflect,片膝を突く,32,C2,,,,,,,,,,genuflect (v),
2723,genuine,純粋、純正、真正,8,B2,,,,,,,,,,genuine adj.,
2724,genuinely,普通に、純粋、純正,8,B2,,,,,,,,,,genuinely adv.,
2725,geography,地理、地理学、ジオグラフィー,1,A1,,,,,,,,,,geography n.,
2726,germane,密接に関係した,32,C2,,,,,,,,,,germane (adj),
2727,gestation,妊娠、発展期間,32,C2,,,,,,,,,,gestation (n),
2728,gesture,仕草、手振り、所作,8,B2,,,,,,,,,,gesture n.,
2729,get,得る、〜になる,1,A1,,,,,,,,,,get v.,
2730,ghost,お化け、怪異、曲者,4,B1,,,,,,,,,,ghost n.,
2731,giant,ジャイアント、巨漢、巨人,4,B1,,,,,,,,,,"giant adj., n.",
2732,gift,景品、お礼、使い物,2,A2,,,,,,,,,,gift n.,
2733,gig,ギグ,16,C1,,,,,,,,,,gig n.,
2734,gingerly,恐る恐る、そろそろ、おっかなびっくり,32,C2,,,,,,,,,,gingerly (adv),
2735,girl,子女、女、女の子,1,A1,,,,,,,,,,girl n.,
2736,girlfriend,女、彼女、恋人,1,A1,,,,,,,,,,girlfriend n.,
2737,gist,概ね、概略、眼目,32,C2,,,,,,,,,,gist (n),
2738,give,与える,1,A1,,,,,,,,,,give v.,
2739,glad,嬉しい,4,B1,,,,,,,,,,glad adj.,
2740,glance,一見、一瞥、一覧,16,C1,,,,,,,,,,"glance n., v.",
2741,glass,硝子、洋杯、瑠璃,1,A1,,,,,,,,,,glass n.,
2742,glean,少しずつ集める,32,C2,,,,,,,,,,glean (v),
2743,glib,口がうまい、口達者、口のうまい,32,C2,,,,,,,,,,glib (adj),
2744,glimpse,一見、一目、片鱗,16,C1,,,,,,,,,,glimpse n.,
2745,global,世界的、大域的、グローバル,4,B1,,,,,,,,,,global adj.,
2746,globalization,グローバル化、グローバリゼーション,8,B2,,,,,,,,,,globalization n.,
2747,globe,球体、玉、地球,8,B2,,,,,,,,,,globe n.,
2748,glorious,輝かしい、豪快、爛漫,16,C1,,,,,,,,,,glorious adj.,
2749,glory,栄華、栄光、英名,16,C1,,,,,,,,,,glory n.,
2750,glossary,単語篇、用語集、語史,32,C2,,,,,,,,,,glossary (n),
2751,glove,手袋、グラブ、グローブ,4,B1,,,,,,,,,,glove n.,
2752,gluttony,健啖、飽食、暴食,32,C2,,,,,,,,,,gluttony (n),
2753,go,行く,1,A1,,,,,,,,,,go v.,
2754,go,行く,4,B1,,,,,,,,,,go n.,
2755,goal,志、趣旨、前提,2,A2,,,,,,,,,,goal n.,
2756,god,上帝、上天、神,2,A2,,,,,,,,,,god n.,
2757,gold,ゴールド、黄金、金,2,A2,,,,,,,,,,"gold n., adj.",
2758,golden,黄金、黄金色、金,8,B2,,,,,,,,,,golden adj.,
2759,golf,ゴルフ,2,A2,,,,,,,,,,golf n.,
2760,good,碌、為、佳,2,A2,,,,,,,,,,good n.,
2761,good,碌、佳、佳良,1,A1,,,,,,,,,,good adj.,
2762,goodbye,お疲れ様、乙、左様なら,1,A1,,,,,,,,,,goodbye exclam./n.,
2763,goodness,仁徳、善、善良,8,B2,,,,,,,,,,goodness n.,
2764,goods,荷、財、商品,8,B2,,,,,,,,,,goods n.,
2765,gorgeous,絢爛、華麗、豪華,8,B2,,,,,,,,,,gorgeous adj.,
2766,govern,司る、治める、統べる,8,B2,,,,,,,,,,govern v.,
2767,governance,行政、治略、ガバナンス,16,C1,,,,,,,,,,governance n.,
2768,government,経世、御上、公儀,2,A2,,,,,,,,,,government n.,
2769,governor,御大、支配者、主席,8,B2,,,,,,,,,,governor n.,
2770,grab,取る、奪い取る、掴む,8,B2,,,,,,,,,,grab v.,
2771,grace,お陰、お蔭様、恩恵,16,C1,,,,,,,,,,grace n.,
2772,grade,位、位取り、階級,4,B1,,,,,,,,,,grade n.,
2773,grade,位取り、程度、評定,8,B2,,,,,,,,,,grade v.,
2774,gradually,一日一日、次第に、漸く,8,B2,,,,,,,,,,gradually adv.,
2775,graduate,終える、出る、盛る,4,B1,,,,,,,,,,"graduate n., v.",
2776,grain,一粒、穀物、穀粒,4,B1,,,,,,,,,,grain n.,
2777,grand,偉大、遠大、宏壮,8,B2,,,,,,,,,,grand adj.,
2778,grandeur,豪壮、重み,32,C2,,,,,,,,,,grandeur (n),
2779,grandfather,お祖父さん、祖父、祖,1,A1,,,,,,,,,,grandfather n.,
2780,grandmother,お祖母さん、祖母、婆さん,1,A1,,,,,,,,,,grandmother n.,
2781,grandparent,祖父母,1,A1,,,,,,,,,,grandparent n.,
2782,grant,下賜、下付、叶える,8,B2,,,,,,,,,,"grant v., n.",
2783,graphic,写実的、躍如、生々しい,8,B2,,,,,,,,,,graphic adj.,
2784,graphics,図学、写実的、図形,8,B2,,,,,,,,,,graphics n.,
2785,grasp,掴み取る、握る、会得,16,C1,,,,,,,,,,grasp v.,
2786,grass,芝生、草、牧草,2,A2,,,,,,,,,,grass n.,
2787,grateful,有難い、忝い,4,B1,,,,,,,,,,grateful adj.,
2788,gratification,会心、満足、喜び,32,C2,,,,,,,,,,gratification (n),
2789,gratuitous,無報酬、無料、有らずもがな,32,C2,,,,,,,,,,gratuitous (adj),
2790,grave,危ない、危なっかしい、厳か,16,C1,,,,,,,,,,grave (serious) adj.,
2791,grave,厳か、厳粛、重大,16,C1,,,,,,,,,,grave (for dead person) n.,
2792,gravitas,重々しさ、威厳,32,C2,,,,,,,,,,gravitas (n),
2793,gravity,威厳、重要性、重力,16,C1,,,,,,,,,,gravity n.,
2794,gray,青い、青し、灰色,1,A1,,,,,,,,,,"gray adj., n.",
2795,great,偉い、偉大、大いなる,1,A1,,,,,,,,,,great adj.,
2796,greatly,一方ならず、甚だ、大いに,8,B2,,,,,,,,,,greatly adv.,
2797,green,若い、青い、青臭い,1,A1,,,,,,,,,,"green adj., n.",
2798,greenhouse,温室、室、植物館,8,B2,,,,,,,,,,greenhouse n.,
2799,greet,迎える、出迎える、声をかける,2,A2,,,,,,,,,,greet v.,
2800,gregarious,社交的な、群居性の,32,C2,,,,,,,,,,gregarious (adj),
2801,grid,格子、盤、碁盤目,16,C1,,,,,,,,,,grid n.,
2802,grief,哀れ、哀愁、哀傷,16,C1,,,,,,,,,,grief n.,
2803,grievance,苦情、言い分、不平,32,C2,,,,,,,,,,grievance (n),
2804,grin,笑い掛ける、若気る、頬が緩む,16,C1,,,,,,,,,,"grin v., n.",
2805,grind,挽く、磨く、軋る,16,C1,,,,,,,,,,grind v.,
2806,grip,握る、掴む、把持,16,C1,,,,,,,,,,"grip n., v.",
2807,grocery,食料雑貨店、グローサリー,2,A2,,,,,,,,,,grocery n.,
2808,gross,毒々しい、気持ち悪い、刳い,16,C1,,,,,,,,,,gross adj.,
2809,ground,基底、接地、大地,2,A2,,,,,,,,,,ground n.,
2810,group,一群、一群れ、一手,1,A1,,,,,,,,,,group n.,
2811,grovel,這いつくばる、這いつくばう,32,C2,,,,,,,,,,grovel (v),
2812,grow,育つ、加わる、開ける,1,A1,,,,,,,,,,grow v.,
2813,growth,育ち、化生、成育,4,B1,,,,,,,,,,growth n.,
2814,gruelling,非常に骨の折れる,32,C2,,,,,,,,,,gruelling (adj),
2815,guarantee,確保、請け合う、担保,8,B2,,,,,,,,,,"guarantee v., n.",
2816,guard,警衛、警備、護衛,4,B1,,,,,,,,,,"guard n., v.",
2817,guerrilla,ゲリラ兵、ゲリラ,16,C1,,,,,,,,,,guerrilla n.,
2818,guess,窺う、察する、偲ぶ,1,A1,,,,,,,,,,"guess v., n.",
2819,guest,お客さん、お客様、客,2,A2,,,,,,,,,,guest n.,
2820,guidance,案内、指導、支配,16,C1,,,,,,,,,,guidance n.,
2821,guide,引き回す、総覧、導く,2,A2,,,,,,,,,,"guide n., v.",
2822,guideline,指針、心得、ガイドライン,8,B2,,,,,,,,,,guideline n.,
2823,guile,悪知恵、ガイル,32,C2,,,,,,,,,,guile (n),
2824,guilt,黒、罪科、有罪,16,C1,,,,,,,,,,guilt n.,
2825,guilty,後ろめたい、身に覚えのある、ギルティ,4,B1,,,,,,,,,,guilty adj.,
2826,guitar,ギター,1,A1,,,,,,,,,,guitar n.,
2827,gullible,騙されやすい、お目出度い,32,C2,,,,,,,,,,gullible (adj),
2828,gun,銃、大砲、鉄砲,2,A2,,,,,,,,,,gun n.,
2829,gut,腑、ＧＵＴ、ガット,16,C1,,,,,,,,,,gut n.,
2830,guy,男、奴、野郎,2,A2,,,,,,,,,,guy n.,
2831,gym,体育、ジム、アスレチッククラブ,1,A1,,,,,,,,,,gym n.,
2832,habit,慣行、習わし、習慣,2,A2,,,,,,,,,,habit n.,
2833,habitat,原産、住処、生息地,8,B2,,,,,,,,,,habitat n.,
2834,hackneyed,月並み、古い、古臭い,32,C2,,,,,,,,,,hackneyed (adj),
2835,hail,迎える、呼びかける、呼び止める,16,C1,,,,,,,,,,hail v.,
2836,hair,一髪、下げ髪、頭髪,1,A1,,,,,,,,,,hair n.,
2837,halcyon,穏やかな、幸福な,32,C2,,,,,,,,,,halcyon (n),
2838,half,一半、五分、中分,1,A1,,,,,,,,,,"half n., det./pron.",
2839,half,五分、半ば、半分,2,A2,,,,,,,,,,half adv.,
2840,halfway,半道、途中、憖,16,C1,,,,,,,,,,halfway adv.,
2841,hall,場内、殿堂、堂,2,A2,,,,,,,,,,hall n.,
2842,hallmark,極印、折り紙,32,C2,,,,,,,,,,hallmark (n),
2843,halo,円光、後光、光背,32,C2,,,,,,,,,,halo (n),
2844,halt,食い止める、停止、停留,16,C1,,,,,,,,,,"halt v., n.",
2845,hamper,殺す、水をさす、水をかける,32,C2,,,,,,,,,,hamper (v),
2846,hand,一臂、指針、手,1,A1,,,,,,,,,,hand n.,
2847,hand,取る、一臂、指針,4,B1,,,,,,,,,,hand v.,
2848,handful,握り、一握、一握り,16,C1,,,,,,,,,,handful n.,
2849,handle,遇う、扱う、掛かる,8,B2,,,,,,,,,,"handle v., n.",
2850,handling,運用、応対、操作,16,C1,,,,,,,,,,handling n.,
2851,handy,簡便、器用、軽便,16,C1,,,,,,,,,,handy adj.,
2852,hang,ぶら下げる、下がる、下げる,4,B1,,,,,,,,,,hang v.,
2853,haphazard,行き当たりばったりの、無計画な,32,C2,,,,,,,,,,haphazard (adj),
2854,hapless,不運な,32,C2,,,,,,,,,,hapless (adj),
2855,happen,起きる、起こる、有る,1,A1,,,,,,,,,,happen v.,
2856,happily,仲良く、浮き浮き、いい具合に,2,A2,,,,,,,,,,happily adv.,
2857,happiness,果報、鼓腹、光,4,B1,,,,,,,,,,happiness n.,
2858,happy,円満、楽しい、嬉しい,1,A1,,,,,,,,,,happy adj.,
2859,harangue,長々とした説教・熱弁、長々と説教する,32,C2,,,,,,,,,,harangue (n) / harangue (v),
2860,harassment,嫌がらせ、アカハラ、ハラスメント,16,C1,,,,,,,,,,harassment n.,
2861,harbinger,前駆、前触れ、前表,32,C2,,,,,,,,,,harbinger (n),
2862,harbor,港、港湾、船着き場,8,B2,,,,,,,,,,harbor n.,
2863,hard,遠い、緩い、苦しい,1,A1,,,,,,,,,,"hard adj., adv.",
2864,hardly,幾つも、漸く、碌碌,4,B1,,,,,,,,,,hardly adv.,
2865,hardware,金物、ハード、ハードウェア,16,C1,,,,,,,,,,hardware n.,
2866,harm,遣る、侵す、損じる,8,B2,,,,,,,,,,"harm n., v.",
2867,harmful,不為、有害,8,B2,,,,,,,,,,harmful adj.,
2868,harmony,音調、協調、協和,16,C1,,,,,,,,,,harmony n.,
2869,harness,装具、馬具、上敷き,32,C2,,,,,,,,,,harness (v),
2870,harsh,険悪、厳しい、厳粛,16,C1,,,,,,,,,,harsh adj.,
2871,harvest,刈り込む、刈り取る、刈り入れ,16,C1,,,,,,,,,,"harvest n., v.",
2872,hasten,急ぐ、慌てる、取り急ぐ,32,C2,,,,,,,,,,hasten (v),
2873,hat,帽子、帽、シャッポ,1,A1,,,,,,,,,,hat n.,
2874,hate,厭う、嫌う、嫌悪,1,A1,,,,,,,,,,hate v.,
2875,hate,嫌悪、ヘイト、厭う,4,B1,,,,,,,,,,hate n.,
2876,hatred,怨念、憎しみ、憎悪,16,C1,,,,,,,,,,hatred n.,
2877,haughty,横柄、誇らしい、尊大,32,C2,,,,,,,,,,haughty (adj),
2878,haunt,取り付く、巣食う、付く,16,C1,,,,,,,,,,haunt v.,
2879,have,持っている、〜する,1,A1,,,,,,,,,,have v.,
2880,have,持っている、〜する,1,A1,,,,,,,,,,have modal v.,
2881,have,持っている、〜する,2,A2,,,,,,,,,,have auxiliary v.,
2882,havoc,大混乱、破壊,32,C2,,,,,,,,,,havoc (n),
2883,hazard,危険、危難、冒険,16,C1,,,,,,,,,,hazard n.,
2884,he,彼は,1,A1,,,,,,,,,,he pron.,
2885,head,一座、一頭、雁首,1,A1,,,,,,,,,,head n.,
2886,head,行く、チーフ、一座,4,B1,,,,,,,,,,head v.,
2887,headache,頭痛,2,A2,,,,,,,,,,headache n.,
2888,headline,見出し、表題、ヘッドライン,4,B1,,,,,,,,,,headline n.,
2889,headquarters,根城、司令部、本営,8,B2,,,,,,,,,,headquarters n.,
2890,heal,癒す、治す、治る,8,B2,,,,,,,,,,heal v.,
2891,health,衛生、機嫌、健康,1,A1,,,,,,,,,,health n.,
2892,healthcare,医療、ヘルスケア,8,B2,,,,,,,,,,healthcare n.,
2893,healthy,旺盛、強い、健やか,1,A1,,,,,,,,,,healthy adj.,
2894,hear,伺う、承る、接する,1,A1,,,,,,,,,,hear v.,
2895,hearing,拝聞、査問、耳,8,B2,,,,,,,,,,hearing n.,
2896,hearsay,伝聞、うわさ,32,C2,,,,,,,,,,hearsay (n),
2897,heart,意気、奥、奥義,2,A2,,,,,,,,,,heart n.,
2898,heat,加温、焼く、熱する,2,A2,,,,,,,,,,"heat n., v.",
2899,heating,加温、加熱、火入れ,4,B1,,,,,,,,,,heating n.,
2900,heaven,上界、常世の国、天,8,B2,,,,,,,,,,heaven n.,
2901,heavily,強か、思いっきり、思い切り,4,B1,,,,,,,,,,heavily adv.,
2902,heavy,執拗い、怠い、厚い,2,A2,,,,,,,,,,heavy adj.,
2903,hedonistic,快楽主義の,32,C2,,,,,,,,,,hedonistic (adj),
2904,heed,聞き入れる、念頭,32,C2,,,,,,,,,,heed (v),
2905,heel,巻、卑劣漢、踵,8,B2,,,,,,,,,,heel n.,
2906,hegemony,主導権、覇権、覇,32,C2,,,,,,,,,,hegemony (n),
2907,height,極み、極致、高さ,2,A2,,,,,,,,,,height n.,
2908,heighten,深まる、深める、進む,16,C1,,,,,,,,,,heighten v.,
2909,heinous,極悪な、凶悪な,32,C2,,,,,,,,,,heinous (adj),
2910,heirloom,家宝、形見、伝家,32,C2,,,,,,,,,,heirloom (n),
2911,helicopter,ヘリ、ヘリコプター,4,B1,,,,,,,,,,helicopter n.,
2912,hell,汚泥、黄泉、黄土,8,B2,,,,,,,,,,hell n.,
2913,hello,ハロー、今日わ、今日は,1,A1,,,,,,,,,,hello exclam./n.,
2914,helmet,兜、鉄帽、ヘルメット,8,B2,,,,,,,,,,helmet n.,
2915,help,羽翼、応援、介錯,1,A1,,,,,,,,,,"help v., n.",
2916,helpful,懇切、有益、有用,2,A2,,,,,,,,,,helpful adj.,
2917,hence,その為、以て、此処に於て,8,B2,,,,,,,,,,hence adv.,
2918,henceforth,以来、自今以後、この後,32,C2,,,,,,,,,,henceforth (adv),
2919,henchman,共犯者、子分、手下,32,C2,,,,,,,,,,henchman (n),
2920,her,彼女の、彼女を,1,A1,,,,,,,,,,"her pron., det.",
2921,herald,掲げる、前駆、前触れ,32,C2,,,,,,,,,,herald (v),
2922,herb,香草、草、草本,8,B2,,,,,,,,,,herb n.,
2923,herbivore,草食動物、草食獣、草食系,32,C2,,,,,,,,,,herbivore (n),
2924,here,ここに,1,A1,,,,,,,,,,here adv.,
2925,heresy,異端、外道、邪教,32,C2,,,,,,,,,,heresy (n),
2926,heretical,異端の,32,C2,,,,,,,,,,heretical (adj),
2927,heritage,遺産、世襲、相続財産,16,C1,,,,,,,,,,heritage n.,
2928,hero,偉丈夫、英雄、傑士,2,A2,,,,,,,,,,hero n.,
2929,hers,彼女のもの,2,A2,,,,,,,,,,hers pron.,
2930,herself,自分、御自身、彼女自身,2,A2,,,,,,,,,,herself pron.,
2931,hesitate,渋る、二の足を踏む、迷う,8,B2,,,,,,,,,,hesitate v.,
2932,hey,お前さん、一寸、如何に,1,A1,,,,,,,,,,hey exclam.,
2933,hi,押忍、ヨウ化水素、火国,1,A1,,,,,,,,,,hi exclam.,
2934,hiatus,裂孔,32,C2,,,,,,,,,,hiatus (n),
2935,hidden,隠然、人知れぬ、韜晦,8,B2,,,,,,,,,,hidden adj.,
2936,hide,囲う、隠す、隠れる,2,A2,,,,,,,,,,hide v.,
2937,hierarchy,階層、縦、序列,16,C1,,,,,,,,,,hierarchy n.,
2938,high,危峰、高尚、高層,8,B2,,,,,,,,,,high n.,
2939,high,強い、高い、高尚,1,A1,,,,,,,,,,high adj.,
2940,high,尭尭、危峰、強い,2,A2,,,,,,,,,,high adv.,
2941,highlight,強調、押し出す、スポットを当てる,4,B1,,,,,,,,,,"highlight v., n.",
2942,highly,中々、極々、嘖々,4,B1,,,,,,,,,,highly adv.,
2943,high-profile,高姿勢,16,C1,,,,,,,,,,high-profile adj.,
2944,highway,往還、街道、公道,4,B1,,,,,,,,,,highway n.,
2945,hilarious,面白おかしい,8,B2,,,,,,,,,,hilarious adj.,
2946,hill,丘陵、坂、山,2,A2,,,,,,,,,,hill n.,
2947,him,彼を、彼に,1,A1,,,,,,,,,,him pron.,
2948,himself,自分、御自身、彼自身,2,A2,,,,,,,,,,himself pron.,
2949,hindrance,差し障り、差し当たり、支障,32,C2,,,,,,,,,,hindrance (n),
2950,hint,暗示、示唆、入れ知恵,16,C1,,,,,,,,,,"hint n., v.",
2951,hinterland,僻地、奥地、後背地,32,C2,,,,,,,,,,hinterland (n),
2952,hip,隅棟、ヒップ、イチボ,8,B2,,,,,,,,,,hip n.,
2953,hire,雇用、借りる、借り受ける,4,B1,,,,,,,,,,hire v.,
2954,hire,雇用、賃貸、賃貸し,8,B2,,,,,,,,,,hire n.,
2955,his,彼の,1,A1,,,,,,,,,,his det.,
2956,his,彼の,2,A2,,,,,,,,,,his pron.,
2957,historian,史家、史学家、史学者,8,B2,,,,,,,,,,historian n.,
2958,historic,史的、歴史的、歴史上,4,B1,,,,,,,,,,historic adj.,
2959,historical,史的、歴史的、史上,4,B1,,,,,,,,,,historical adj.,
2960,history,謂れ、沿革、縁起,1,A1,,,,,,,,,,history n.,
2961,histrionic,大げさな、演劇的な,32,C2,,,,,,,,,,histrionic (adj),
2962,hit,一撃、殴る、殴打,2,A2,,,,,,,,,,"hit v., n.",
2963,hoard,しまい込む、溜め込む,32,C2,,,,,,,,,,hoard (v),
2964,hobby,悪戯、楽しみ、趣味,1,A1,,,,,,,,,,hobby n.,
2965,hockey,ホッケー,2,A2,,,,,,,,,,hockey n.,
2966,hold,遣る、引く、営む,2,A2,,,,,,,,,,hold v.,
2967,hold,把持、手がかり、つかみ所,8,B2,,,,,,,,,,hold n.,
2968,hole,穴、穴ぼこ、口,2,A2,,,,,,,,,,hole n.,
2969,holiday,休み、休暇、休業,2,A2,,,,,,,,,,holiday n.,
2970,hollow,空っぽ、空疎、真空,8,B2,,,,,,,,,,hollow adj.,
2971,holocaust,大虐殺、ホロコースト,32,C2,,,,,,,,,,holocaust (n),
2972,holy,聖、聖なる、忌み,8,B2,,,,,,,,,,holy adj.,
2973,homage,忠順、オマージュ,32,C2,,,,,,,,,,homage (n),
2974,home,家庭、施設、実家,1,A1,,,,,,,,,,"home n., adv.",
2975,home,国内的、家庭、施設,2,A2,,,,,,,,,,home adj.,
2976,homeland,旧国、内地、ハイマート,16,C1,,,,,,,,,,homeland n.,
2977,homeless,喪家、ホームレス,8,B2,,,,,,,,,,homeless adj.,
2978,homework,課題、宿題、ホームワーク,1,A1,,,,,,,,,,homework n.,
2979,homogeneous,均質、同質、同質的,32,C2,,,,,,,,,,homogeneous (adj),
2980,hone,研ぐ、研ぎ澄ます、磨きをかける,32,C2,,,,,,,,,,hone (v),
2981,honest,忠実、硬い、克明,4,B1,,,,,,,,,,honest adj.,
2982,honesty,実、信実、真率,8,B2,,,,,,,,,,honesty n.,
2983,honey,貴方、妻、蜂蜜,8,B2,,,,,,,,,,honey n.,
2984,honor,敬う、賜る、重んじる,8,B2,,,,,,,,,,"honor n., v.",
2985,hook,引っ掛ける、フック、針,16,C1,,,,,,,,,,hook v.,
2986,hook,針、爪、鉤,8,B2,,,,,,,,,,hook n.,
2987,hope,願い、願意、希望,2,A2,,,,,,,,,,hope n.,
2988,hope,願う、希望、期待,1,A1,,,,,,,,,,hope v.,
2989,hopeful,楽観的、頼もしい、耳より,16,C1,,,,,,,,,,hopeful adj.,
2990,hopefully,願わくは、期待を込めて,8,B2,,,,,,,,,,hopefully adv.,
2991,horizon,水平線、地平、地平線,16,C1,,,,,,,,,,horizon n.,
2992,horn,角、角笛、警笛,16,C1,,,,,,,,,,horn n.,
2993,horoscope,星占い、天宮図、ホロスコープ,32,C2,,,,,,,,,,horoscope (n),
2994,horrible,最悪、最低、殺人的,4,B1,,,,,,,,,,horrible adj.,
2995,horror,恐れ、恐怖、ホラー,4,B1,,,,,,,,,,horror n.,
2996,horse,駒、午、馬,1,A1,,,,,,,,,,horse n.,
2997,hospice,ホスピス,32,C2,,,,,,,,,,hospice (n),
2998,hospital,病院、病舎、ホスピタル,1,A1,,,,,,,,,,hospital n.,
2999,host,司会、司会者、主人役,4,B1,,,,,,,,,,host n.,
3000,host,受け皿となる、司会、司会者,8,B2,,,,,,,,,,host v.,
3001,hostage,人質,16,C1,,,,,,,,,,hostage n.,
3002,hostile,険悪、敵対的,16,C1,,,,,,,,,,hostile adj.,
3003,hostility,敵意、敵対、反抗,16,C1,,,,,,,,,,hostility n.,
3004,hot,暑い、辛い、熱い,1,A1,,,,,,,,,,hot adj.,
3005,hotel,宿、客舎、泊まり,1,A1,,,,,,,,,,hotel n.,
3006,hour,時、時間、時刻,1,A1,,,,,,,,,,hour n.,
3007,house,屋台、家、家屋,1,A1,,,,,,,,,,house n.,
3008,house,宿す、住居、屋台,8,B2,,,,,,,,,,house v.,
3009,household,一戸、一族、家,8,B2,,,,,,,,,,household n.,
3010,housing,屋台、家、家屋,8,B2,,,,,,,,,,housing n.,
3011,how,どのように、どれくらい,1,A1,,,,,,,,,,how adv.,
3012,however,幾ら、如何に、然しながら,1,A1,,,,,,,,,,however adv.,
3013,hubris,自惚れ、思い上がり,32,C2,,,,,,,,,,hubris (n),
3014,huge,巨大、広大、多額,2,A2,,,,,,,,,,huge adj.,
3015,human,人間的、人的、人間らしい,2,A2,,,,,,,,,,"human adj., n.",
3016,humanitarian,仁者、仁人、人道主義者,16,C1,,,,,,,,,,humanitarian adj.,
3017,humanity,人間愛、人間性、人気,16,C1,,,,,,,,,,humanity n.,
3018,humble,謙虚、控えめ、神妙,16,C1,,,,,,,,,,humble adj.,
3019,humor,機嫌、気色、ご機嫌,8,B2,,,,,,,,,,humor n.,
3020,humorous,滑稽、面白おかしい、ユーモラス,8,B2,,,,,,,,,,humorous adj.,
3021,hundred,一束、１００、ハンドレッド,1,A1,,,,,,,,,,hundred number,
3022,hunger,渇き、飢え、飢餓,8,B2,,,,,,,,,,hunger n.,
3023,hungry,饑い、腹ペコ、ハングリー,1,A1,,,,,,,,,,hungry adj.,
3024,hunt,求める、狩る、探索,4,B1,,,,,,,,,,hunt v.,
3025,hunt,探索、巻狩り、ハント,8,B2,,,,,,,,,,hunt n.,
3026,hunting,探索、巻狩り、狩り,8,B2,,,,,,,,,,hunting n.,
3027,hurricane,颶風、台風、ハリケーン,4,B1,,,,,,,,,,hurricane n.,
3028,hurry,急かす、急き立てる、急ぐ,4,B1,,,,,,,,,,"hurry n., v.",
3029,hurt,怪我、苦しめる、故障,2,A2,,,,,,,,,,"hurt v., adj.",
3030,hurt,怪我、故障、傷,8,B2,,,,,,,,,,hurt n.,
3031,husband,お父さん、主、旦那,1,A1,,,,,,,,,,husband n.,
3032,hybrid,間の子、雑種、混成物,32,C2,,,,,,,,,,hybrid (n),
3033,hydrogen,水素、Ｈ,16,C1,,,,,,,,,,hydrogen n.,
3034,hyperbole,誇大、誇張法,32,C2,,,,,,,,,,hyperbole (n),
3035,hypocrisy,偽善,32,C2,,,,,,,,,,hypocrisy (n),
3036,hypothesis,憶説、仮言、仮定,8,B2,,,,,,,,,,hypothesis n.,
3037,hypothetical,仮言的、仮,32,C2,,,,,,,,,,hypothetical (adj),
3038,hysteria,ヒス、ヒステリー,32,C2,,,,,,,,,,hysteria (n),
3039,I,私は,1,A1,,,,,,,,,,I pron.,
3040,ice,氷、氷柱、結氷,1,A1,,,,,,,,,,ice n.,
3041,ice,氷、氷柱、結氷,1,A1,,,,,,,,,,ice cream n.,
3042,icon,聖像、図像、聖画像,8,B2,,,,,,,,,,icon n.,
3043,iconoclasm,偶像破壊、アイコノクラズム,32,C2,,,,,,,,,,iconoclasm (n),
3044,iconoclast,異端者,32,C2,,,,,,,,,,iconoclast (n),
3045,ID,身元、身分証明書、直接支配,8,B2,,,,,,,,,,ID n.,
3046,idea,案、一案、一策,1,A1,,,,,,,,,,idea n.,
3047,ideal,極致、好適、最良,8,B2,,,,,,,,,,ideal n.,
3048,ideal,好適、最良、絶好,2,A2,,,,,,,,,,ideal adj.,
3049,identical,一様、等しい、同一,8,B2,,,,,,,,,,identical adj.,
3050,identification,確認、鑑識、指摘,16,C1,,,,,,,,,,identification n.,
3051,identify,指す、突き止める、アイデンティファイ,2,A2,,,,,,,,,,identify v.,
3052,identity,恒等式、氏名、主体性,4,B1,,,,,,,,,,identity n.,
3053,ideological,思想的、イデオロギッシュ,16,C1,,,,,,,,,,ideological adj.,
3054,ideologue,主義者、イデオローグ,32,C2,,,,,,,,,,ideologue (n),
3055,ideology,思想、理念、観念形態,16,C1,,,,,,,,,,ideology n.,
3056,idiosyncrasy,一癖、個人性、個性,32,C2,,,,,,,,,,idiosyncrasy (n),
3057,idiosyncratic,個性的、癖のある,32,C2,,,,,,,,,,idiosyncratic (adj),
3058,idiot,惚け、猿、間抜け,16,C1,,,,,,,,,,idiot n.,
3059,idyllic,牧歌的,32,C2,,,,,,,,,,idyllic (adj),
3060,if,もし〜なら,1,A1,,,,,,,,,,if conj.,
3061,ignominious,不名誉な,32,C2,,,,,,,,,,ignominious (adj),
3062,ignominy,不名誉、屈辱,32,C2,,,,,,,,,,ignominy (n),
3063,ignorance,不案内、不知、不明,16,C1,,,,,,,,,,ignorance n.,
3064,ignore,曲げる、振り切る、不問に付す,4,B1,,,,,,,,,,ignore v.,
3065,ill,病める、悪し様に,2,A2,,,,,,,,,,ill adj.,
3066,ill-advised,無謀,32,C2,,,,,,,,,,ill-advised (adj),
3067,illegal,違法、反社会的、非合法,4,B1,,,,,,,,,,illegal adj.,
3068,illicit,違法、黒い、裏口,32,C2,,,,,,,,,,illicit (adj),
3069,illness,疾患、疾病、症,2,A2,,,,,,,,,,illness n.,
3070,illusion,幻、幻影、幻覚,8,B2,,,,,,,,,,illusion n.,
3071,illustrate,説明する、図示する,8,B2,,,,,,,,,,illustrate v.,
3072,illustration,絵図、実例、図,8,B2,,,,,,,,,,illustration n.,
3073,image,映像、画像、画面,2,A2,,,,,,,,,,image n.,
3074,imagery,心象、比喩表現,16,C1,,,,,,,,,,imagery n.,
3075,imaginary,架空、空想的、有りもしない,4,B1,,,,,,,,,,imaginary adj.,
3076,imagination,仮想、考え、想像,8,B2,,,,,,,,,,imagination n.,
3077,imagine,考える、偲ぶ、描き出す,1,A1,,,,,,,,,,imagine v.,
3078,imbue,注ぎ込む,32,C2,,,,,,,,,,imbue (v),
3079,immaculate,清潔、無垢、雪白,32,C2,,,,,,,,,,immaculate (adj),
3080,immeasurably,計り知れないほど,32,C2,,,,,,,,,,immeasurably (adv),
3081,immediate,直接、早急、電撃的,4,B1,,,,,,,,,,immediate adj.,
3082,immediately,即時、直接、一気に,2,A2,,,,,,,,,,immediately adv.,
3083,immense,広大、絶大、大層,16,C1,,,,,,,,,,immense adj.,
3084,immensity,広大さ、巨大さ,32,C2,,,,,,,,,,immensity (n),
3085,immigrant,移民、移住者、移住民,4,B1,,,,,,,,,,immigrant n.,
3086,immigration,移住、移民、入植,8,B2,,,,,,,,,,immigration n.,
3087,imminent,目の前、急迫した,16,C1,,,,,,,,,,imminent adj.,
3088,immortal,不滅、不朽、千古不滅,32,C2,,,,,,,,,,immortal (adj),
3089,immune,免疫のある、影響を受けない,8,B2,,,,,,,,,,immune adj.,
3090,immutable,不易、不変,32,C2,,,,,,,,,,immutable (adj),
3091,impact,影響、影響を及ぼす、衝撃,4,B1,,,,,,,,,,"impact n., v.",
3092,impair,損なう、弱める,32,C2,,,,,,,,,,impair (v),
3093,impartial,厳正、明るい、無色,32,C2,,,,,,,,,,impartial (adj),
3094,impasse,袋小路、隘路、行き詰まり,32,C2,,,,,,,,,,impasse (n),
3095,impassive,無表情の、冷静な,32,C2,,,,,,,,,,impassive (adj),
3096,impatient,焦れったい、気が短い、歯痒い,8,B2,,,,,,,,,,impatient adj.,
3097,impeachment,訴追、弾劾,32,C2,,,,,,,,,,impeachment (n),
3098,impeccable,非の打ち所がない、一分の隙もない,32,C2,,,,,,,,,,impeccable (adj),
3099,impede,妨げる,32,C2,,,,,,,,,,impede (v),
3100,impediment,支障、邪魔者、障害,32,C2,,,,,,,,,,impediment (n),
3101,imperative,欠かせない、急務,32,C2,,,,,,,,,,imperative (adj),
3102,imperceptibly,気づかれないほどに,32,C2,,,,,,,,,,imperceptibly (adv),
3103,imperialism,帝国主義、帝政、二七年テーゼ,32,C2,,,,,,,,,,imperialism (n),
3104,imperil,脅かす、危険にさらす,32,C2,,,,,,,,,,imperil (v),
3105,imperious,鼻息が荒い、鼻息の荒い、権柄尽く,32,C2,,,,,,,,,,imperious (adj),
3106,impertinent,烏滸がましい、生意気、猪口才,32,C2,,,,,,,,,,impertinent (adj),
3107,imperturbable,泰然自若、従容自若,32,C2,,,,,,,,,,imperturbable (adj),
3108,impervious,無感覚,32,C2,,,,,,,,,,impervious (adj),
3109,impetuous,性急,32,C2,,,,,,,,,,impetuous (adj),
3110,impetus,運動力、衝動、勢い,32,C2,,,,,,,,,,impetus (n),
3111,implacable,冷酷無情、冷酷無惨,32,C2,,,,,,,,,,implacable (adj),
3112,implausible,怪しい、信じがたい、信じられない,32,C2,,,,,,,,,,implausible (adj),
3113,implement,器具、器物、工具,8,B2,,,,,,,,,,implement v.,
3114,implementation,実現、実行、実施,16,C1,,,,,,,,,,implementation n.,
3115,implication,意味合い、含み、含意,8,B2,,,,,,,,,,implication n.,
3116,imply,含む、仄めかす、寓する,8,B2,,,,,,,,,,imply v.,
3117,import,取り込む、輸入、インポート,4,B1,,,,,,,,,,"import n., v.",
3118,importance,重大性、重点、重要性,4,B1,,,,,,,,,,importance n.,
3119,important,偉い、緊要、主,1,A1,,,,,,,,,,important adj.,
3120,impose,押し付ける、科する、課す,8,B2,,,,,,,,,,impose v.,
3121,impossible,難しい、不可能、不能,2,A2,,,,,,,,,,impossible adj.,
3122,impracticable,実行不可能な,32,C2,,,,,,,,,,impracticable (adj),
3123,impregnable,険しい、難攻不落、金城鉄壁,32,C2,,,,,,,,,,impregnable (adj),
3124,impress,圧倒、狩り出す、心を捉える,8,B2,,,,,,,,,,impress v.,
3125,impressed,感銘を受けた,8,B2,,,,,,,,,,impressed adj.,
3126,impression,圧痕、印象、感じ,4,B1,,,,,,,,,,impression n.,
3127,impressive,印象的、魁偉、厳か,4,B1,,,,,,,,,,impressive adj.,
3128,imprison,閉じ込める、押し込める,16,C1,,,,,,,,,,imprison v.,
3129,impromptu,即興的、偶成、即興,32,C2,,,,,,,,,,impromptu (adj),
3130,impropriety,失当、不義、不行状,32,C2,,,,,,,,,,impropriety (n),
3131,improve,引き立つ、化する、改める,1,A1,,,,,,,,,,improve v.,
3132,improvement,維持、加筆、回復,4,B1,,,,,,,,,,improvement n.,
3133,impudence,厚顔、生、小生意気,32,C2,,,,,,,,,,impudence (n),
3134,impugn,疑う、非難する,32,C2,,,,,,,,,,impugn (v),
3135,impunity,罰を受けないこと,32,C2,,,,,,,,,,impunity (n),
3136,in,〜の中に、〜で,1,A1,,,,,,,,,,"in prep., adv.",
3137,inability,困難、不能、不敏,16,C1,,,,,,,,,,inability n.,
3138,inadequacy,不適、不適当、不備,32,C2,,,,,,,,,,inadequacy (n),
3139,inadequate,甘い、至らない、舌足らず,16,C1,,,,,,,,,,inadequate adj.,
3140,inadvertent,迂闊、不用意、ふとした,32,C2,,,,,,,,,,inadvertent (adj),
3141,inane,間抜け,32,C2,,,,,,,,,,inane (adj),
3142,inappropriate,場違い、不穏当、不相応,16,C1,,,,,,,,,,inappropriate adj.,
3143,inaugurate,就任させる、開始する,32,C2,,,,,,,,,,inaugurate (v),
3144,incarcerate,投獄する,16,C1,,,,,,,,,,incarcerate v.,
3145,incarceration,禁錮、投獄、幽閉,16,C1,,,,,,,,,,incarceration n.,
3146,incarnation,化身、具現、権化,32,C2,,,,,,,,,,incarnation (n),
3147,incendiary,挑発的、火付け役,32,C2,,,,,,,,,,incendiary (adj),
3148,incense,薫香、香料、抹香,32,C2,,,,,,,,,,incense (v),
3149,incentive,奨励金、動機、誘い水,8,B2,,,,,,,,,,incentive n.,
3150,inception,緒,32,C2,,,,,,,,,,inception (n),
3151,incessant,頻繁、激しい、絶え間ない,32,C2,,,,,,,,,,incessant (adj),
3152,inch,吋、型、１ミリ,8,B2,,,,,,,,,,inch n.,
3153,incidence,度数、入射、発生,16,C1,,,,,,,,,,incidence n.,
3154,incident,沙汰、事、事件,8,B2,,,,,,,,,,incident n.,
3155,incisive,峻烈,32,C2,,,,,,,,,,incisive (adj),
3156,incite,唆る、唆す、煽る,32,C2,,,,,,,,,,incite (v),
3157,inclement,厳しい、雨が多い、雨の多い,32,C2,,,,,,,,,,inclement (adj),
3158,inclination,下地、傾き、傾角,32,C2,,,,,,,,,,inclination (n),
3159,inclined,傾いた、〜する傾向がある,16,C1,,,,,,,,,,inclined adj.,
3160,include,加える、含ます、含ませる,1,A1,,,,,,,,,,include v.,
3161,included,加える、含ます、含ませる,2,A2,,,,,,,,,,included adj.,
3162,including,加える、含ます、含ませる,2,A2,,,,,,,,,,including prep.,
3163,inclusion,加味、含み、組み込み,16,C1,,,,,,,,,,inclusion n.,
3164,inclusive,包括的、包含的、インクルーシブ,32,C2,,,,,,,,,,inclusive (adj),
3165,income,収穫高、収入、所得,8,B2,,,,,,,,,,income n.,
3166,incomprehensible,解せない、割り切れない、不可解,32,C2,,,,,,,,,,incomprehensible (adj),
3167,inconceivable,思いもよらない、思っても見ない、考えもつかない,32,C2,,,,,,,,,,inconceivable (adj),
3168,incongruity,不調和、不突合,32,C2,,,,,,,,,,incongruity (n),
3169,incongruous,不調和な、場違いな,32,C2,,,,,,,,,,incongruous (adj),
3170,incontrovertible,否めない,32,C2,,,,,,,,,,incontrovertible (adj),
3171,incorporate,盛り込む、組み込む、組み入れる,8,B2,,,,,,,,,,incorporate v.,
3172,incorrect,不正解,8,B2,,,,,,,,,,incorrect adj.,
3173,incorrigible,度し難い、手に負えない、始末が悪い,32,C2,,,,,,,,,,incorrigible (adj),
3174,increase,加える、加わる、加増,2,A2,,,,,,,,,,"increase v., n.",
3175,increasingly,愈、段々、益々,8,B2,,,,,,,,,,increasingly adv.,
3176,incredible,圧巻、奇想天外、神,2,A2,,,,,,,,,,incredible adj.,
3177,incredibly,目茶苦茶、唸るほど、ものっそい,4,B1,,,,,,,,,,incredibly adv.,
3178,incredulity,信じられない気持ち、懐疑,32,C2,,,,,,,,,,incredulity (n),
3179,incredulous,疑い深い、疑り深い、半信半疑,32,C2,,,,,,,,,,incredulous (adj),
3180,incumbency,在任期間,32,C2,,,,,,,,,,incumbency (n),
3181,incumbent,現職,32,C2,,,,,,,,,,incumbent (n),
3182,incur,受ける、招く、負う,16,C1,,,,,,,,,,incur v.,
3183,incursion,侵入、入寇,32,C2,,,,,,,,,,incursion (n),
3184,indeed,如何にも、蓋し、実際,4,B1,,,,,,,,,,indeed adv.,
3185,indefatigable,逞しい,32,C2,,,,,,,,,,indefatigable (adj),
3186,indelible,忘れられない,32,C2,,,,,,,,,,indelible (adj),
3187,indemnify,償う,32,C2,,,,,,,,,,indemnify (v),
3188,independence,一本立ち、自主、自立,8,B2,,,,,,,,,,independence n.,
3189,independent,自主的、主体的、独自,2,A2,,,,,,,,,,independent adj.,
3190,index,見出し、索引、指針,8,B2,,,,,,,,,,index n.,
3191,indicate,語る、告げる、指し示す,4,B1,,,,,,,,,,indicate v.,
3192,indication,開示、気色、気配,8,B2,,,,,,,,,,indication n.,
3193,indicator,指針、指標、表示板,16,C1,,,,,,,,,,indicator n.,
3194,indictment,起訴、告発、訴追,16,C1,,,,,,,,,,indictment n.,
3195,indifference,知らん顔、中性、不感症,32,C2,,,,,,,,,,indifference (n),
3196,indifferent,頓着ない、無縁、無関心,32,C2,,,,,,,,,,indifferent (adj),
3197,indigenous,土着、常在,16,C1,,,,,,,,,,indigenous adj.,
3198,indignant,憮然、憤然、慨然,32,C2,,,,,,,,,,indignant (adj),
3199,indignation,激怒、怒り、憤慨,32,C2,,,,,,,,,,indignation (n),
3200,indirect,迂遠、間接的、婉曲,4,B1,,,,,,,,,,indirect adj.,
3201,indiscretion,過ち、間違い、罪,32,C2,,,,,,,,,,indiscretion (n),
3202,individual,個人的、個性的、単一,2,A2,,,,,,,,,,"individual n., adj.",
3203,indoctrination,教化、インドクトリネーション,32,C2,,,,,,,,,,indoctrination (n),
3204,indolent,怠惰、尻が重い、どら,32,C2,,,,,,,,,,indolent (adj),
3205,indomitable,不抜、逞しい,32,C2,,,,,,,,,,indomitable (adj),
3206,indoor,屋内、室内、インドア,4,B1,,,,,,,,,,indoor adj.,
3207,indoors,屋内、室内、内回り,4,B1,,,,,,,,,,indoors adv.,
3208,induce,引き起こす、誘う、来す,16,C1,,,,,,,,,,induce v.,
3209,inducement,勧誘、奨励、誘起,32,C2,,,,,,,,,,inducement (n),
3210,induction,感応、帰納、帰納法,32,C2,,,,,,,,,,induction (n),
3211,indulge,淫する,16,C1,,,,,,,,,,indulge v.,
3212,indulgent,甘い、鈍い,32,C2,,,,,,,,,,indulgent (adj),
3213,industrial,インダストリアル、産業用,8,B2,,,,,,,,,,industrial adj.,
3214,industrious,勤勉、手まめ,32,C2,,,,,,,,,,industrious (adj),
3215,industry,勧業、業界、勤倹,2,A2,,,,,,,,,,industry n.,
3216,ineffable,言葉に表せない,32,C2,,,,,,,,,,ineffable (adj),
3217,inept,拙い、不束,32,C2,,,,,,,,,,inept (adj),
3218,ineptitude,不手際,32,C2,,,,,,,,,,ineptitude (n),
3219,inequality,凹凸、不均衡、不均等,16,C1,,,,,,,,,,inequality n.,
3220,inequity,不公平、不公正,32,C2,,,,,,,,,,inequity (n),
3221,inertia,慣性、惰力、惰性,32,C2,,,,,,,,,,inertia (n),
3222,inevitable,仕方がない、仕方ない、仕様がない,8,B2,,,,,,,,,,inevitable adj.,
3223,inevitably,やむを得ず、否応なしに、必定,8,B2,,,,,,,,,,inevitably adv.,
3224,inexhaustible,尽きない、底知れない、底知れぬ,32,C2,,,,,,,,,,inexhaustible (adj),
3225,inexorable,容赦ない、避けられない,32,C2,,,,,,,,,,inexorable (adj),
3226,infallible,百発百中,32,C2,,,,,,,,,,infallible (adj),
3227,infamous,破廉恥、悪名高い、札付き,16,C1,,,,,,,,,,infamous adj.,
3228,infamy,悪評、汚名,32,C2,,,,,,,,,,infamy (n),
3229,infant,嬰児、小児、赤ちゃん,16,C1,,,,,,,,,,infant n.,
3230,infatuation,執心、女狂い、痴情,32,C2,,,,,,,,,,infatuation (n),
3231,infect,移す,16,C1,,,,,,,,,,infect v.,
3232,infection,感染、伝染、感染症,8,B2,,,,,,,,,,infection n.,
3233,infer,窺う、割り出す、察知,8,B2,,,,,,,,,,infer v.,
3234,inferno,焦熱地獄、インフェルノ,32,C2,,,,,,,,,,inferno (n),
3235,infirmary,病院、診療所、病舎,32,C2,,,,,,,,,,infirmary (n),
3236,inflammatory,挑発的、煽情的、炎症性,32,C2,,,,,,,,,,inflammatory (adj),
3237,inflation,水増し、膨満、物価上昇率,8,B2,,,,,,,,,,inflation n.,
3238,inflict,加える、科する、食わせる,16,C1,,,,,,,,,,inflict v.,
3239,influence,斡旋、影響、影響を及ぼす,4,B1,,,,,,,,,,"influence n., v.",
3240,influential,有力、羽振りが良い、羽振りの良い,16,C1,,,,,,,,,,influential adj.,
3241,influx,流入,32,C2,,,,,,,,,,influx (n),
3242,info,情報,8,B2,,,,,,,,,,info n.,
3243,inform,教える、告げる、断る,8,B2,,,,,,,,,,inform v.,
3244,informal,手軽、非公式、略式,2,A2,,,,,,,,,,informal adj.,
3245,information,案内、一報、見聞,1,A1,,,,,,,,,,information n.,
3246,infraction,犯則、背反行為,32,C2,,,,,,,,,,infraction (n),
3247,infrastructure,基盤、国土交通省、基礎構造,8,B2,,,,,,,,,,infrastructure n.,
3248,ingenious,器用、巧み、巧妙,32,C2,,,,,,,,,,ingenious (adj),
3249,ingenuity,手前、独創性、知略,32,C2,,,,,,,,,,ingenuity (n),
3250,ingenuous,純真、淡泊,32,C2,,,,,,,,,,ingenuous (adj),
3251,ingrained,根深い、根が深い,32,C2,,,,,,,,,,ingrained (adj),
3252,ingredient,元、種、成分,4,B1,,,,,,,,,,ingredient n.,
3253,inhabitant,住人、住民、居住者,8,B2,,,,,,,,,,inhabitant n.,
3254,inherent,固有、先天的、生得的,16,C1,,,,,,,,,,inherent adj.,
3255,inherit,引く、汲む、継ぐ,8,B2,,,,,,,,,,inherit v.,
3256,inhibit,抑止,16,C1,,,,,,,,,,inhibit v.,
3257,inhospitable,もてなしの悪い、住みにくい,32,C2,,,,,,,,,,inhospitable (adj),
3258,inhumanity,不人情、不仁、残虐非道,32,C2,,,,,,,,,,inhumanity (n),
3259,inimical,有害な、敵対的な,32,C2,,,,,,,,,,inimical (adj),
3260,iniquitous,極めて不正な、邪悪な,32,C2,,,,,,,,,,iniquitous (adj),
3261,initial,一つ目、初回、初期,8,B2,,,,,,,,,,initial adj.,
3262,initially,当初、初めのうち、一つ目,8,B2,,,,,,,,,,initially adv.,
3263,initiate,始める、始む、新入り,16,C1,,,,,,,,,,initiate v.,
3264,initiative,試み、主体性、主導,8,B2,,,,,,,,,,initiative n.,
3265,inject,打つ、注ぎ込む、注射を打つ,16,C1,,,,,,,,,,inject v.,
3266,injection,単射、注射、注入,16,C1,,,,,,,,,,injection n.,
3267,injunction,諭示、禁止令、インジャンクション,32,C2,,,,,,,,,,injunction (n),
3268,injure,遣る、傷つける、損じる,4,B1,,,,,,,,,,injure v.,
3269,injured,遣る、傷つける、損じる,4,B1,,,,,,,,,,injured adj.,
3270,injury,怪我、害、害悪,2,A2,,,,,,,,,,injury n.,
3271,injustice,曲事、失当、不義,16,C1,,,,,,,,,,injustice n.,
3272,ink,墨汁、墨、インク,8,B2,,,,,,,,,,ink n.,
3273,inkling,仄めかし,32,C2,,,,,,,,,,inkling (n),
3274,inmate,収容者、入居者、在監者,16,C1,,,,,,,,,,inmate n.,
3275,inner,内的、内面的、内なる,8,B2,,,,,,,,,,inner adj.,
3276,innocent,純真、未通女、無垢,4,B1,,,,,,,,,,innocent adj.,
3277,innocuous,無難、害のない、差し障りのない,32,C2,,,,,,,,,,innocuous (adj),
3278,innovation,革新、更新、変革,8,B2,,,,,,,,,,innovation n.,
3279,innovative,革新的、斬新,8,B2,,,,,,,,,,innovative adj.,
3280,innuendo,当てつけ,32,C2,,,,,,,,,,innuendo (n),
3281,innumerable,切りがない、千万無量、無数,32,C2,,,,,,,,,,innumerable (adj),
3282,input,入射、入力、入力線,8,B2,,,,,,,,,,input n.,
3283,inquire,伺う、尋ねる、調べる,16,C1,,,,,,,,,,inquire v.,
3284,inquiry,お見舞い、下問、糾問,8,B2,,,,,,,,,,inquiry n.,
3285,inquisition,宗教裁判、異端審問,32,C2,,,,,,,,,,inquisition (n),
3286,insatiable,強欲、飽くなき、飽くことを知らない,32,C2,,,,,,,,,,insatiable (adj),
3287,inscrutable,解せない、不可解、端倪すべからざる,32,C2,,,,,,,,,,inscrutable (adj),
3288,insect,昆虫、虫、虫螻,2,A2,,,,,,,,,,insect n.,
3289,insert,挟み込む、差し込む、差し入れる,8,B2,,,,,,,,,,insert v.,
3290,insertion,掲載、組み込み、挿入,16,C1,,,,,,,,,,insertion n.,
3291,inside,内面的、奥、楽屋,2,A2,,,,,,,,,,"inside prep., adv., n., adj.",
3292,insider,早耳、消息通、内角球,16,C1,,,,,,,,,,insider n.,
3293,insidious,陰険な、知らぬ間に進行する,32,C2,,,,,,,,,,insidious (adj),
3294,insight,眼識、眼力、識見,8,B2,,,,,,,,,,insight n.,
3295,insipid,無味乾燥、味気ない、無味,32,C2,,,,,,,,,,insipid (adj),
3296,insist,言い張る、言い立てる、唱える,8,B2,,,,,,,,,,insist v.,
3297,insolent,横柄、不届き、不埒,32,C2,,,,,,,,,,insolent (adj),
3298,insoluble,解けない、不溶,32,C2,,,,,,,,,,insoluble (adj),
3299,insouciant,無頓着な、のんきな,32,C2,,,,,,,,,,insouciant (adj),
3300,inspect,改める、拝観、閲する,16,C1,,,,,,,,,,inspect v.,
3301,inspection,一覧、閲覧、監察,16,C1,,,,,,,,,,inspection n.,
3302,inspector,尉、監査役、監察,8,B2,,,,,,,,,,inspector n.,
3303,inspiration,感化、感興、感激,16,C1,,,,,,,,,,inspiration n.,
3304,inspire,乗り移る、吹き込む、動かす,8,B2,,,,,,,,,,inspire v.,
3305,install,移設、引く、備える,8,B2,,,,,,,,,,install v.,
3306,installation,安置、冊立、実装,8,B2,,,,,,,,,,installation n.,
3307,instance,一例、回、拍子,8,B2,,,,,,,,,,instance n.,
3308,instant,露の間、インスタント、一刻,8,B2,,,,,,,,,,instant adj.,
3309,instantly,屹度、一気に、ひと思いに,8,B2,,,,,,,,,,instantly adv.,
3310,instead,却って、寧ろ、それ処か,2,A2,,,,,,,,,,instead adv.,
3311,instigate,唆す、煽てる、煽る,32,C2,,,,,,,,,,instigate (v),
3312,instinct,人性、直感、本能,16,C1,,,,,,,,,,instinct n.,
3313,institute,学院、翰林院、学士院,8,B2,,,,,,,,,,institute n.,
3314,institution,機関、施設、制度,8,B2,,,,,,,,,,institution n.,
3315,institutional,制度上の、組織の,16,C1,,,,,,,,,,institutional adj.,
3316,instruct,含ます、含ませる、含める,16,C1,,,,,,,,,,instruct v.,
3317,instruction,教え、教育、教示,2,A2,,,,,,,,,,instruction n.,
3318,instructor,教員、教官、師範,2,A2,,,,,,,,,,instructor n.,
3319,instrument,器具、機械、道具,2,A2,,,,,,,,,,instrument n.,
3320,instrumental,具格、インスト、インストゥルメンタル,16,C1,,,,,,,,,,instrumental adj.,
3321,insufficient,悪い、過少、額が少ない,16,C1,,,,,,,,,,insufficient adj.,
3322,insult,辱める、叩く、侮辱,16,C1,,,,,,,,,,"insult n., v.",
3323,insurance,保険、付保、インシュアランス,8,B2,,,,,,,,,,insurance n.,
3324,insurgency,反乱、暴動,32,C2,,,,,,,,,,insurgency (n),
3325,insurmountable,克服できない,32,C2,,,,,,,,,,insurmountable (adj),
3326,insurrection,一揆、内乱、反乱,32,C2,,,,,,,,,,insurrection (n),
3327,intact,手付かず,16,C1,,,,,,,,,,intact adj.,
3328,intake,吸気、摂取、取り入れ口,16,C1,,,,,,,,,,intake n.,
3329,integral,一体的、切っても切れない、積分,16,C1,,,,,,,,,,integral adj.,
3330,integrate,纏める、統べる、溶け込む,8,B2,,,,,,,,,,integrate v.,
3331,integrated,一体的、纏める、統べる,16,C1,,,,,,,,,,integrated adj.,
3332,integration,一貫、一体化、集中,16,C1,,,,,,,,,,integration n.,
3333,integrity,潔白、剛直、整合性,16,C1,,,,,,,,,,integrity n.,
3334,intellectual,主知的、知性的、知的,8,B2,,,,,,,,,,intellectual adj.,
3335,intellectual,主知的、知性的、知的,16,C1,,,,,,,,,,intellectual n.,
3336,intelligence,情報、知恵、知性,4,B1,,,,,,,,,,intelligence n.,
3337,intelligent,穎悟、賢明、発明,2,A2,,,,,,,,,,intelligent adj.,
3338,intelligentsia,知識階級、インテリ層、インテリ,32,C2,,,,,,,,,,intelligentsia (n),
3339,intend,企てる、考える、志す,4,B1,,,,,,,,,,intend v.,
3340,intended,意図された,8,B2,,,,,,,,,,intended adj.,
3341,intense,強い、強烈、厳しい,8,B2,,,,,,,,,,intense adj.,
3342,intensify,深まる、深める、荒む,16,C1,,,,,,,,,,intensify v.,
3343,intensity,強度、迫力、厳しさ,16,C1,,,,,,,,,,intensity n.,
3344,intensive,集約的、集中的、インテンシブ,16,C1,,,,,,,,,,intensive adj.,
3345,intent,意志、故意、趣旨,16,C1,,,,,,,,,,intent n.,
3346,intention,意志、意思、意趣,4,B1,,,,,,,,,,intention n.,
3347,inter,葬る,32,C2,,,,,,,,,,inter alia (adv),
3348,interact,相互に作用する、交流する,8,B2,,,,,,,,,,interact v.,
3349,interaction,交流、接点、対話,8,B2,,,,,,,,,,interaction n.,
3350,interactive,対話的、インタラクティブ、対話式,16,C1,,,,,,,,,,interactive adj.,
3351,interest,気乗り、視聴、利益,1,A1,,,,,,,,,,"interest n., v.",
3352,interested,乗り気、暑い、艶,1,A1,,,,,,,,,,interested adj.,
3353,interesting,意味深長、面白い、意味深,1,A1,,,,,,,,,,interesting adj.,
3354,interface,界面、引用仕様、インタフェース,16,C1,,,,,,,,,,interface n.,
3355,interfere,口を出す、差し支える、混ぜ返す,16,C1,,,,,,,,,,interfere v.,
3356,interference,干渉、お節介、口出し,16,C1,,,,,,,,,,interference n.,
3357,interim,暫定的、仮、中間,16,C1,,,,,,,,,,interim adj.,
3358,interior,奥深い、内なる、国内的,16,C1,,,,,,,,,,"interior adj., n.",
3359,interlude,間奏曲、隙、合いの手,32,C2,,,,,,,,,,interlude (n),
3360,intermediate,中間体、取り次ぐ、周旋,16,C1,,,,,,,,,,intermediate adj.,
3361,intermittently,途切れ途切れ、陣々、ちらちら,32,C2,,,,,,,,,,intermittently (adv),
3362,internal,内在的、内部的、内面的,8,B2,,,,,,,,,,internal adj.,
3363,international,国際的、世界的、インターナショナル,2,A2,,,,,,,,,,international adj.,
3364,internecine,内輪もめの、破滅的な,32,C2,,,,,,,,,,internecine (adj),
3365,internet,電網、ネット上、ネット,1,A1,,,,,,,,,,internet n.,
3366,interpret,取る、受け取る、判じる,8,B2,,,,,,,,,,interpret v.,
3367,interpretation,解釈、叙説、通訳,8,B2,,,,,,,,,,interpretation n.,
3368,interrupt,口を出す、遮る、折る,8,B2,,,,,,,,,,interrupt v.,
3369,intersection,交わり、交差、十字路,16,C1,,,,,,,,,,intersection n.,
3370,interval,音程、隔たり、間,8,B2,,,,,,,,,,interval n.,
3371,intervene,取りなす、割って入る、間に立つ,16,C1,,,,,,,,,,intervene v.,
3372,intervention,挨拶、介在、介入,16,C1,,,,,,,,,,intervention n.,
3373,interview,引見、引接、往訪,1,A1,,,,,,,,,,"interview n., v.",
3374,intimate,近い、懇ろ、親しい,16,C1,,,,,,,,,,intimate adj.,
3375,intimation,口気、口ぶり、口吻,32,C2,,,,,,,,,,intimation (n),
3376,intimidation,威嚇、脅喝、凄み,32,C2,,,,,,,,,,intimidation (n),
3377,intransigence,妥協しない態度,32,C2,,,,,,,,,,intransigence (n),
3378,intransigent,テコでも動かない,32,C2,,,,,,,,,,intransigent (adj),
3379,intrepid,不敵、勇猛、豪胆,32,C2,,,,,,,,,,intrepid (adj),
3380,intriguing,面白い、おもろい、悪巧み,16,C1,,,,,,,,,,intriguing adj.,
3381,intrinsic,内在的、内的、本質的,32,C2,,,,,,,,,,intrinsic (adj),
3382,introduce,取り込む、取り入れる、引き合わせる,1,A1,,,,,,,,,,introduce v.,
3383,introduction,引き合わせ、概論、序説,2,A2,,,,,,,,,,introduction n.,
3384,introspection,内観、内省、反省,32,C2,,,,,,,,,,introspection (n),
3385,intrusive,干渉的、差し出がましい,32,C2,,,,,,,,,,intrusive (adj),
3386,intuition,勘、感覚、第六感,32,C2,,,,,,,,,,intuition (n),
3387,inundate,押し寄せる、浴びせかける,32,C2,,,,,,,,,,inundate (v),
3388,invade,攻め入る、荒らす、侵す,8,B2,,,,,,,,,,invade v.,
3389,invasion,蚕食、襲来、侵害,8,B2,,,,,,,,,,invasion n.,
3390,invasive,侵襲的,32,C2,,,,,,,,,,invasive (adj),
3391,invective,痛罵、卑罵語、軽蔑語,32,C2,,,,,,,,,,invective (n),
3392,invent,案出、企む、考え出す,2,A2,,,,,,,,,,invent v.,
3393,invention,工夫、考案、創見,2,A2,,,,,,,,,,invention n.,
3394,inventory,在庫、在庫品、商品目録,16,C1,,,,,,,,,,inventory n.,
3395,invest,回す、投じる、投ずる,4,B1,,,,,,,,,,invest v.,
3396,investigate,案じる、掘り下げる、取り調べる,4,B1,,,,,,,,,,investigate v.,
3397,investigation,勘検、勘査、究明,8,B2,,,,,,,,,,investigation n.,
3398,investigator,求道者、探偵、探究者,16,C1,,,,,,,,,,investigator n.,
3399,investment,出金、出資、投資,8,B2,,,,,,,,,,investment n.,
3400,investor,出金者、出資者、投資家,8,B2,,,,,,,,,,investor n.,
3401,inveterate,根深い、常習的な,32,C2,,,,,,,,,,inveterate (adj),
3402,invidious,反感を招く、不公平な,32,C2,,,,,,,,,,invidious (adj),
3403,invisible,冥々、居もしない、インビジブル,16,C1,,,,,,,,,,invisible adj.,
3404,invitation,案内、勧誘、口,2,A2,,,,,,,,,,invitation n.,
3405,invite,迎える、呼び込む、呼び入れる,2,A2,,,,,,,,,,invite v.,
3406,invocation,援用、発動、念誦,32,C2,,,,,,,,,,invocation (n),
3407,invoke,呼び出す、呼ぶ、叩く,16,C1,,,,,,,,,,invoke v.,
3408,involve,巻き込む、係る、抱き込む,2,A2,,,,,,,,,,involve v.,
3409,involved,関係している、巻き込まれた,4,B1,,,,,,,,,,involved adj.,
3410,involvement,介在、関係、係り合い,16,C1,,,,,,,,,,involvement n.,
3411,iota,一片、Ι,32,C2,,,,,,,,,,iota (n),
3412,irascible,怒りっぽい,32,C2,,,,,,,,,,irascible (adj),
3413,ire,怒り,32,C2,,,,,,,,,,ire (n),
3414,irk,いらだたせる,32,C2,,,,,,,,,,irk (v),
3415,iron,アイロンを掛ける、鉄、鉄分,4,B1,,,,,,,,,,"iron n., v.",
3416,ironic,風刺的、反語的、アイロニカル,16,C1,,,,,,,,,,ironic adj.,
3417,ironically,皮肉にも,16,C1,,,,,,,,,,ironically adv.,
3418,irony,反語、皮肉、風刺,16,C1,,,,,,,,,,irony n.,
3419,irrelevant,無縁、論外、的外れ,16,C1,,,,,,,,,,irrelevant adj.,
3420,irreproachable,非の打ちどころのない,32,C2,,,,,,,,,,irreproachable (adj),
3421,irreverent,不敬な、不遜な,32,C2,,,,,,,,,,irreverent (adj),
3422,island,島、アイランド,1,A1,,,,,,,,,,island n.,
3423,isolate,隔てる、切り分ける、取り切る,8,B2,,,,,,,,,,isolate v.,
3424,isolated,局地的、塊然、孑然,8,B2,,,,,,,,,,isolated adj.,
3425,isolation,隔絶、隔離、孤独,16,C1,,,,,,,,,,isolation n.,
3426,issue,案件、胤、下付,4,B1,,,,,,,,,,issue n.,
3427,issue,下付、刊行、沙汰,8,B2,,,,,,,,,,issue v.,
3428,it,それは、それを,1,A1,,,,,,,,,,it pron.,
3429,IT,それは、それを,4,B1,,,,,,,,,,IT n.,
3430,item,案件、一つ書き、一件,2,A2,,,,,,,,,,item n.,
3431,itinerant,旅人、遍歴者,32,C2,,,,,,,,,,itinerant (adj),
3432,itinerary,行程、道のり、道筋,32,C2,,,,,,,,,,itinerary (n),
3433,its,それの,1,A1,,,,,,,,,,its det.,
3434,itself,自体、その物、それ自身,2,A2,,,,,,,,,,itself pron.,
3435,jacket,上表紙、上着、外被,1,A1,,,,,,,,,,jacket n.,
3436,jaded,疲れ切った、飽き飽きした,32,C2,,,,,,,,,,jaded (adj),
3437,jail,刑獄、拘置所、獄舎,8,B2,,,,,,,,,,"jail n., v.",
3438,jam,混雑、ジャム、セッション,2,A2,,,,,,,,,,jam n.,
3439,jamboree,ジャンボリー,32,C2,,,,,,,,,,jamboree (n),
3440,January,１月、正月、睦月,1,A1,,,,,,,,,,January n.,
3441,jargon,隠語、珍紛漢紛、ジャーゴン,32,C2,,,,,,,,,,jargon (n),
3442,jaundiced,偏見を持った、黄疸の,32,C2,,,,,,,,,,jaundiced (adj),
3443,jaunt,小旅行,32,C2,,,,,,,,,,jaunt (n),
3444,jazz,ジャズ、ズージャー,2,A2,,,,,,,,,,jazz n.,
3445,jeans,Ｇパン、ジーン、ジーンズ,1,A1,,,,,,,,,,jeans n.,
3446,jeopardise,脅かす、危険にさらす,32,C2,,,,,,,,,,jeopardise (v),
3447,jet,噴射、噴流、吹き出し口,8,B2,,,,,,,,,,jet n.,
3448,jewelry,宝飾、宝飾品、アクセサリー,2,A2,,,,,,,,,,jewelry n.,
3449,jingoism,主戦論、ジンゴイズム,32,C2,,,,,,,,,,jingoism (n),
3450,job,稼業、仕事、職,1,A1,,,,,,,,,,job n.,
3451,jocular,面白おかしい,32,C2,,,,,,,,,,jocular (adj),
3452,jocularity,陽気さ、冗談好き,32,C2,,,,,,,,,,jocularity (n),
3453,join,一緒にする、結び付ける、交わる,1,A1,,,,,,,,,,join v.,
3454,joint,つなぎ目、関節、共立,8,B2,,,,,,,,,,"joint adj., n.",
3455,joke,戯れる、弄する、巫山戯る,2,A2,,,,,,,,,,"joke n., v.",
3456,journal,雑誌、仕訳表、日記,4,B1,,,,,,,,,,journal n.,
3457,journalism,言論界、ジャーナリズム,8,B2,,,,,,,,,,journalism n.,
3458,journalist,記者、探訪、無冠の帝王,2,A2,,,,,,,,,,journalist n.,
3459,journey,一路、遠路、行程,4,B1,,,,,,,,,,journey n.,
3460,journeyman,日傭取,32,C2,,,,,,,,,,journeyman (n),
3461,joust,馬上槍試合,32,C2,,,,,,,,,,joust (n),
3462,joy,快哉、喜悦、幸福,8,B2,,,,,,,,,,joy n.,
3463,jubilation,歓呼、歓天喜地,32,C2,,,,,,,,,,jubilation (n),
3464,jubilee,五十年祭、ジュビリー,32,C2,,,,,,,,,,jubilee (n),
3465,judge,見る、見立てる、考える,4,B1,,,,,,,,,,"judge n., v.",
3466,judgment,鑑識、鑑定、鑑別,8,B2,,,,,,,,,,judgment n.,
3467,judicial,裁判上,16,C1,,,,,,,,,,judicial adj.,
3468,judicious,賢明な、思慮深い,32,C2,,,,,,,,,,judicious (adj),
3469,juggernaut,巨大な力、止められないもの,32,C2,,,,,,,,,,juggernaut (n),
3470,juice,液汁、汁、水分,1,A1,,,,,,,,,,juice n.,
3471,July,７月、立三本、ジュライ,1,A1,,,,,,,,,,July n.,
3472,jump,吃驚、急騰、上騰,2,A2,,,,,,,,,,"jump v., n.",
3473,juncture,区切り、際,32,C2,,,,,,,,,,juncture (n),
3474,June,水無月、６月、ジューン,1,A1,,,,,,,,,,June n.,
3475,junior,下級、後輩、次席,8,B2,,,,,,,,,,junior adj.,
3476,jurisdiction,管轄、管区、帰属,16,C1,,,,,,,,,,jurisdiction n.,
3477,jurisprudence,法学、法律学、法理学,32,C2,,,,,,,,,,jurisprudence (n),
3478,jurist,法学者、法律家、法律学者,32,C2,,,,,,,,,,jurist (n),
3479,jury,陪審、ジュリー,8,B2,,,,,,,,,,jury n.,
3480,just,擦れ擦れ、に過ぎない、本の,16,C1,,,,,,,,,,just adj.,
3481,just,如何にも、高が、漸と,1,A1,,,,,,,,,,just adv.,
3482,justice,公義、公正、公道,8,B2,,,,,,,,,,justice n.,
3483,justification,位置合わせ、位置揃え、因縁,16,C1,,,,,,,,,,justification n.,
3484,justify,言い開く、申し開らく、ジャスティファイ,8,B2,,,,,,,,,,justify v.,
3485,juxtapose,並置する、対比する,32,C2,,,,,,,,,,juxtapose (v),
3486,juxtaposition,併設、併置,32,C2,,,,,,,,,,juxtaposition (n),
3487,kaleidoscope,百色眼鏡、万華鏡、カレイドスコープ,32,C2,,,,,,,,,,kaleidoscope (n),
3488,keen,鋭い、鋭敏、鋭利,16,C1,,,,,,,,,,keen adj.,
3489,keep,遣る、囲う、貫き通す,1,A1,,,,,,,,,,keep v.,
3490,ken,視界、間,32,C2,,,,,,,,,,ken (n),
3491,kernel,核、核心、穀粒,32,C2,,,,,,,,,,kernel (n),
3492,key,キー入力、音程、肝,4,B1,,,,,,,,,,key v.,
3493,key,枢要、肝心要、キー入力,1,A1,,,,,,,,,,"key n., adj.",
3494,keyboard,鍵盤、キーボード,4,B1,,,,,,,,,,keyboard n.,
3495,keynote,基調、主音、主調,32,C2,,,,,,,,,,keynote (n),
3496,kick,一蹴、一蹴り、蹴る,4,B1,,,,,,,,,,"kick v., n.",
3497,kid,お子様、餓鬼、小僧,2,A2,,,,,,,,,,kid n.,
3498,kidnap,連れ去る、拐かす、勾引す,16,C1,,,,,,,,,,kidnap v.,
3499,kidney,腎臓、豆、腎,16,C1,,,,,,,,,,kidney n.,
3500,kill,遣る、枯らす、殺す,2,A2,,,,,,,,,,kill v.,
3501,killing,殺し、殺害、殺生,4,B1,,,,,,,,,,killing n.,
3502,kilometer,粁、キロ、キロメーター,2,A2,,,,,,,,,,kilometer n.,
3503,kind,一種、現物、口,1,A1,,,,,,,,,,kind (type) n.,
3504,kind,厚い、懇ろ、懇切,4,B1,,,,,,,,,,kind (caring) adj.,
3505,kindergarten,幼稚園,8,B2,,,,,,,,,,kindergarten n.,
3506,kindle,掻き立てる、点じる、点ずる,32,C2,,,,,,,,,,kindle (v),
3507,kindred,同類の、血縁の,32,C2,,,,,,,,,,kindred (n),
3508,king,王者、王将、王物,2,A2,,,,,,,,,,king n.,
3509,kingdom,王国、界、キングダム,16,C1,,,,,,,,,,kingdom n.,
3510,kinship,親族関係,32,C2,,,,,,,,,,kinship (n),
3511,kiss,吸う、口付け、口付ける,4,B1,,,,,,,,,,"kiss v., n.",
3512,kit,道具一式、キット,8,B2,,,,,,,,,,kit n.,
3513,kitchen,勝手、厨、厨房,1,A1,,,,,,,,,,kitchen n.,
3514,knee,膝、小膝、ニー,2,A2,,,,,,,,,,knee n.,
3515,knife,出刃、出刃包丁、小刀,2,A2,,,,,,,,,,knife n.,
3516,knock,ノック、打ち付ける、打つ,4,B1,,,,,,,,,,knock n.,
3517,knock,打ち付ける、打つ、ぶん殴る,2,A2,,,,,,,,,,knock v.,
3518,knoll,円丘、小山、丘,32,C2,,,,,,,,,,knoll (n),
3519,know,承る、心得る、存じる,1,A1,,,,,,,,,,know v.,
3520,knowledge,案内、学殖、学力,2,A2,,,,,,,,,,knowledge n.,
3521,kudos,称賛、名声,32,C2,,,,,,,,,,kudos (n),
3522,lab,ラボ,2,A2,,,,,,,,,,lab n.,
3523,label,標示、銘打つ、札を付ける,4,B1,,,,,,,,,,"label n., v.",
3524,labor,勤労、苦心、苦労,8,B2,,,,,,,,,,labor n.,
3525,laboratory,教室、研究室、実験室,4,B1,,,,,,,,,,laboratory n.,
3526,labyrinth,迷宮、迷路、混迷状態,32,C2,,,,,,,,,,labyrinth (n),
3527,lack,欠く、欠如、事欠く,4,B1,,,,,,,,,,"lack n., v.",
3528,lackadaisical,惰弱、アバウト、でれっと,32,C2,,,,,,,,,,lackadaisical (adj),
3529,lacklustre,パッとしない、しょぼい、どんより,32,C2,,,,,,,,,,lacklustre (adj),
3530,laconic,言葉少な、簡勁,32,C2,,,,,,,,,,laconic (adj),
3531,ladder,梯子、梯、四丁,8,B2,,,,,,,,,,ladder n.,
3532,lady,奥方、貴婦人、淑女,2,A2,,,,,,,,,,lady n.,
3533,laggard,のろま、遅れた,32,C2,,,,,,,,,,laggard (n),
3534,lake,湖、湖沼、湖水,2,A2,,,,,,,,,,lake n.,
3535,lambaste,酷評する、激しく打つ,32,C2,,,,,,,,,,lambaste (v),
3536,lament,哀悼、悔やむ、嘆く,32,C2,,,,,,,,,,lament (v),
3537,lamentable,遺憾、悲しい、惜しむべき,32,C2,,,,,,,,,,lamentable (adj),
3538,lamp,灯、明かり、洋灯,2,A2,,,,,,,,,,lamp n.,
3539,lampoon,落首、ランプーン,32,C2,,,,,,,,,,lampoon (n),
3540,land,境地、大地、地,1,A1,,,,,,,,,,land n.,
3541,land,上げる、釣り上げる、境地,2,A2,,,,,,,,,,land v.,
3542,landing,境地、大地、地,8,B2,,,,,,,,,,landing n.,
3543,landlord,家主、管理者、大家,16,C1,,,,,,,,,,landlord n.,
3544,landmark,目印、目当て、目標,16,C1,,,,,,,,,,landmark n.,
3545,landscape,景色、山水、風景,8,B2,,,,,,,,,,landscape n.,
3546,lane,区分、区分け、線,8,B2,,,,,,,,,,lane n.,
3547,language,言い方、言語、言葉,1,A1,,,,,,,,,,language n.,
3548,languid,怠い、物憂い、気だるい,32,C2,,,,,,,,,,languid (adj),
3549,languish,弱り衰える,32,C2,,,,,,,,,,languish (v),
3550,lap,膝、ＬＡＰ、ラップ,16,C1,,,,,,,,,,lap n.,
3551,lapse,経過、失効、消滅,32,C2,,,,,,,,,,lapse (n),
3552,laptop,ノート型コンピュータ、ノート型パソコン、ノートＰＣ,2,A2,,,,,,,,,,laptop n.,
3553,larceny,窃取、窃盗、窃盗罪,32,C2,,,,,,,,,,larceny (n),
3554,large,大いなる、広大、多額,1,A1,,,,,,,,,,large adj.,
3555,largely,概ね、大半、大いなる,8,B2,,,,,,,,,,largely adv.,
3556,large-scale,盛大、大々的、大掛かり,16,C1,,,,,,,,,,large-scale adj.,
3557,largesse,気前のよさ、贈与,32,C2,,,,,,,,,,largesse (n),
3558,laser,レーザー,16,C1,,,,,,,,,,laser n.,
3559,last1,究極、去る、限り,1,A1,,,,,,,,,,last1 (final) det.,
3560,last1,持ち堪える、持つ、持てる,2,A2,,,,,,,,,,last1 (taking time) v.,
3561,last1,先回、究極、去る,2,A2,,,,,,,,,,"last1 (final) adv., n.",
3562,late,深い、遅い、亡き,1,A1,,,,,,,,,,"late adj., adv.",
3563,lately,此間、この間、この頃,8,B2,,,,,,,,,,lately adv.,
3564,latent,隠然、潜在的,32,C2,,,,,,,,,,latent (adj),
3565,later,後、後日、後の方,1,A1,,,,,,,,,,later adv.,
3566,later,遅い、後、後の方,2,A2,,,,,,,,,,later adj.,
3567,latest,今風、最後、最新,8,B2,,,,,,,,,,latest n.,
3568,latest,今風、新しい、エッジー,4,B1,,,,,,,,,,latest adj.,
3569,latitude,緯度、含み、糊代,32,C2,,,,,,,,,,latitude (n),
3570,latter,乙、後者,16,C1,,,,,,,,,,"latter adj., n.",
3571,laud,褒めそやす、賞する、賛する,32,C2,,,,,,,,,,laud (v),
3572,laudable,奇特、健気、殊勝,32,C2,,,,,,,,,,laudable (adj),
3573,laugh,一笑、笑う、笑える,1,A1,,,,,,,,,,"laugh v., n.",
3574,laughter,笑い、笑い声、笑声,2,A2,,,,,,,,,,laughter n.,
3575,launch,起こす、起動、興す,8,B2,,,,,,,,,,"launch v., n.",
3576,laureate,受賞者、栄誉を受けた人,32,C2,,,,,,,,,,laureate (n),
3577,law,格、規律、条例,2,A2,,,,,,,,,,law n.,
3578,lawmaker,立法者、議員,16,C1,,,,,,,,,,lawmaker n.,
3579,lawn,芝、芝生、芝草,16,C1,,,,,,,,,,lawn n.,
3580,lawsuit,裁判沙汰、訴え、訴訟,16,C1,,,,,,,,,,lawsuit n.,
3581,lawyer,先生、代言人、弁護士,2,A2,,,,,,,,,,lawyer n.,
3582,lay,掛ける、仕掛ける、据える,4,B1,,,,,,,,,,lay v.,
3583,layer,階層、層、地層,4,B1,,,,,,,,,,layer n.,
3584,layout,間取り、設計、配置,16,C1,,,,,,,,,,layout n.,
3585,lazy,怠惰、適当、鈍ら,2,A2,,,,,,,,,,lazy adj.,
3586,lead1,引き回す、引く、営む,2,A2,,,,,,,,,,lead1 v.,
3587,lead1,鉛、音頭、糸口,4,B1,,,,,,,,,,lead1 n.,
3588,leader,旗頭、巨頭、師表,2,A2,,,,,,,,,,leader n.,
3589,leadership,幹部、指導、指導部,8,B2,,,,,,,,,,leadership n.,
3590,leading,先端的、有数、錚々,4,B1,,,,,,,,,,leading adj.,
3591,leaf,葉、葉っぱ、一片,4,B1,,,,,,,,,,leaf n.,
3592,league,連盟、同盟、盟,8,B2,,,,,,,,,,league n.,
3593,leak,流れ出す、流れ出る、漏る,16,C1,,,,,,,,,,"leak v., n.",
3594,lean,曲げる、傾ける、傾斜,8,B2,,,,,,,,,,lean v.,
3595,leap,跳ねる、飛ぶ、跳躍,16,C1,,,,,,,,,,"leap v., n.",
3596,learn,物にする、覚える、学ぶ,1,A1,,,,,,,,,,learn v.,
3597,learning,学習、学習用、学術,2,A2,,,,,,,,,,learning n.,
3598,least,最小、最小限、最少,2,A2,,,,,,,,,,"least det./pron., adv.",
3599,leather,革、皮革、作り皮,4,B1,,,,,,,,,,leather n.,
3600,leave,引き下がる、引き取る、開ける,1,A1,,,,,,,,,,leave v.,
3601,leave,御免、失礼、有給休暇,8,B2,,,,,,,,,,leave n.,
3602,lectern,釈台、演台,32,C2,,,,,,,,,,lectern (n),
3603,lecture,講演、講義、講話,2,A2,,,,,,,,,,"lecture n., v.",
3604,leery,用心深い、疑い深い,32,C2,,,,,,,,,,leery of (adj),
3605,leeway,糊代、余裕、許容差,32,C2,,,,,,,,,,leeway (n),
3606,left,後、左、左手,1,A1,,,,,,,,,,"left adj., adv., n.",
3607,leg,脚部、行程、足,1,A1,,,,,,,,,,leg n.,
3608,legacy,遺産、遺贈、レガシー,16,C1,,,,,,,,,,legacy n.,
3609,legal,合法、合法的、正規,4,B1,,,,,,,,,,legal adj.,
3610,legend,古伝、故事、神話,8,B2,,,,,,,,,,legend n.,
3611,legendary,伝奇的、伝説上,16,C1,,,,,,,,,,legendary adj.,
3612,legislation,法規、法制、立法,16,C1,,,,,,,,,,legislation n.,
3613,legislative,立法の,16,C1,,,,,,,,,,legislative adj.,
3614,legislature,立法府、立法機関、立法院,16,C1,,,,,,,,,,legislature n.,
3615,legitimate,合法、合法的、正規,16,C1,,,,,,,,,,legitimate adj.,
3616,leisure,閑暇、余暇、暇,4,B1,,,,,,,,,,leisure n.,
3617,lemon,檸檬、レモン色,2,A2,,,,,,,,,,lemon n.,
3618,lend,回す、貸し出す、貸す,2,A2,,,,,,,,,,lend v.,
3619,length,奥行き、尺、尺度,4,B1,,,,,,,,,,length n.,
3620,lengthy,冗長、長たらしい、くだくだしい,16,C1,,,,,,,,,,lengthy adj.,
3621,lenient,温い、寛大、甘い,32,C2,,,,,,,,,,lenient (adj),
3622,lens,玉、レンズ,8,B2,,,,,,,,,,lens n.,
3623,lesbian,女性同性愛者、ＬＧＢＴ、レズビアン,16,C1,,,,,,,,,,lesbian adj.,
3624,less,レス,2,A2,,,,,,,,,,"less det./pron., adv.",
3625,lesser,姫、従,16,C1,,,,,,,,,,lesser adj.,
3626,lesson,課、学課、教え,1,A1,,,,,,,,,,lesson n.,
3627,let,〜させる,1,A1,,,,,,,,,,let v.,
3628,lethal,致命的、致死、致死性,16,C1,,,,,,,,,,lethal adj.,
3629,lethargic,鈍い、不活発,32,C2,,,,,,,,,,lethargic (adj),
3630,lethargy,虚脱、不活動、無気力,32,C2,,,,,,,,,,lethargy (n),
3631,letter,一字、音信、雁の使い,1,A1,,,,,,,,,,letter n.,
3632,level,位、一段、一歩,2,A2,,,,,,,,,,level n.,
3633,level,一歩、切り崩す、突き崩す,8,B2,,,,,,,,,,level v.,
3634,level,水平、平たい、平ら,4,B1,,,,,,,,,,level adj.,
3635,level-headed,冷徹,32,C2,,,,,,,,,,level-headed (adj),
3636,levity,軽佻浮薄、浮華,32,C2,,,,,,,,,,levity (n),
3637,levy,課す、課する、召募,32,C2,,,,,,,,,,levy (v),
3638,lexicon,語彙、辞書、辞典,32,C2,,,,,,,,,,lexicon (n),
3639,liable,陥りやすい,16,C1,,,,,,,,,,liable adj.,
3640,liaison,繋ぎ、情事、馴れ合い,32,C2,,,,,,,,,,liaison (n),
3641,liberal,革新的、緩やか、鷹揚,16,C1,,,,,,,,,,"liberal adj., n.",
3642,liberation,解放、釈放、放免,16,C1,,,,,,,,,,liberation n.,
3643,liberty,自由、不羈、呼吸点,16,C1,,,,,,,,,,liberty n.,
3644,library,書庫、書斎、書房,1,A1,,,,,,,,,,library n.,
3645,license,允許、鑑札、許可,8,B2,,,,,,,,,,license n.,
3646,licentious,多情、放埓、放恣,32,C2,,,,,,,,,,licentious (adj),
3647,lie1,偽る、走る、当たる,1,A1,,,,,,,,,,lie1 v.,
3648,lie2,偽る、走る、当たる,4,B1,,,,,,,,,,"lie2 (tell a lie) v., n.",
3649,life,一命、月日、現世,1,A1,,,,,,,,,,life n.,
3650,lifelong,一生消えない,16,C1,,,,,,,,,,lifelong adj.,
3651,lifestyle,暮らし向き、生活スタイル、暮らし振り,2,A2,,,,,,,,,,lifestyle n.,
3652,lifetime,一生涯、一代、生涯,8,B2,,,,,,,,,,lifetime n.,
3653,lift,解く、高める、上がる,2,A2,,,,,,,,,,lift v.,
3654,light,簡単、軽い、軽快,2,A2,,,,,,,,,,light (not heavy) adj.,
3655,light,簡単、軽快、軽度,1,A1,,,,,,,,,,"light (from the sun/a lamp) n.,",
3656,light,差す、点じる、点ずる,2,A2,,,,,,,,,,light (from the sun/a lamp) v.,
3657,lighting,照射処理、照明、点火,8,B2,,,,,,,,,,lighting n.,
3658,like,に似て、の様に、気に入る,1,A1,,,,,,,,,,like (similar) prep.,
3659,like,の様に、気に入る、好く,1,A1,,,,,,,,,,like (find sb/sth pleasant) v.,
3660,like,的、同様、類,4,B1,,,,,,,,,,like (find sb/sth pleasant) n.,
3661,likelihood,可能性、蓋然性、確率,16,C1,,,,,,,,,,likelihood n.,
3662,likely,有りそう、有力、蓋然的,2,A2,,,,,,,,,,likely adj.,
3663,likewise,矢っ張り、又、矢張り,8,B2,,,,,,,,,,likewise adv.,
3664,limb,枝,16,C1,,,,,,,,,,limb n.,
3665,limbo,辺獄、リンボー、生殺し,32,C2,,,,,,,,,,limbo (n),
3666,limit,局限、限る、限定,4,B1,,,,,,,,,,"limit n., v.",
3667,limitation,制限、制限事項、制約,8,B2,,,,,,,,,,limitation n.,
3668,limited,狭い、限定的、有限,8,B2,,,,,,,,,,limited adj.,
3669,line,一条、一線、一統,1,A1,,,,,,,,,,line n.,
3670,line,一列、行列、打つ,8,B2,,,,,,,,,,line v.,
3671,lineage,一統、家、家筋,32,C2,,,,,,,,,,lineage (n),
3672,linear,線形、直線的、リニア,16,C1,,,,,,,,,,linear adj.,
3673,lineup,顔ぶれ、陣容、面子,16,C1,,,,,,,,,,lineup n.,
3674,linger,粘る、棚引く、暮れ残る,16,C1,,,,,,,,,,linger v.,
3675,linguist,言語学者、語学者,32,C2,,,,,,,,,,linguist (n),
3676,link,巻く、結び合わせる、結ぶ,2,A2,,,,,,,,,,"link n., v.",
3677,lion,獅子、しし座、唐獅子,1,A1,,,,,,,,,,lion n.,
3678,lip,リップ,4,B1,,,,,,,,,,lip n.,
3679,liquid,液、液体、水,4,B1,,,,,,,,,,"liquid n., adj.",
3680,liquidate,清算する、一掃する,32,C2,,,,,,,,,,liquidate (v),
3681,liquidation,解消、完済、換金,32,C2,,,,,,,,,,liquidation (n),
3682,list,列記、傾ける、傾斜,1,A1,,,,,,,,,,"list n., v.",
3683,listen,聞く、聞き置く、ね,1,A1,,,,,,,,,,listen v.,
3684,listener,聞き手、受け手、聞き方,2,A2,,,,,,,,,,listener n.,
3685,listing,列記、一覧、一覧表,16,C1,,,,,,,,,,listing n.,
3686,litany,陀羅尼,32,C2,,,,,,,,,,litany (n),
3687,liter,リットル,16,C1,,,,,,,,,,liter n.,
3688,literacy,識字、リテラシー,16,C1,,,,,,,,,,literacy n.,
3689,literally,文字通り、読んで字のごとく、定数,8,B2,,,,,,,,,,literally adv.,
3690,literary,文学的,8,B2,,,,,,,,,,literary adj.,
3691,literature,文、文学、文芸,4,B1,,,,,,,,,,literature n.,
3692,litigant,該当者、訴訟人、訴訟当事者,32,C2,,,,,,,,,,litigant (n),
3693,litigious,訴訟好きな,32,C2,,,,,,,,,,litigious (adj),
3694,litter,担架、同腹仔、輿,8,B2,,,,,,,,,,litter n.,
3695,little,一寸、何だか、幾らか,2,A2,,,,,,,,,,little adv.,
3696,little,僅か、僅少、些少,1,A1,,,,,,,,,,"little adj., det./pron.",
3697,liturgy,典礼,32,C2,,,,,,,,,,liturgy (n),
3698,live1,遣る、有る、住する,1,A1,,,,,,,,,,live1 v.,
3699,live2,遣る、有る、実況,4,B1,,,,,,,,,,"live2 adj., adv.",
3700,lively,旺盛、快活、活発,8,B2,,,,,,,,,,lively adj.,
3701,liver,肝、肝臓、赤もつ,16,C1,,,,,,,,,,liver n.,
3702,living,衣食、在住、在留,4,B1,,,,,,,,,,"living adj., n.",
3703,load,込める、積み込む、積む,8,B2,,,,,,,,,,"load n., v.",
3704,loan,恩借、債、借り,8,B2,,,,,,,,,,loan n.,
3705,loathe,戒める、嫌う、忌み嫌う,32,C2,,,,,,,,,,loathe (v),
3706,lobby,圧力団体、休息所、前室,16,C1,,,,,,,,,,"lobby n., v.",
3707,local,局所、現地、市内,4,B1,,,,,,,,,,local n.,
3708,local,地域的、局地的、局部的,1,A1,,,,,,,,,,local adj.,
3709,locate,探し出す、突き止める、位置付ける,4,B1,,,,,,,,,,locate v.,
3710,located,位置している,4,B1,,,,,,,,,,located adj.,
3711,location,位置付け、園、拠点,4,B1,,,,,,,,,,location n.,
3712,lock,鍵をかける、差す、挿す,2,A2,,,,,,,,,,"lock v., n.",
3713,log,丸太、丸木、作譜,16,C1,,,,,,,,,,"log n., v.",
3714,logic,筋、筋道、筋目,16,C1,,,,,,,,,,logic n.,
3715,logical,合理的、論理的、ロジカル,8,B2,,,,,,,,,,logical adj.,
3716,logo,マーク、ロゴ、ロゴタイプ,8,B2,,,,,,,,,,logo n.,
3717,lonely,心細い、心寂しい、寂しい,4,B1,,,,,,,,,,lonely adj.,
3718,long1,久しい、古い、長い,1,A1,,,,,,,,,,"long1 adj., adv.",
3719,longevity,永寿、延年、寿,32,C2,,,,,,,,,,longevity (n),
3720,long-standing,積年,16,C1,,,,,,,,,,long-standing adj.,
3721,long-term,長期的、長期,8,B2,,,,,,,,,,"long-term adj., adv.",
3722,longtime,長年の,16,C1,,,,,,,,,,longtime adj.,
3723,look,一見、一瞥、一目,2,A2,,,,,,,,,,look n.,
3724,look,一見、一瞥、一覧,1,A1,,,,,,,,,,look v.,
3725,loom,浮かぶ、影がさす、迫り来る,16,C1,,,,,,,,,,loom v.,
3726,loop,循環、乳、輪,16,C1,,,,,,,,,,loop n.,
3727,loophole,盲点、抜け穴、抜け道,32,C2,,,,,,,,,,loophole (n),
3728,loose,愚図愚図、だらし無い、淫ら,8,B2,,,,,,,,,,loose adj.,
3729,loquacious,口が多い,32,C2,,,,,,,,,,loquacious (adj),
3730,lord,御上、侯、主,8,B2,,,,,,,,,,lord n.,
3731,lore,ロアー,32,C2,,,,,,,,,,lore (n),
3732,lose,凹む、撒く、失う,1,A1,,,,,,,,,,lose v.,
3733,loss,遺失、欠損、減退,4,B1,,,,,,,,,,loss n.,
3734,lost,行方不明、行方知れず、ロスト,2,A2,,,,,,,,,,lost adj.,
3735,lot,一杯、仰山、若干,1,A1,,,,,,,,,,"lot pron., det., adv.",
3736,lottery,抽選、富、宝くじ,8,B2,,,,,,,,,,lottery n.,
3737,loud,悪どい、喧しい、高い,2,A2,,,,,,,,,,"loud adj., adv.",
3738,loudly,哄然、やんや、がやがや,2,A2,,,,,,,,,,loudly adv.,
3739,lout,無骨者,32,C2,,,,,,,,,,lout (n),
3740,love,愛する、愛でる、愛好,1,A1,,,,,,,,,,"love n., v.",
3741,low,下劣、若い、小さい,2,A2,,,,,,,,,,"low adj., adv.",
3742,low,下劣、俗、低置,8,B2,,,,,,,,,,low n.,
3743,lower,下げる、下す、垂れる,8,B2,,,,,,,,,,lower v.,
3744,loyal,忠実、忠なる、ロイヤル,8,B2,,,,,,,,,,loyal adj.,
3745,loyalty,信義、忠義、忠誠,16,C1,,,,,,,,,,loyalty n.,
3746,lucid,明快、明澄、透徹した,32,C2,,,,,,,,,,lucid (adj),
3747,luck,運、運勢、果報,2,A2,,,,,,,,,,luck n.,
3748,lucky,運がいい、冥加、間が良い,2,A2,,,,,,,,,,lucky adj.,
3749,ludicrous,馬鹿馬鹿しい、馬鹿らしい、荒唐,32,C2,,,,,,,,,,ludicrous (adj),
3750,lugubrious,陰気な、悲しげな,32,C2,,,,,,,,,,lugubrious (adj),
3751,lukewarm,温い、いい加減、生ぬるい,32,C2,,,,,,,,,,lukewarm (adj),
3752,luminary,泰斗、泰山北斗,32,C2,,,,,,,,,,luminary (n),
3753,luminous,光り輝く、明快な,32,C2,,,,,,,,,,luminous (adj),
3754,lunch,午餐、昼、昼飯,1,A1,,,,,,,,,,lunch n.,
3755,lung,肺、ラング、ルンゲ,8,B2,,,,,,,,,,lung n.,
3756,lustre,艶、渇望者、光彩,32,C2,,,,,,,,,,lustre (n),
3757,luxuriant,爛漫、鬱蒼、房房,32,C2,,,,,,,,,,luxuriant (adj),
3758,luxury,栄華、栄耀、華美,4,B1,,,,,,,,,,luxury n.,
3759,lyric,リリック,8,B2,,,,,,,,,,lyric n.,
3760,machination,胸に一物,32,C2,,,,,,,,,,machination (n),
3761,machine,機械、機、マシン,1,A1,,,,,,,,,,machine n.,
3762,machinery,絡繰り、機器、機材,16,C1,,,,,,,,,,machinery n.,
3763,machismo,マチズモ,32,C2,,,,,,,,,,machismo (n),
3764,macrocosm,大宇宙、マクロコスモス,32,C2,,,,,,,,,,macrocosm (n),
3765,mad,狂おしい、無謀、頭が変,4,B1,,,,,,,,,,mad adj.,
3766,madcap,向こう見ずな、無鉄砲な人,32,C2,,,,,,,,,,madcap (adj),
3767,maelstrom,渦、渦巻き、渦中,32,C2,,,,,,,,,,maelstrom (n),
3768,maestro,巨匠、マエストロ,32,C2,,,,,,,,,,maestro (n),
3769,magazine,雑誌、志集、誌,1,A1,,,,,,,,,,magazine n.,
3770,magic,魔法的、奇術、手品,4,B1,,,,,,,,,,"magic n., adj.",
3771,magical,幻想的、呪術的、霊験あらたか,16,C1,,,,,,,,,,magical adj.,
3772,magnanimous,寛大、浩然、太っ腹,32,C2,,,,,,,,,,magnanimous (adj),
3773,magnate,巨頭、大尽、王,32,C2,,,,,,,,,,magnate (n),
3774,magnetic,マグネチック,16,C1,,,,,,,,,,magnetic adj.,
3775,magnificent,偉大、華麗、見事,16,C1,,,,,,,,,,magnificent adj.,
3776,magnitude,等級、Ｍ、マグニチュード,16,C1,,,,,,,,,,magnitude n.,
3777,mail,手紙、便、郵便物,2,A2,,,,,,,,,,"mail n., v.",
3778,main,主、主たる、主要,1,A1,,,,,,,,,,main adj.,
3779,mainland,本土,16,C1,,,,,,,,,,mainland n.,
3780,mainly,概ね、主として、主に,4,B1,,,,,,,,,,mainly adv.,
3781,mainstay,基幹、重鎮、大黒柱,32,C2,,,,,,,,,,mainstay (n),
3782,mainstream,メジャー、主流、本流,16,C1,,,,,,,,,,"mainstream n., adj.",
3783,maintain,貫き通す、貫く、繋ぐ,8,B2,,,,,,,,,,maintain v.,
3784,maintenance,維持、手入れ、整備,16,C1,,,,,,,,,,maintenance n.,
3785,major,イ長調、三佐、主たる,8,B2,,,,,,,,,,major n.,
3786,major,主たる、主要、重要,2,A2,,,,,,,,,,major adj.,
3787,majority,過半数、主、成年,8,B2,,,,,,,,,,majority n.,
3788,make,作る、〜にする,1,A1,,,,,,,,,,make v.,
3789,make,作る、〜にする,8,B2,,,,,,,,,,make n.,
3790,makeup,構成、構造、化粧,8,B2,,,,,,,,,,makeup n.,
3791,making,作り、作成、仕立て,8,B2,,,,,,,,,,making n.,
3792,malady,弊害,32,C2,,,,,,,,,,malady (n),
3793,malaise,違和感、不安感,32,C2,,,,,,,,,,malaise (n),
3794,malcontent,不平分子、不満を持つ人,32,C2,,,,,,,,,,malcontent (n),
3795,male,男、男性、雄,2,A2,,,,,,,,,,"male adj., n.",
3796,malevolent,マレフィック,32,C2,,,,,,,,,,malevolent (adj),
3797,malfeasance,背任,32,C2,,,,,,,,,,malfeasance (n),
3798,malice,悪意、悪気、意趣,32,C2,,,,,,,,,,malice (n),
3799,malign,マレフィック,32,C2,,,,,,,,,,malign (v),
3800,mall,散歩道、モール、ショッピングセンター,1,A1,,,,,,,,,,mall n.,
3801,malleable,御しやすい,32,C2,,,,,,,,,,malleable (adj),
3802,malodorous,悪臭のする,32,C2,,,,,,,,,,malodorous (adj),
3803,man,人間、人物、男,1,A1,,,,,,,,,,man n.,
3804,manage,扱う、間に合う、計らう,2,A2,,,,,,,,,,manage v.,
3805,management,運営、幹部、管掌,4,B1,,,,,,,,,,management n.,
3806,manager,運営者、監督、管理者,2,A2,,,,,,,,,,manager n.,
3807,mandate,委任統治、運用委託、マンデート,16,C1,,,,,,,,,,mandate n.,
3808,mandatory,義務的、マスト,16,C1,,,,,,,,,,mandatory adj.,
3809,manifest,彰明、昭然、影がさす,16,C1,,,,,,,,,,manifest v.,
3810,manifestation,顕現、発揮、発現,32,C2,,,,,,,,,,manifestation (n),
3811,manipulate,誤魔化す、使う、操る,16,C1,,,,,,,,,,manipulate v.,
3812,manipulation,操り、操作、操縦,16,C1,,,,,,,,,,manipulation n.,
3813,manner,やり方、挙措、素振り,2,A2,,,,,,,,,,manner n.,
3814,mannerism,仕草、癖、マニエリスム,32,C2,,,,,,,,,,mannerism (n),
3815,manor,荘園、荘,32,C2,,,,,,,,,,manor (n),
3816,mantle,回し、紐、覆い,32,C2,,,,,,,,,,mantle (n),
3817,manufacture,作り出す、作製、生産,8,B2,,,,,,,,,,manufacture v.,
3818,manufacturing,作製、生産、製作,8,B2,,,,,,,,,,manufacturing n.,
3819,manuscript,原稿、稿、稿本,16,C1,,,,,,,,,,manuscript n.,
3820,many,幾つも、幾、幾多,1,A1,,,,,,,,,,many det./pron.,
3821,map,写像、地図、射,1,A1,,,,,,,,,,map n.,
3822,map,写像、地図、射,8,B2,,,,,,,,,,map v.,
3823,marathon,長丁場、マラソン大会、マラソン,8,B2,,,,,,,,,,marathon n.,
3824,marauder,略奪者、襲撃者、マローダー,32,C2,,,,,,,,,,marauder (n),
3825,March,行進、行程、３月,1,A1,,,,,,,,,,March n.,
3826,march,行進、練り歩く、練る,16,C1,,,,,,,,,,"march n., v.",
3827,margin,糊代、差額、鞘,8,B2,,,,,,,,,,margin n.,
3828,marginal,マージナル,16,C1,,,,,,,,,,marginal adj.,
3829,marine,海兵、海産、海洋性,16,C1,,,,,,,,,,marine adj.,
3830,mark,画する、見込む、告げる,2,A2,,,,,,,,,,"mark v., n.",
3831,marker,採点者、標柱、マーカー,8,B2,,,,,,,,,,marker n.,
3832,market,景気、市、市場,1,A1,,,,,,,,,,market n.,
3833,market,売り出す、売り物にする、景気,4,B1,,,,,,,,,,market v.,
3834,marketing,景気、市、市場,4,B1,,,,,,,,,,marketing n.,
3835,marketplace,市場、マーケットプレイス,16,C1,,,,,,,,,,marketplace n.,
3836,marquee,天幕,32,C2,,,,,,,,,,marquee (n),
3837,marriage,縁結び、嫁入り、結婚,4,B1,,,,,,,,,,marriage n.,
3838,married,嫁ぐ、添う、縁付く,1,A1,,,,,,,,,,married adj.,
3839,marry,嫁ぐ、添う、縁付く,2,A2,,,,,,,,,,marry v.,
3840,martial,戦争の、軍事の,8,B2,,,,,,,,,,martial adj.,
3841,martyrdom,殉難、殉教、マルチリヨ,32,C2,,,,,,,,,,martyrdom (n),
3842,mask,仮面、皮、覆面,16,C1,,,,,,,,,,mask n.,
3843,masochism,自虐、被虐性欲、被虐性愛,32,C2,,,,,,,,,,masochism (n),
3844,masquerade,仮装、変装、偽装,32,C2,,,,,,,,,,masquerade (n),
3845,mass,大量、弥撒、一朶,8,B2,,,,,,,,,,"mass n., adj.",
3846,massacre,皆殺し、虐殺、惨殺,16,C1,,,,,,,,,,massacre n.,
3847,massive,大量、分厚い、重厚,8,B2,,,,,,,,,,massive adj.,
3848,master,物にする、冴える、使いこなす,8,B2,,,,,,,,,,"master n., v.",
3849,match,一致、叶う、競技,1,A1,,,,,,,,,,"match (contest/correspond) n., v.",
3850,matching,対応、組み合わせ、お揃い,8,B2,,,,,,,,,,matching adj.,
3851,mate,交尾む、運転士、兄弟,8,B2,,,,,,,,,,"mate n., v.",
3852,material,具象的、具体、具体的,2,A2,,,,,,,,,,material n.,
3853,material,具象的、具体的、物的,8,B2,,,,,,,,,,material adj.,
3854,materialism,唯物論、物質主義、唯物主義,32,C2,,,,,,,,,,materialism (n),
3855,math,数学,2,A2,,,,,,,,,,math n.,
3856,mathematical,数学的,16,C1,,,,,,,,,,mathematical adj.,
3857,mathematics,数学、数理,2,A2,,,,,,,,,,mathematics n.,
3858,matriarch,女家長,32,C2,,,,,,,,,,matriarch (n),
3859,matter,構う、沙汰、案件,2,A2,,,,,,,,,,"matter n., v.",
3860,mature,大人っぽい、深甚、老成,16,C1,,,,,,,,,,"mature adj., v.",
3861,maudlin,感傷的,32,C2,,,,,,,,,,maudlin (adj),
3862,maverick,異端児,32,C2,,,,,,,,,,maverick (n),
3863,maxim,格言、金言、句,32,C2,,,,,,,,,,maxim (n),
3864,maximize,最大化する,16,C1,,,,,,,,,,maximize v.,
3865,maximum,極大、極度、最高,8,B2,,,,,,,,,,"maximum adj., n.",
3866,May,〜かもしれない、〜してよい,1,A1,,,,,,,,,,May n.,
3867,may,〜かもしれない、〜してよい,2,A2,,,,,,,,,,may modal v.,
3868,maybe,若しかしたら、若しかして、若しかすると,1,A1,,,,,,,,,,maybe adv.,
3869,mayhem,混乱、騒乱、暴力,32,C2,,,,,,,,,,mayhem (n),
3870,mayor,市長、メイヤー,2,A2,,,,,,,,,,mayor n.,
3871,me,私を、私に,1,A1,,,,,,,,,,me pron.,
3872,meagre,僅か、細やか、貧弱,32,C2,,,,,,,,,,meagre (adj),
3873,meal,一飯、ご飯、食事,1,A1,,,,,,,,,,meal n.,
3874,mean,平均、汚い、下劣,1,A1,,,,,,,,,,mean v.,
3875,meaning,下劣、醜悪、中,1,A1,,,,,,,,,,meaning n.,
3876,meaningful,意味深長、有意、有意義,16,C1,,,,,,,,,,meaningful adj.,
3877,means,やり方、具、経路,8,B2,,,,,,,,,,means n.,
3878,meantime,その間,16,C1,,,,,,,,,,meantime n.,
3879,meanwhile,この間、此の内、そうこうする内に,4,B1,,,,,,,,,,meanwhile adv.,
3880,measure,処置、処分、措置,4,B1,,,,,,,,,,"measure v., n.",
3881,measurement,観測、計測、才量,8,B2,,,,,,,,,,measurement n.,
3882,meat,ちゃんこ鍋、ちゃんこ料理、加薬,1,A1,,,,,,,,,,meat n.,
3883,mechanic,工匠、匠、機械工,8,B2,,,,,,,,,,mechanic n.,
3884,mechanical,無意識、力学的、機械的,8,B2,,,,,,,,,,mechanical adj.,
3885,mechanism,絡繰り、過程、機械,8,B2,,,,,,,,,,mechanism n.,
3886,medal,記章、勲章、章,8,B2,,,,,,,,,,medal n.,
3887,media,媒体、ミディアム、メディア,2,A2,,,,,,,,,,media n.,
3888,mediator,パイプ役、挨拶、桂庵,32,C2,,,,,,,,,,mediator (n),
3889,medical,医学的、医歯薬、メディカル,2,A2,,,,,,,,,,medical adj.,
3890,medication,投薬、薬物投与,8,B2,,,,,,,,,,medication n.,
3891,medicine,医、医学、医術,2,A2,,,,,,,,,,medicine n.,
3892,medieval,中世の,16,C1,,,,,,,,,,medieval adj.,
3893,mediocrity,中位、凡才、凡俗,32,C2,,,,,,,,,,mediocrity (n),
3894,meditation,観念、思索、沈思,16,C1,,,,,,,,,,meditation n.,
3895,medium,ミディアム、市子、松竹梅,4,B1,,,,,,,,,,medium adj.,
3896,medium,市子、松竹梅、中位,8,B2,,,,,,,,,,medium n.,
3897,meet,打つかる、沿う、応える,1,A1,,,,,,,,,,meet v.,
3898,meeting,逢瀬、引き合わせ、会,1,A1,,,,,,,,,,meeting n.,
3899,megalomania,誇大妄想、誇大妄想狂、メガロマニア,32,C2,,,,,,,,,,megalomania (n),
3900,melancholy,陰気、陰鬱、幽愁,32,C2,,,,,,,,,,melancholy (n),
3901,melee,混戦、乱軍、乱戦,32,C2,,,,,,,,,,melee (n),
3902,melody,音調、歌曲、曲,16,C1,,,,,,,,,,melody n.,
3903,melt,沸かす、溶かす、溶く,8,B2,,,,,,,,,,melt v.,
3904,member,一員、員、加入者,1,A1,,,,,,,,,,member n.,
3905,membership,会員、籍、会員権,8,B2,,,,,,,,,,membership n.,
3906,memo,葉書、覚書、控え書き,16,C1,,,,,,,,,,memo n.,
3907,memoir,回想記,16,C1,,,,,,,,,,memoir n.,
3908,memorabilia,思い出の品,32,C2,,,,,,,,,,memorabilia (n),
3909,memorable,印象的、印象深い、忘れがたい,8,B2,,,,,,,,,,memorable adj.,
3910,memorial,建白、追悼、建白書,16,C1,,,,,,,,,,memorial n.,
3911,memory,覚え、記憶、記憶装置,2,A2,,,,,,,,,,memory n.,
3912,menacing,脅迫的、威嚇的、威嚇,32,C2,,,,,,,,,,menacing (adj),
3913,mendacious,うそつきの、虚偽の,32,C2,,,,,,,,,,mendacious (adj),
3914,mental,心的、内的、精神的,4,B1,,,,,,,,,,mental adj.,
3915,mention,記載、言い及ぶ、持ち出す,2,A2,,,,,,,,,,mention v.,
3916,mention,記載、論及、言挙げ,4,B1,,,,,,,,,,mention n.,
3917,mentor,恩師、指導者、庇護者,16,C1,,,,,,,,,,mentor n.,
3918,menu,献立、献立表、品書き,1,A1,,,,,,,,,,menu n.,
3919,mercenary,現金、打算的、傭兵,32,C2,,,,,,,,,,mercenary (n),
3920,merchant,市人、商家、商売人,16,C1,,,,,,,,,,merchant n.,
3921,mercy,慈心、慈悲、情け,16,C1,,,,,,,,,,mercy n.,
3922,mere,に過ぎない、本の、単なる,16,C1,,,,,,,,,,mere adj.,
3923,merely,高が、僅か、単に,16,C1,,,,,,,,,,merely adv.,
3924,merge,合う、合流、マージ,16,C1,,,,,,,,,,merge v.,
3925,merger,混同、併合、合併,16,C1,,,,,,,,,,merger n.,
3926,merit,一得、価値、功徳,16,C1,,,,,,,,,,merit n.,
3927,meritocracy,業績主義、能力主義、実力主義,32,C2,,,,,,,,,,meritocracy (n),
3928,mess,体たらく、羽目、会食,4,B1,,,,,,,,,,mess n.,
3929,message,教書、言伝、ご連絡,1,A1,,,,,,,,,,message n.,
3930,messiah,救世主、メシア,32,C2,,,,,,,,,,messiah (n),
3931,metal,金、金属、びらびら,2,A2,,,,,,,,,,metal n.,
3932,metamorphosis,化生、変化、変形,32,C2,,,,,,,,,,metamorphosis (n),
3933,metaphor,暗喩、隠喩、例え,8,B2,,,,,,,,,,metaphor n.,
3934,meter,米、韻律、計,1,A1,,,,,,,,,,meter n.,
3935,method,やり方、格、筋道,2,A2,,,,,,,,,,method n.,
3936,methodology,方法論,16,C1,,,,,,,,,,methodology n.,
3937,methodology,方法論,32,C2,,,,,,,,,,methodology (n),
3938,meticulous,細やか、細心、周到,32,C2,,,,,,,,,,meticulous (adj),
3939,mettle,気概、概,32,C2,,,,,,,,,,mettle (n),
3940,microcosm,縮図、小宇宙、ミクロコスモス,32,C2,,,,,,,,,,microcosm (n),
3941,middle,竹、中、中央,2,A2,,,,,,,,,,"middle n., adj.",
3942,midnight,１２時、真夜中、正子,1,A1,,,,,,,,,,midnight n.,
3943,midst,真っ最中、中,16,C1,,,,,,,,,,midst n.,
3944,might,かも知れない、威勢、勢い,2,A2,,,,,,,,,,might modal v.,
3945,migration,移行、移住、移動,16,C1,,,,,,,,,,migration n.,
3946,mild,円やか、温暖、穏やか,4,B1,,,,,,,,,,mild adj.,
3947,mile,哩,1,A1,,,,,,,,,,mile n.,
3948,militant,戦闘的、闘士、好戦的な人,16,C1,,,,,,,,,,"militant n., adj.",
3949,military,軍事的、軍事上、軍隊,8,B2,,,,,,,,,,"military adj., n.",
3950,militia,民兵、市民軍、民兵組織,16,C1,,,,,,,,,,militia n.,
3951,milk,牛乳、乳、乳汁,1,A1,,,,,,,,,,milk n.,
3952,mill,工場、粉屋、製粉機,16,C1,,,,,,,,,,mill n.,
3953,million,１００万、ミリオン,1,A1,,,,,,,,,,million number,
3954,mind,気にする、構う、気に留める,2,A2,,,,,,,,,,"mind n., v.",
3955,mine,機雷、鉱山、山,2,A2,,,,,,,,,,mine (belongs me) pron.,
3956,mine,機雷、鉱山、山,4,B1,,,,,,,,,,mine (hole in the ground) n.,
3957,miner,坑夫、鉱山労働者、鉱員,8,B2,,,,,,,,,,miner n.,
3958,mineral,鉱質、鉱石、鉱物,8,B2,,,,,,,,,,mineral n.,
3959,minimal,ごく僅か、ミニマル、最小,16,C1,,,,,,,,,,minimal adj.,
3960,minimize,最小化する、軽視する,16,C1,,,,,,,,,,minimize v.,
3961,minimum,極小、最低、せめてもの,8,B2,,,,,,,,,,"minimum adj., n.",
3962,mining,最小値、ビン語、採掘,16,C1,,,,,,,,,,mining n.,
3963,minion,手先、手下、ミニオン,32,C2,,,,,,,,,,minion (n),
3964,minister,御所、公使、神父,8,B2,,,,,,,,,,minister n.,
3965,ministry,内閣、奉仕、聖職,16,C1,,,,,,,,,,ministry n.,
3966,minor,軽い、細かい、小さい,8,B2,,,,,,,,,,minor adj.,
3967,minority,少数、少数者、少数派,8,B2,,,,,,,,,,minority n.,
3968,minute1,一刻、一分、克明,1,A1,,,,,,,,,,minute1 n.,
3969,minute2,克明、細かい、事細か,16,C1,,,,,,,,,,minute2 adj.,
3970,minutiae,細部、些細な点,32,C2,,,,,,,,,,minutiae (n),
3971,miracle,驚異、神業、不可思議,16,C1,,,,,,,,,,miracle n.,
3972,mirage,蜃気楼、ミラージュ,32,C2,,,,,,,,,,mirage (n),
3973,mire,汚泥、泥、泥濘,32,C2,,,,,,,,,,mire (n),
3974,mirror,亀鑑、鏡、鏡鑑,2,A2,,,,,,,,,,mirror n.,
3975,misanthrope,厭人者、人嫌い、拗ね者,32,C2,,,,,,,,,,misanthrope (n),
3976,mischievous,茶目、腕白、いたずら好き,32,C2,,,,,,,,,,mischievous (adj),
3977,miserable,哀れ、陰気、気の毒,8,B2,,,,,,,,,,miserable adj.,
3978,misery,哀れ、塗炭、塗炭の苦しみ,16,C1,,,,,,,,,,misery n.,
3979,misgiving,不安、疑念,32,C2,,,,,,,,,,misgiving (n),
3980,mishap,間違い、別事、別状,32,C2,,,,,,,,,,mishap (n),
3981,misleading,紛らわしい、ミスリーディング、誤導,16,C1,,,,,,,,,,misleading adj.,
3982,misnomer,誤称,32,C2,,,,,,,,,,misnomer (n),
3983,misogyny,女嫌い、女性嫌悪、ミソジニー,32,C2,,,,,,,,,,misogyny (n),
3984,miss,逸らす、懐かしむ、外す,1,A1,,,,,,,,,,miss v.,
3985,missile,弾道弾、飛び道具、矢玉,16,C1,,,,,,,,,,missile n.,
3986,missing,欠落、行方不明、後逸,2,A2,,,,,,,,,,missing adj.,
3987,mission,お使い、使い、使節,8,B2,,,,,,,,,,mission n.,
3988,mistake,違い、嘘、過誤,1,A1,,,,,,,,,,mistake n.,
3989,mistake,違える、見損なう、誤謬,8,B2,,,,,,,,,,mistake v.,
3990,mitigate,減ずる、減じる,32,C2,,,,,,,,,,mitigate (v),
3991,mix,掛け合わせる、交える、合する,4,B1,,,,,,,,,,"mix v., n.",
3992,mixed,雑多、不純、複雑,8,B2,,,,,,,,,,mixed adj.,
3993,mixture,寄せ集め、交錯、混ぜ物,4,B1,,,,,,,,,,mixture n.,
3994,mob,烏合の衆、暴徒、群衆,16,C1,,,,,,,,,,mob n.,
3995,mobile,移動、可動、機動,16,C1,,,,,,,,,,mobile adj.,
3996,mobility,易動度、可動性、機動性,16,C1,,,,,,,,,,mobility n.,
3997,mobilize,動かす、駆り集める,16,C1,,,,,,,,,,mobilize v.,
3998,mode,形式、旋法、最頻値,8,B2,,,,,,,,,,mode n.,
3999,model,下敷き、機種、亀鑑,1,A1,,,,,,,,,,model n.,
4000,model,代表、下敷き、機種,8,B2,,,,,,,,,,model v.,
4001,moderate,穏やか、穏健、いい加減,16,C1,,,,,,,,,,moderate adj.,
4002,modern,近代的、今日的、今風,1,A1,,,,,,,,,,modern adj.,
4003,modest,奥ゆかしい、簡素、謙虚,8,B2,,,,,,,,,,modest adj.,
4004,modicum,一片,32,C2,,,,,,,,,,modicum (n),
4005,modification,改変、手直し、修飾,16,C1,,,,,,,,,,modification n.,
4006,modify,モディファイ,8,B2,,,,,,,,,,modify v.,
4007,module,加群、プログラム単位、モジュール,16,C1,,,,,,,,,,module n.,
4008,mogul,大御所、モーグル、ムガル,32,C2,,,,,,,,,,mogul (n),
4009,mollify,なだめる、和らげる,32,C2,,,,,,,,,,mollify (v),
4010,mom,お母さん、御っ母さん、お母ちゃん,1,A1,,,,,,,,,,mom n.,
4011,moment,一刻、ひと時、一瞬,1,A1,,,,,,,,,,moment n.,
4012,momentum,モーメント項、運動量、機運,16,C1,,,,,,,,,,momentum n.,
4013,Monday,月曜、月曜日、月,1,A1,,,,,,,,,,Monday n.,
4014,money,お金、弗、黄金,1,A1,,,,,,,,,,money n.,
4015,moniker,名前、あだ名,32,C2,,,,,,,,,,moniker (n),
4016,monitor,級長、監視局、モニター,8,B2,,,,,,,,,,"monitor n., v.",
4017,monk,桑門、修道士、出家,16,C1,,,,,,,,,,monk n.,
4018,monkey,猿、申、沐猴,2,A2,,,,,,,,,,monkey n.,
4019,monolith,一枚岩、モノリス、コンクリートパネル,32,C2,,,,,,,,,,monolith (n),
4020,monologue,独り言、独白、独語,32,C2,,,,,,,,,,monologue (n),
4021,monopoly,一手、専業、専売,16,C1,,,,,,,,,,monopoly n.,
4022,monster,お化け、怪異、怪獣,8,B2,,,,,,,,,,monster n.,
4023,montage,モンタージュ写真、モンタージュ,32,C2,,,,,,,,,,montage (n),
4024,month,月、月間,1,A1,,,,,,,,,,month n.,
4025,monthly,月、月間、月例,8,B2,,,,,,,,,,monthly adj.,
4026,monument,追悼塔、頌徳碑、モニュメント,8,B2,,,,,,,,,,monument n.,
4027,mood,お天気、機嫌、気,4,B1,,,,,,,,,,mood n.,
4028,moon,衛星、久方、月,2,A2,,,,,,,,,,moon n.,
4029,moral,道徳的、道義的、教訓,8,B2,,,,,,,,,,"moral adj., n.",
4030,morality,道義、徳義、義,16,C1,,,,,,,,,,morality n.,
4031,moratorium,凍結、一時停止、猶予期間,32,C2,,,,,,,,,,moratorium (n),
4032,mordant,媒染剤,32,C2,,,,,,,,,,mordant (adj),
4033,more,もっと多くの,1,A1,,,,,,,,,,"more det./pron., adv.",
4034,moreover,且つ、更に、剰え,8,B2,,,,,,,,,,moreover adv.,
4035,morgue,霊安室、死体置き場、遺体安置所,32,C2,,,,,,,,,,morgue (n),
4036,moribund,瀕死の、衰退した,32,C2,,,,,,,,,,moribund (adj),
4037,morning,午前、昼前、朝,1,A1,,,,,,,,,,morning n.,
4038,morose,ツンツン,32,C2,,,,,,,,,,morose (adj),
4039,mortal,命取り、死すべき,32,C2,,,,,,,,,,mortal (adj / n),
4040,mortgage,引き当て、抵当、抵当権,8,B2,,,,,,,,,,mortgage n.,
4041,mortifying,悔しい、泣くに泣けない,32,C2,,,,,,,,,,mortifying (adj),
4042,mosaic,モザイク病、モザイク状、モザイク画,32,C2,,,,,,,,,,mosaic (n),
4043,mosque,寺院、回教寺院、清真寺,8,B2,,,,,,,,,,mosque n.,
4044,most,最も多くの、最も,1,A1,,,,,,,,,,"most det./pron., adv.",
4045,mostly,一番、最も、至極,2,A2,,,,,,,,,,mostly adv.,
4046,mother,お母さん、お母様、女親,1,A1,,,,,,,,,,mother n.,
4047,motion,運行、運動、建議,8,B2,,,,,,,,,,motion n.,
4048,motivate,モチベート,8,B2,,,,,,,,,,motivate v.,
4049,motivation,気、気合、刺激,8,B2,,,,,,,,,,motivation n.,
4050,motive,原動、思惑、動因,16,C1,,,,,,,,,,motive n.,
4051,motor,原動機、モーター、モートル,8,B2,,,,,,,,,,"motor n., adj.",
4052,motorcycle,単車、小型二輪、原付一種,2,A2,,,,,,,,,,motorcycle n.,
4053,mount,乗る、据え付ける、跨る,8,B2,,,,,,,,,,mount v.,
4054,mountain,下道、岳、山,1,A1,,,,,,,,,,mountain n.,
4055,mouse,いたずら者、鼠、嫁が君,1,A1,,,,,,,,,,mouse n.,
4056,mouth,口、口元、口先,1,A1,,,,,,,,,,mouth n.,
4057,move,圧倒、技、手,4,B1,,,,,,,,,,move n.,
4058,move,滑らす、遣る、圧倒,1,A1,,,,,,,,,,move v.,
4059,movement,移動、運行、運動,2,A2,,,,,,,,,,movement n.,
4060,movie,映画、活動、写真,1,A1,,,,,,,,,,movie n.,
4061,moving,涙ぐましい、切々、感慨深い,8,B2,,,,,,,,,,moving adj.,
4062,much,幾つも、一杯、強か,1,A1,,,,,,,,,,"much det./pron., adv.",
4063,mud,泥、泥んこ、泥土,4,B1,,,,,,,,,,mud n.,
4064,muffle,押し殺す、曇らす,32,C2,,,,,,,,,,muffle (v),
4065,multiple,多重、マルチプル、倍数,8,B2,,,,,,,,,,multiple adj.,
4066,multiply,掛ける、掛け合わせる、乗じる,8,B2,,,,,,,,,,multiply v.,
4067,multitude,億兆、十重二十重、数多,32,C2,,,,,,,,,,multitude (n),
4068,mundane,生臭い、日常的、有り触れた,32,C2,,,,,,,,,,mundane (adj),
4069,municipal,市立、都市,16,C1,,,,,,,,,,municipal adj.,
4070,munificent,気前のよい,32,C2,,,,,,,,,,munificent (adj),
4071,munition,軍需品、弾薬,32,C2,,,,,,,,,,munition (n),
4072,mural,壁画,32,C2,,,,,,,,,,mural (n),
4073,murder,危める、殺す、殺害,4,B1,,,,,,,,,,"murder n., v.",
4074,muscle,筋、筋肉、マッスル,4,B1,,,,,,,,,,muscle n.,
4075,museum,記念館、史料館、博物館,1,A1,,,,,,,,,,museum n.,
4076,music,音楽、音譜、管弦,1,A1,,,,,,,,,,music n.,
4077,musical,音楽映画、音楽的、ミュージカル,4,B1,,,,,,,,,,musical n.,
4078,musical,音楽的、音楽映画、ミュージカル,2,A2,,,,,,,,,,musical adj.,
4079,musician,楽士、楽人、音楽家,2,A2,,,,,,,,,,musician n.,
4080,must,可き、筈、必見,1,A1,,,,,,,,,,must modal v.,
4081,mutable,変わりやすい,32,C2,,,,,,,,,,mutable (adj),
4082,mutual,共通、交互、同士,16,C1,,,,,,,,,,mutual adj.,
4083,my,私の,1,A1,,,,,,,,,,my det.,
4084,myopic,近視眼的,32,C2,,,,,,,,,,myopic (adj),
4085,myriad,千万、八百万、万,32,C2,,,,,,,,,,myriad (n / adj),
4086,myself,我が身、私自身、自分,2,A2,,,,,,,,,,myself pron.,
4087,mysterious,怪奇、奇怪、神秘的,8,B2,,,,,,,,,,mysterious adj.,
4088,mystery,隠微、奥の手、怪異,4,B1,,,,,,,,,,mystery n.,
4089,mystique,神秘性、神秘的雰囲気,32,C2,,,,,,,,,,mystique (n),
4090,myth,作り話、神話、ミス,8,B2,,,,,,,,,,myth n.,
4091,nadir,天底、極,32,C2,,,,,,,,,,nadir (n),
4092,nag,しつこく小言を言う,32,C2,,,,,,,,,,nag (v),
4093,nail,爪、釘、扁爪,4,B1,,,,,,,,,,nail n.,
4094,naivety,世間知らず、素朴さ,32,C2,,,,,,,,,,naivety (n),
4095,naked,むき出し、露、赤裸々,8,B2,,,,,,,,,,naked adj.,
4096,name,呼ぶ、名付ける、言う,1,A1,,,,,,,,,,"name n., v.",
4097,namely,即ち、看板、呼ぶ,16,C1,,,,,,,,,,namely adv.,
4098,namesake,同名異人,32,C2,,,,,,,,,,namesake (n),
4099,narcissism,自己陶酔、自己愛、ナルシシズム,32,C2,,,,,,,,,,narcissism (n),
4100,narrative,叙事的、説話、体験談,4,B1,,,,,,,,,,"narrative n., adj.",
4101,narrow,危ない、危なっかしい、窮屈,2,A2,,,,,,,,,,narrow adj.,
4102,narrow,詰まる、狭まる、狭める,8,B2,,,,,,,,,,narrow v.,
4103,nascent,新生,32,C2,,,,,,,,,,nascent (adj),
4104,nasty,悪どい、汚らわしい、嫌らしい,8,B2,,,,,,,,,,nasty adj.,
4105,nation,国家、国民、民族,4,B1,,,,,,,,,,nation n.,
4106,national,国定、国民、国立,8,B2,,,,,,,,,,national n.,
4107,national,全国的、民族的、国民的,2,A2,,,,,,,,,,national adj.,
4108,nationwide,全国的、国民的、全国各地,16,C1,,,,,,,,,,nationwide adj.,
4109,native,固有、ネイティブ、土人,4,B1,,,,,,,,,,"native adj., n.",
4110,natural,自然、当たり前、当然,1,A1,,,,,,,,,,natural adj.,
4111,naturally,生まれつき、元来、自ずから,4,B1,,,,,,,,,,naturally adv.,
4112,nature,意地、人となり、気,2,A2,,,,,,,,,,nature n.,
4113,naval,海軍の,16,C1,,,,,,,,,,naval adj.,
4114,navigation,回航、航海、航行,8,B2,,,,,,,,,,navigation n.,
4115,near,近い、手近、程近い,1,A1,,,,,,,,,,"near prep., adj., adv.",
4116,nearby,間近、程近い、直,8,B2,,,,,,,,,,"nearby adj., adv.",
4117,nearly,近く、軈て、危うく,2,A2,,,,,,,,,,nearly adv.,
4118,neat,瀟洒、格好良い、綺麗,4,B1,,,,,,,,,,neat adj.,
4119,nebulous,そこはかとない,32,C2,,,,,,,,,,nebulous (adj),
4120,necessarily,やむを得ず、勢い、必ず,4,B1,,,,,,,,,,necessarily adv.,
4121,necessary,大切、必須、必然,2,A2,,,,,,,,,,necessary adj.,
4122,necessity,事、入り用、入用,8,B2,,,,,,,,,,necessity n.,
4123,neck,竿、雁首、襟元,2,A2,,,,,,,,,,neck n.,
4124,need,御用、困窮、事,2,A2,,,,,,,,,,need n.,
4125,need,困窮、待つ、要する,1,A1,,,,,,,,,,need v.,
4126,need,困窮、待つ、要する,4,B1,,,,,,,,,,need modal v.,
4127,needle,指針、針、葉,4,B1,,,,,,,,,,needle n.,
4128,nefarious,不届き,32,C2,,,,,,,,,,nefarious (adj),
4129,negative,陰、陰画、陰性,8,B2,,,,,,,,,,negative n.,
4130,negative,陰性、後ろ向き、消極的,1,A1,,,,,,,,,,negative adj.,
4131,neglect,為落とす、疎む、疎んじる,16,C1,,,,,,,,,,neglect v.,
4132,negligence,等閑、過怠、失着,32,C2,,,,,,,,,,negligence (n),
4133,negotiate,掛け合う、話を付ける、談じる,8,B2,,,,,,,,,,negotiate v.,
4134,negotiation,会商、協議、協商,8,B2,,,,,,,,,,negotiation n.,
4135,neighbor,隣人、お隣さん、隣る,1,A1,,,,,,,,,,neighbor n.,
4136,neighborhood,界隈、近く、近所,1,A1,,,,,,,,,,neighborhood n.,
4137,neighboring,隣接した、隣人、隣る,16,C1,,,,,,,,,,neighboring adj.,
4138,neither,共、どちらでもない,2,A2,,,,,,,,,,neither det./pron.,
4139,neither,共、どちらでもない,4,B1,,,,,,,,,,neither adv.,
4140,nemesis,天罰、不倶戴天の敵,32,C2,,,,,,,,,,nemesis (n),
4141,neophyte,今道心、若造、修練者,32,C2,,,,,,,,,,neophyte (n),
4142,nepotism,身贔屓、縁者贔屓、縁故主義,32,C2,,,,,,,,,,nepotism (n),
4143,nerve,心臓、神経、胆力,8,B2,,,,,,,,,,nerve n.,
4144,nervous,神経質、心もとない、カチカチ,2,A2,,,,,,,,,,nervous adj.,
4145,nest,巣、巣窟、入れ子,16,C1,,,,,,,,,,nest n.,
4146,net,網、展開図、ネット上,4,B1,,,,,,,,,,net n.,
4147,net,網、展開図、ネット上,16,C1,,,,,,,,,,net adj.,
4148,network,網状組織、網細工、ネット,2,A2,,,,,,,,,,network n.,
4149,neutral,ニュートラル、不即不離、無色,8,B2,,,,,,,,,,neutral adj.,
4150,never,何時も、遂に、万々,1,A1,,,,,,,,,,never adv.,
4151,nevertheless,尚且つ、然しながら、所が,8,B2,,,,,,,,,,nevertheless adv.,
4152,new,斬新、新しい、新た,1,A1,,,,,,,,,,new adj.,
4153,newly,今次、新しく、ぱりっと,8,B2,,,,,,,,,,newly adv.,
4154,news,今次、斬新、初,1,A1,,,,,,,,,,news n.,
4155,newsletter,会報、時報、会報誌,16,C1,,,,,,,,,,newsletter n.,
4156,newspaper,新聞、新聞紙、ニュースペーパー,1,A1,,,,,,,,,,newspaper n.,
4157,next,後続、此処、次,1,A1,,,,,,,,,,next prep.,
4158,next,後続、此処、次,4,B1,,,,,,,,,,next n.,
4159,next,明くる、来る、次なる,1,A1,,,,,,,,,,"next adj., adv.",
4160,nexus,因果関係、ネクサス,32,C2,,,,,,,,,,nexus (n),
4161,nice,結構、好ましい、親切,1,A1,,,,,,,,,,nice adj.,
4162,niche,壁龕、ニッチ,16,C1,,,,,,,,,,niche n.,
4163,nickel,びた一文、アルニコ合金、ニッケル,8,B2,,,,,,,,,,nickel n.,
4164,night,晩、夜、夜間,1,A1,,,,,,,,,,night n.,
4165,nightmare,悪夢、夢魔、ナイトメア,8,B2,,,,,,,,,,nightmare n.,
4166,nihilism,虚無主義、ニヒリズム,32,C2,,,,,,,,,,nihilism (n),
4167,nine,九つ、九、かぶ,1,A1,,,,,,,,,,nine number,
4168,nineteen,十九,1,A1,,,,,,,,,,nineteen number,
4169,ninety,90,1,A1,,,,,,,,,,ninety number,
4170,nirvana,円寂、入寂、彼岸,32,C2,,,,,,,,,,nirvana (n),
4171,no,いいえ、少しも〜ない,1,A1,,,,,,,,,,"no exclam., det.",
4172,no,いいえ、少しも〜ない,1,A1,,,,,,,,,,no one pron.,
4173,noble,気高い、健気、高貴,16,C1,,,,,,,,,,noble adj.,
4174,nobody,雑魚、何人も、無名氏,1,A1,,,,,,,,,,nobody pron.,
4175,nod,会釈、頷く、頷き,16,C1,,,,,,,,,,nod v.,
4176,noise,音響、外乱、砂嵐,2,A2,,,,,,,,,,noise n.,
4177,noisy,喧しい、喧々囂々、騒がしい,2,A2,,,,,,,,,,noisy adj.,
4178,nomenclature,術語、命名法、名称集,32,C2,,,,,,,,,,nomenclature (n),
4179,nominate,押し立てる、指す、上げる,16,C1,,,,,,,,,,nominate v.,
4180,nomination,候補、推挙、選任,16,C1,,,,,,,,,,nomination n.,
4181,nominee,被任命者,16,C1,,,,,,,,,,nominee n.,
4182,nonchalance,無頓着、平然,32,C2,,,,,,,,,,nonchalance (n),
4183,nonchalant,さり気ない、安閑、無頓着,32,C2,,,,,,,,,,nonchalant (adj),
4184,none,皆無、何れも、共,2,A2,,,,,,,,,,none pron.,
4185,nonentity,取るに足らない人、存在感のないもの,32,C2,,,,,,,,,,nonentity (n),
4186,nonetheless,矢っ張り、矢張り、矢っ張し,16,C1,,,,,,,,,,nonetheless adv.,
4187,nonprofit,非営利的,16,C1,,,,,,,,,,nonprofit adj.,
4188,nonsense,出鱈目、出放題、寝言,16,C1,,,,,,,,,,nonsense n.,
4189,noon,午刻、１２時、正午,16,C1,,,,,,,,,,noon n.,
4190,nor,ＮＯＲ,4,B1,,,,,,,,,,nor conj./adv.,
4191,norm,規格、準縄、当たり前,8,B2,,,,,,,,,,norm n.,
4192,normal,正規、正常、正則,2,A2,,,,,,,,,,normal adj.,
4193,normal,正規、正常、正則,4,B1,,,,,,,,,,normal n.,
4194,normally,通常、不断、本来,2,A2,,,,,,,,,,normally adv.,
4195,north,四方、子、北,1,A1,,,,,,,,,,"north n., adj., adv.",
4196,northern,北の,4,B1,,,,,,,,,,northern adj.,
4197,nose,機首、耳鼻科、鼻,1,A1,,,,,,,,,,nose n.,
4198,not,〜でない,1,A1,,,,,,,,,,not adv.,
4199,notable,目ぼしい,16,C1,,,,,,,,,,notable adj.,
4200,notably,特に、とりわけ,16,C1,,,,,,,,,,notably adv.,
4201,note,お札、控え、札,1,A1,,,,,,,,,,note n.,
4202,note,記す、手記、付記,4,B1,,,,,,,,,,note v.,
4203,notebook,冊子、草紙、雑記帳,8,B2,,,,,,,,,,notebook n.,
4204,nothing,何物、皆無、水泡,1,A1,,,,,,,,,,nothing pron.,
4205,notice,お知らせ、案内、一報,2,A2,,,,,,,,,,"notice v., n.",
4206,notify,知らせる、届ける、届け出る,16,C1,,,,,,,,,,notify v.,
4207,notion,概念、観念、考え,8,B2,,,,,,,,,,notion n.,
4208,notoriety,顔、悪名,32,C2,,,,,,,,,,notoriety (n),
4209,notorious,悪名高い、名だたる、札付き,16,C1,,,,,,,,,,notorious adj.,
4210,novel,異色、奇抜、斬新,2,A2,,,,,,,,,,novel n.,
4211,novel,異色、奇抜、斬新,16,C1,,,,,,,,,,novel adj.,
4212,novelist,作家、小説家、創作者,8,B2,,,,,,,,,,novelist n.,
4213,November,１１月、ノベンバー,1,A1,,,,,,,,,,November n.,
4214,novice,今道心、若輩者、新参者,32,C2,,,,,,,,,,novice (n),
4215,now,今,1,A1,,,,,,,,,,now adv.,
4216,now,今,4,B1,,,,,,,,,,now conj.,
4217,nowadays,この頃、近頃、現代,8,B2,,,,,,,,,,nowadays adv.,
4218,nowhere,何処にも、何処へも、何処も,2,A2,,,,,,,,,,nowhere adv.,
4219,noxious,毒のある,32,C2,,,,,,,,,,noxious (adj),
4220,nuance,意味合い、語感、色合い,32,C2,,,,,,,,,,nuance (n),
4221,nuclear,核保有、ニュークリア,4,B1,,,,,,,,,,nuclear adj.,
4222,number,員数、曲目、号,1,A1,,,,,,,,,,number n.,
4223,number,員数、曲目、号,2,A2,,,,,,,,,,number v.,
4224,numerous,多い、数ある、厳い,8,B2,,,,,,,,,,numerous adj.,
4225,nurse,伽、看護、看護士,1,A1,,,,,,,,,,nurse n.,
4226,nursery,育児室、育種所、苗床,16,C1,,,,,,,,,,nursery n.,
4227,nursing,育児、伽、介護,8,B2,,,,,,,,,,nursing adj.,
4228,nut,果実、狂い、堅果,2,A2,,,,,,,,,,nut n.,
4229,nutrition,栄養、養い,8,B2,,,,,,,,,,nutrition n.,
4230,o’clock,〜時,1,A1,,,,,,,,,,o’clock adv.,
4231,oaf,阿呆陀羅、唐変木,32,C2,,,,,,,,,,oaf (n),
4232,oasis,沃地、オアシス,32,C2,,,,,,,,,,oasis (n),
4233,obdurate,意固地、利かぬ,32,C2,,,,,,,,,,obdurate (adj),
4234,obesity,肥満、肥満症、脂肪過多症,8,B2,,,,,,,,,,obesity n.,
4235,obey,守る、従う、赴く,8,B2,,,,,,,,,,obey v.,
4236,obfuscate,分かりにくくする、曖昧にする,32,C2,,,,,,,,,,obfuscate (v),
4237,obfuscation,難読化,32,C2,,,,,,,,,,obfuscation (n),
4238,obituary,訃報、死亡広告,32,C2,,,,,,,,,,obituary (n),
4239,object,客観、客体、算体,1,A1,,,,,,,,,,object n.,
4240,object,物申す、客観、客体,8,B2,,,,,,,,,,object v.,
4241,objection,異議、異見、異存,16,C1,,,,,,,,,,objection n.,
4242,objective,客観的、他覚的、為,8,B2,,,,,,,,,,"objective n., adj.",
4243,obligation,恩、義務、厚恩,8,B2,,,,,,,,,,obligation n.,
4244,oblige,下さる、余儀なくさせる,16,C1,,,,,,,,,,oblige v.,
4245,obliterate,完全に消し去る,32,C2,,,,,,,,,,obliterate (v),
4246,oblivion,闇、失念、忘却,32,C2,,,,,,,,,,oblivion (n),
4247,obscenity,淫行、淫靡、淫猥,32,C2,,,,,,,,,,obscenity (n),
4248,obscure,漠然、不透明、不明,32,C2,,,,,,,,,,obscure (adj),
4249,obscurity,隠微、下積み、微賤,32,C2,,,,,,,,,,obscurity (n),
4250,obsequious,へつらう、こびへつらう,32,C2,,,,,,,,,,obsequious (adj),
4251,observance,規律、遵行、遵守,32,C2,,,,,,,,,,observance (n),
4252,observation,監視、観察、観測,8,B2,,,,,,,,,,observation n.,
4253,observe,見る、守る、従う,8,B2,,,,,,,,,,observe v.,
4254,observer,傍聴人、観察者、立会い,8,B2,,,,,,,,,,observer n.,
4255,obsess,取りつく、執着させる,16,C1,,,,,,,,,,obsess v.,
4256,obsession,拘り、凝り性、執念,16,C1,,,,,,,,,,obsession n.,
4257,obsolescence,陳腐化,32,C2,,,,,,,,,,obsolescence (n),
4258,obsolete,古臭い、廃れた,32,C2,,,,,,,,,,obsolete (adj),
4259,obstacle,関門、支障、邪魔,8,B2,,,,,,,,,,obstacle n.,
4260,obstinate,執拗い、意固地、意地っ張り,32,C2,,,,,,,,,,obstinate (adj),
4261,obstreperous,手に負えない,32,C2,,,,,,,,,,obstreperous (adj),
4262,obtain,有り付く、取る、手に入る,8,B2,,,,,,,,,,obtain v.,
4263,obtuse,鈍い、鈍頭,32,C2,,,,,,,,,,obtuse (adj),
4264,obviate,不要にする、未然に防ぐ,32,C2,,,,,,,,,,obviate (v),
4265,obvious,明白、一目瞭然、顕著,4,B1,,,,,,,,,,obvious adj.,
4266,obviously,歴々、瞭然、昭昭,4,B1,,,,,,,,,,obviously adv.,
4267,occasion,期、機宜、暁,4,B1,,,,,,,,,,occasion n.,
4268,occasional,偶発的、偶、邂逅,16,C1,,,,,,,,,,occasional adj.,
4269,occasionally,時には、折々、偶々,8,B2,,,,,,,,,,occasionally adv.,
4270,occupation,営み、稼業、産業,8,B2,,,,,,,,,,occupation n.,
4271,occupy,取る、収まる、乗っ取る,8,B2,,,,,,,,,,occupy v.,
4272,occur,起きる、起こる、持ち上がる,4,B1,,,,,,,,,,occur v.,
4273,occurrence,暁、事、出来,16,C1,,,,,,,,,,occurrence n.,
4274,ocean,遠海、遠洋、海,1,A1,,,,,,,,,,ocean n.,
4275,October,１０月、オクトーバー,1,A1,,,,,,,,,,October n.,
4276,odd,異様、可笑しい、奇異,4,B1,,,,,,,,,,odd adj.,
4277,odds,異様、奇異、奇特,16,C1,,,,,,,,,,odds n.,
4278,ode,叙情詩、オード,32,C2,,,,,,,,,,ode (n),
4279,odyssey,長い冒険の旅,32,C2,,,,,,,,,,odyssey (n),
4280,of,〜の、〜からなる,1,A1,,,,,,,,,,of prep.,
4281,off,離れて、休みの,1,A1,,,,,,,,,,"off adv., prep.",
4282,offend,逸らす、怒らす、機嫌を損ねる,8,B2,,,,,,,,,,offend v.,
4283,offender,違反者、下手人、罪人,8,B2,,,,,,,,,,offender n.,
4284,offense,違反、忌諱、攻め,8,B2,,,,,,,,,,offense n.,
4285,offensive,耳障り、反社会的、攻撃的,8,B2,,,,,,,,,,offensive adj.,
4286,offer,供する、供える、差し上げる,2,A2,,,,,,,,,,"offer v., n.",
4287,offering,申し出、提供、付け値,16,C1,,,,,,,,,,offering n.,
4288,office,椅子、一役、局,1,A1,,,,,,,,,,office n.,
4289,officer,運転士、士官、役員,2,A2,,,,,,,,,,officer n.,
4290,official,掛かり、公、公儀,8,B2,,,,,,,,,,official n.,
4291,official,公然、公的、正式,4,B1,,,,,,,,,,official adj.,
4292,officious,差し出がましい,32,C2,,,,,,,,,,officious (adj),
4293,offspring,胤、子種、子孫,16,C1,,,,,,,,,,offspring n.,
4294,often,しばしば,1,A1,,,,,,,,,,often adv.,
4295,oh,然う然う、嗚呼、何,1,A1,,,,,,,,,,oh exclam.,
4296,oil,石油、油、差し油,2,A2,,,,,,,,,,oil n.,
4297,OK,宜しい、結構、順調,1,A1,,,,,,,,,,"OK exclam., adj./adv.",
4298,old,久しい、古い、古手,1,A1,,,,,,,,,,old adj.,
4299,old-fashioned,古臭い、昔風、旧弊,4,B1,,,,,,,,,,old-fashioned adj.,
4300,oligarchy,寡頭政治、寡頭制、オリガーキー,32,C2,,,,,,,,,,oligarchy (n),
4301,omen,縁起、前触れ、前知らせ,32,C2,,,,,,,,,,omen (n),
4302,ominous,忌まわしい、不気味、不吉,32,C2,,,,,,,,,,ominous (adj),
4303,omission,為落し、為落ち、遺脱,32,C2,,,,,,,,,,omission (n),
4304,omnipotence,全能,32,C2,,,,,,,,,,omnipotence (n),
4305,omniscience,全知、仏智,32,C2,,,,,,,,,,omniscience (n),
4306,on,〜の上に、〜に,1,A1,,,,,,,,,,"on prep., adv.",
4307,once,ある時、以上、一応,4,B1,,,,,,,,,,once conj.,
4308,once,以上、一応、一回,1,A1,,,,,,,,,,once adv.,
4309,one,1つの、1人,1,A1,,,,,,,,,,"one number/det., pron.",
4310,onerous,負担の重い、厄介な,32,C2,,,,,,,,,,onerous (adj),
4311,ongoing,進行中,8,B2,,,,,,,,,,ongoing adj.,
4312,onion,玉ねぎ、オニオン,1,A1,,,,,,,,,,onion n.,
4313,online,オンライン,1,A1,,,,,,,,,,"online adj., adv.",
4314,only,ただ〜だけ,1,A1,,,,,,,,,,"only adj., adv.",
4315,onset,最初、発来,32,C2,,,,,,,,,,onset (n),
4316,onslaught,攻撃、躍進,32,C2,,,,,,,,,,onslaught (n),
4317,onus,責任,32,C2,,,,,,,,,,onus (n),
4318,opacity,混濁、不透明、潤み,32,C2,,,,,,,,,,opacity (n),
4319,opaque,不透明、オペーク,32,C2,,,,,,,,,,opaque (adj),
4320,open,明白、公然、むき出し,1,A1,,,,,,,,,,"open adj., v.",
4321,opening,開館、開局、開口,8,B2,,,,,,,,,,opening n.,
4322,openly,陽に、正面切って、公然,8,B2,,,,,,,,,,openly adv.,
4323,opera,歌劇、楽劇、オペラ,8,B2,,,,,,,,,,opera n.,
4324,operate,扱う、営む、取り扱う,8,B2,,,,,,,,,,operate v.,
4325,operation,運営、運行、運転,4,B1,,,,,,,,,,operation n.,
4326,operational,操作的、オペレーショナル、業務,16,C1,,,,,,,,,,operational adj.,
4327,operator,演算子、技手、交換手,8,B2,,,,,,,,,,operator n.,
4328,opinion,意見、一隻眼、見解,1,A1,,,,,,,,,,opinion n.,
4329,opponent,相手、反対者、敵,8,B2,,,,,,,,,,opponent n.,
4330,opportunistic,日和見主義の、便宜主義的な,32,C2,,,,,,,,,,opportunistic (adj),
4331,opportunity,縁、期、機運,2,A2,,,,,,,,,,opportunity n.,
4332,oppose,逆らう、阻む、争う,8,B2,,,,,,,,,,oppose v.,
4333,opposed,反対している、対立した,8,B2,,,,,,,,,,opposed adj.,
4334,opposite,逆、裏腹、相向かい,1,A1,,,,,,,,,,"opposite adj., n., prep., adv.",
4335,opposition,対、対抗、対立,8,B2,,,,,,,,,,opposition n.,
4336,opt,選ぶ、選択する,16,C1,,,,,,,,,,opt v.,
4337,optical,オプティカル,16,C1,,,,,,,,,,optical adj.,
4338,optimism,楽観、楽観論、楽天,16,C1,,,,,,,,,,optimism n.,
4339,optimistic,楽観的、楽天的、呑気,8,B2,,,,,,,,,,optimistic adj.,
4340,option,取捨、選択、両建て,2,A2,,,,,,,,,,option n.,
4341,opulence,富裕,32,C2,,,,,,,,,,opulence (n),
4342,opulent,豪華,32,C2,,,,,,,,,,opulent (adj),
4343,or,または,1,A1,,,,,,,,,,or conj.,
4344,oracle,神託、託宣、巫,32,C2,,,,,,,,,,oracle (n),
4345,oral,経口、口頭、口内,16,C1,,,,,,,,,,oral adj.,
4346,orange,炎色、橙、橙色,1,A1,,,,,,,,,,"orange n., adj.",
4347,orator,能弁家、弁士、弁者,32,C2,,,,,,,,,,orator (n),
4348,oratory,雄弁、能弁,32,C2,,,,,,,,,,oratory (n),
4349,orchestra,楽隊、楽団、管弦楽団,8,B2,,,,,,,,,,orchestra n.,
4350,ordeal,試練,32,C2,,,,,,,,,,ordeal (n),
4351,order,下命、仰せ付ける、言い渡す,1,A1,,,,,,,,,,"order n., v.",
4352,ordinance,条例、布告、法度,32,C2,,,,,,,,,,ordinance (n),
4353,ordinary,一般、一様、在り来たり,2,A2,,,,,,,,,,ordinary adj.,
4354,organ,器官、機関、風琴,8,B2,,,,,,,,,,organ n.,
4355,organic,器質的、有機的、オーガニック,8,B2,,,,,,,,,,organic adj.,
4356,organization,機関、機構、協会,2,A2,,,,,,,,,,organization n.,
4357,organizational,組織的,16,C1,,,,,,,,,,organizational adj.,
4358,organize,仕切る、設ける、作る,2,A2,,,,,,,,,,organize v.,
4359,organized,組織的、仕切る、設ける,4,B1,,,,,,,,,,organized adj.,
4360,organizer,幹事、主催者、創立者,4,B1,,,,,,,,,,organizer n.,
4361,orientation,向き、志向、標定,16,C1,,,,,,,,,,orientation n.,
4362,origin,謂れ、因縁、縁起,8,B2,,,,,,,,,,origin n.,
4363,original,一次、一風変わった、奇抜,4,B1,,,,,,,,,,original n.,
4364,original,奇抜、原始的、斬新,2,A2,,,,,,,,,,original adj.,
4365,originally,抑、元より、元来,4,B1,,,,,,,,,,originally adv.,
4366,originate,始まる、始める、出る,16,C1,,,,,,,,,,originate v.,
4367,ornate,絢爛、凝った,32,C2,,,,,,,,,,ornate (adj),
4368,orthodoxy,正教、正統信教、オーソドキシー,32,C2,,,,,,,,,,orthodoxy (n),
4369,oscillation,振動、動揺、発振,32,C2,,,,,,,,,,oscillation (n),
4370,ostensible,表向き,32,C2,,,,,,,,,,ostensible (adj),
4371,ostentation,虚飾、誇示、衒気,32,C2,,,,,,,,,,ostentation (n),
4372,ostentatious,麗々しい、物々しい、これ見よがし,32,C2,,,,,,,,,,ostentatious (adj),
4373,ostracise,疎む、疎んじる、はじき出す,32,C2,,,,,,,,,,ostracise (v),
4374,ostracism,疎外、村八分、爪弾き,32,C2,,,,,,,,,,ostracism (n),
4375,other,他の,1,A1,,,,,,,,,,other adj./pron.,
4376,otherwise,将、アザワイズ、若しくは,8,B2,,,,,,,,,,otherwise adv.,
4377,ought,〜すべきである,4,B1,,,,,,,,,,ought modal v.,
4378,our,私たちの,1,A1,,,,,,,,,,our det.,
4379,ours,我が、我らが、アウアズ,4,B1,,,,,,,,,,ours pron.,
4380,ourselves,我輩、アウアセルブズ,2,A2,,,,,,,,,,ourselves pron.,
4381,oust,追う、下ろす、アウスト,32,C2,,,,,,,,,,oust (v),
4382,out,外へ,1,A1,,,,,,,,,,out adv./prep.,
4383,outbreak,突発、発生、勃発,16,C1,,,,,,,,,,outbreak n.,
4384,outcome,帰趨、結果、行方,8,B2,,,,,,,,,,outcome n.,
4385,outdoor,アウトドア,4,B1,,,,,,,,,,outdoor adj.,
4386,outdoors,屋外、戸外、室外,4,B1,,,,,,,,,,outdoors adv.,
4387,outer,外なる、外面、上,8,B2,,,,,,,,,,outer adj.,
4388,outfit,衣装、身なり、艤装,8,B2,,,,,,,,,,outfit n.,
4389,outing,遠出、遠足、家出,16,C1,,,,,,,,,,outing n.,
4390,outlet,出口、販路、はけ口,16,C1,,,,,,,,,,outlet n.,
4391,outline,概観、概説、概略,8,B2,,,,,,,,,,"outline n., v.",
4392,outlook,概況、旗色、景況,16,C1,,,,,,,,,,outlook n.,
4393,output,産出、出力、生産高,8,B2,,,,,,,,,,output n.,
4394,outrage,暴行、暴挙、無法,16,C1,,,,,,,,,,"outrage n., v.",
4395,outside,屋外、外、他,1,A1,,,,,,,,,,outside adv.,
4396,outside,外的、屋外、外,2,A2,,,,,,,,,,"outside prep., n., adj.",
4397,outsider,異分子、外人、外野,16,C1,,,,,,,,,,outsider n.,
4398,outstanding,偉大、出色、抜群,8,B2,,,,,,,,,,outstanding adj.,
4399,outweigh,勝る,32,C2,,,,,,,,,,outweigh (v),
4400,ovation,喝采、オヴェイション,32,C2,,,,,,,,,,ovation (n),
4401,oven,天火、焼き窯、オーブン,2,A2,,,,,,,,,,oven n.,
4402,over,〜の上に、〜を越えて,1,A1,,,,,,,,,,"over prep., adv.",
4403,overall,全般的、総括的、全体的,8,B2,,,,,,,,,,"overall adj., adv.",
4404,overcome,押し切る、乗っ切る、乗り越える,8,B2,,,,,,,,,,overcome v.,
4405,overlook,見下ろす、見晴らす、見損なう,16,C1,,,,,,,,,,overlook v.,
4406,overly,余り、上、あんまし,16,C1,,,,,,,,,,overly adv.,
4407,overnight,一晩、一躍、夜来,8,B2,,,,,,,,,,overnight adv.,
4408,overseas,海外、外国部隊、在外,2,A2,,,,,,,,,,overseas adv.,
4409,overseas,海外、外国部隊、在外,4,B1,,,,,,,,,,overseas adj.,
4410,oversee,取り締まる,16,C1,,,,,,,,,,oversee v.,
4411,oversight,為落し、為落ち、疎漏,32,C2,,,,,,,,,,oversight (n),
4412,overturn,覆す、返す、ひっくり返す,16,C1,,,,,,,,,,overturn v.,
4413,overweening,身の程知らず,32,C2,,,,,,,,,,overweening (adj),
4414,overwhelm,圧する、圧倒、飲む,16,C1,,,,,,,,,,overwhelm v.,
4415,overwhelming,圧倒的、抗しがたい、風靡,16,C1,,,,,,,,,,overwhelming adj.,
4416,owe,負う,8,B2,,,,,,,,,,owe v.,
4417,own,自分自身の、所有する,1,A1,,,,,,,,,,own adj./pron.,
4418,own,自分自身の、所有する,2,A2,,,,,,,,,,own v.,
4419,owner,主、所有者、親,2,A2,,,,,,,,,,owner n.,
4420,ownership,所有、所有権、蔵,8,B2,,,,,,,,,,ownership n.,
4421,oxygen,酸素、酸素系、アクスィジェン,8,B2,,,,,,,,,,oxygen n.,
4422,oxymoron,撞着語法、矛盾語法,32,C2,,,,,,,,,,oxymoron (n),
4423,pace,緩急、足、足取り,8,B2,,,,,,,,,,"pace n., v.",
4424,pacifism,平和主義、反戦主義、非戦論,32,C2,,,,,,,,,,pacifism (n),
4425,pacify,宥める,32,C2,,,,,,,,,,pacify (v),
4426,pack,押し詰める、詰める、詰め込む,2,A2,,,,,,,,,,pack v.,
4427,pack,荷駄、群れ、連中,4,B1,,,,,,,,,,pack n.,
4428,package,荷物、包み、包み物,4,B1,,,,,,,,,,package n.,
4429,package,梱る、パッケージ、荷物,8,B2,,,,,,,,,,package v.,
4430,packet,パケット、パケ,8,B2,,,,,,,,,,packet n.,
4431,pad,当て、部屋、塒,16,C1,,,,,,,,,,pad n.,
4432,page,頁、給仕、稚児,1,A1,,,,,,,,,,page n.,
4433,pageant,野外劇、ページェント,32,C2,,,,,,,,,,pageant (n),
4434,pageantry,華やかな式典、壮観,32,C2,,,,,,,,,,pageantry (n),
4435,pain,苦しみ、苦渋、苦痛,2,A2,,,,,,,,,,pain n.,
4436,painful,苦しい、辛い、切ない,4,B1,,,,,,,,,,painful adj.,
4437,painstaking,惨憺、丹念、きめ細か,32,C2,,,,,,,,,,painstaking (adj),
4438,paint,彩る、書く、塗る,1,A1,,,,,,,,,,"paint v., n.",
4439,painter,画家、画手、画匠,2,A2,,,,,,,,,,painter n.,
4440,painting,絵、絵画、絵かき,1,A1,,,,,,,,,,painting n.,
4441,pair,一膳、一双、一足,1,A1,,,,,,,,,,pair n.,
4442,palace,館、宮殿、玉垂れ,2,A2,,,,,,,,,,palace n.,
4443,palatable,口に合う、受け入れられる,32,C2,,,,,,,,,,palatable (adj),
4444,palatial,宮殿のような,32,C2,,,,,,,,,,palatial (adj),
4445,pale,青い、青白い、浅い,4,B1,,,,,,,,,,pale adj.,
4446,pallbearer,棺を担ぐ人,32,C2,,,,,,,,,,pallbearer (n),
4447,palliate,取り繕う,32,C2,,,,,,,,,,palliate (v),
4448,pallid,青白い、真っ青、蒼白,32,C2,,,,,,,,,,pallid (adj),
4449,pallor,青白さ,32,C2,,,,,,,,,,pallor (n),
4450,palm,手掌、平手、手のひら,8,B2,,,,,,,,,,palm n.,
4451,palpable,明白な、触知できる,32,C2,,,,,,,,,,palpable (adj),
4452,palpitation,鼓動、動悸、心悸,32,C2,,,,,,,,,,palpitation (n),
4453,paltry,寡少、零細、貧小,32,C2,,,,,,,,,,paltry (adj),
4454,pamper,甘やかす、ちやほや,32,C2,,,,,,,,,,pamper (v),
4455,pan,平鍋、手鍋、牧神,4,B1,,,,,,,,,,pan n.,
4456,panacea,仙薬、万能薬、万病薬,32,C2,,,,,,,,,,panacea (n),
4457,panache,品格,32,C2,,,,,,,,,,panache (n),
4458,pandemonium,阿鼻叫喚、喧々囂々、伏魔殿,32,C2,,,,,,,,,,pandemonium (n),
4459,panel,委員会、羽目、鏡板,8,B2,,,,,,,,,,panel n.,
4460,pang,鋭い痛み、苦悩,32,C2,,,,,,,,,,pang (n),
4461,panic,恐慌、恐怖、周章,8,B2,,,,,,,,,,panic n.,
4462,panorama,全体像、パノラマ,32,C2,,,,,,,,,,panorama (n),
4463,pants,息急き、はあはあ、ズボン,1,A1,,,,,,,,,,pants n.,
4464,paper,机上、紙、証書,1,A1,,,,,,,,,,paper n.,
4465,parable,例え、比喩、たとえ話,32,C2,,,,,,,,,,parable (n),
4466,parade,閲兵、行進、行列,8,B2,,,,,,,,,,parade n.,
4467,paradigm,範列、パラダイム,32,C2,,,,,,,,,,paradigm (n),
4468,paradox,逆説、自己矛盾、パラドックス,32,C2,,,,,,,,,,paradox (n),
4469,paragon,亀鑑、師表、鏡鑑,32,C2,,,,,,,,,,paragon (n),
4470,paragraph,一段、句、項,1,A1,,,,,,,,,,paragraph n.,
4471,parallel,並行的、パラレル、緯線,8,B2,,,,,,,,,,"parallel adj., n.",
4472,parameter,媒介変数、母数、仮パラメタ,16,C1,,,,,,,,,,parameter n.,
4473,paramount,パラマウント,32,C2,,,,,,,,,,paramount (adj),
4474,paraphernalia,道具一式、装備品,32,C2,,,,,,,,,,paraphernalia (n),
4475,parent,親、保護者、垂乳根,1,A1,,,,,,,,,,parent n.,
4476,parental,親の,16,C1,,,,,,,,,,parental adj.,
4477,pariah,のけ者,32,C2,,,,,,,,,,pariah (n),
4478,parity,等価、平価、比価,32,C2,,,,,,,,,,parity (n),
4479,park,止める、駐める、園,1,A1,,,,,,,,,,"park n., v.",
4480,parking,駐車、園、公園,2,A2,,,,,,,,,,parking n.,
4481,parlance,語調,32,C2,,,,,,,,,,parlance (n),
4482,parliament,議院、議会、国会,16,C1,,,,,,,,,,parliament n.,
4483,parochial,田舎っぽい、度量の狭い、ドメスティック,32,C2,,,,,,,,,,parochial (adj),
4484,parody,捩り、替え歌、パロディー,32,C2,,,,,,,,,,parody (n),
4485,parsimonious,けちな、極端に倹約する,32,C2,,,,,,,,,,parsimonious (adj),
4486,parsimony,けち、倹約,32,C2,,,,,,,,,,parsimony (n),
4487,part,部分,1,A1,,,,,,,,,,part n.,
4488,partial,不全、部分的、片手落ち,16,C1,,,,,,,,,,partial adj.,
4489,partially,半ば、稍、生,16,C1,,,,,,,,,,partially adv.,
4490,participant,演者、加入者、加盟者,8,B2,,,,,,,,,,participant n.,
4491,participate,加わる、出る、乗る,4,B1,,,,,,,,,,participate v.,
4492,participation,一味、加盟、関係,8,B2,,,,,,,,,,participation n.,
4493,particular,格別、喧しい、然る,2,A2,,,,,,,,,,particular adj.,
4494,particularly,然う然う、一際、格別,4,B1,,,,,,,,,,particularly adv.,
4495,partisan,パルチザン,32,C2,,,,,,,,,,partisan (adj / n),
4496,partisanship,党派根性,32,C2,,,,,,,,,,partisanship (n),
4497,partly,半ば、其の、一角,8,B2,,,,,,,,,,partly adv.,
4498,partner,相手、相棒、仲間,1,A1,,,,,,,,,,partner n.,
4499,partnership,協同組合、提携、協調関係,8,B2,,,,,,,,,,partnership n.,
4500,part-time,定時制、パート、パートタイム,8,B2,,,,,,,,,,part-time adj./adv.,
4501,party,一座、一手、一隊,1,A1,,,,,,,,,,party n.,
4502,pass,為る、下す、下る,2,A2,,,,,,,,,,pass v.,
4503,pass,可、峠、突き,4,B1,,,,,,,,,,pass n.,
4504,passage,一段、可決、句,8,B2,,,,,,,,,,passage n.,
4505,passenger,お客さん、お客様、客,2,A2,,,,,,,,,,passenger n.,
4506,passing,可、峠、突き,16,C1,,,,,,,,,,passing n.,
4507,passion,炎、感動、激情,4,B1,,,,,,,,,,passion n.,
4508,passionate,暑い、多情、熱い,8,B2,,,,,,,,,,passionate adj.,
4509,passive,受身、受動的、消極的,16,C1,,,,,,,,,,passive adj.,
4510,passport,旅券、通行証、安全通行証,1,A1,,,,,,,,,,passport n.,
4511,password,暗号、暗証、暗証化,8,B2,,,,,,,,,,password n.,
4512,past,過去、往事、往年,2,A2,,,,,,,,,,past adv.,
4513,past,此の、在りし、往事,1,A1,,,,,,,,,,"past adj., n., prep.",
4514,pastor,牧師、司祭,16,C1,,,,,,,,,,pastor n.,
4515,patch,膏薬、継ぎ切れ、継ぎ,8,B2,,,,,,,,,,patch n.,
4516,patent,特許、専売特許、柱書,16,C1,,,,,,,,,,patent n.,
4517,patently,見るも、特許、専売特許,32,C2,,,,,,,,,,patently (adv),
4518,path,街道、経路、進路,4,B1,,,,,,,,,,path n.,
4519,pathos,哀れ、哀感、哀愁,32,C2,,,,,,,,,,pathos (n),
4520,pathway,通路,16,C1,,,,,,,,,,pathway n.,
4521,patience,隠忍、我慢、堪忍,8,B2,,,,,,,,,,patience n.,
4522,patient,患者、気長、病人,2,A2,,,,,,,,,,patient n.,
4523,patient,気長、辛抱強い、我慢強い,8,B2,,,,,,,,,,patient adj.,
4524,patriarch,家長、長老、族長,32,C2,,,,,,,,,,patriarch (n),
4525,patrol,警衛、巡回、巡行,16,C1,,,,,,,,,,"patrol n., v.",
4526,patron,恩人、金脈、後ろ盾,16,C1,,,,,,,,,,patron n.,
4527,patronage,愛顧、恩顧、肩入れ,32,C2,,,,,,,,,,patronage (n),
4528,pattern,下敷き、絵柄、亀鑑,2,A2,,,,,,,,,,pattern n.,
4529,paucity,不足、欠乏,32,C2,,,,,,,,,,paucity (n),
4530,pause,休止、立ち止まる、途切れる,8,B2,,,,,,,,,,"pause v., n.",
4531,pavilion,天幕、幄舎、亭,32,C2,,,,,,,,,,pavilion (n),
4532,pay,引き合う、支払う、打つ,1,A1,,,,,,,,,,pay v.,
4533,pay,給与、給料、工賃,2,A2,,,,,,,,,,pay n.,
4534,payment,会計、勘定、給付,4,B1,,,,,,,,,,payment n.,
4535,peace,安らぎ、安穏、安泰,2,A2,,,,,,,,,,peace n.,
4536,peaceful,安い、安らか、安閑,4,B1,,,,,,,,,,peaceful adj.,
4537,peak,岳、極み、極致,16,C1,,,,,,,,,,peak n.,
4538,peasant,農夫、農民、百姓,16,C1,,,,,,,,,,peasant n.,
4539,peculiar,可笑しい、奇異、奇妙,16,C1,,,,,,,,,,peculiar adj.,
4540,pedagogy,教育学、教授法,32,C2,,,,,,,,,,pedagogy (n),
4541,pedant,腐儒、衒学者、ペダント,32,C2,,,,,,,,,,pedant (n),
4542,pedantic,衒学的、ペダンチック,32,C2,,,,,,,,,,pedantic (adj),
4543,pedantry,小心、衒学、衒学趣味,32,C2,,,,,,,,,,pedantry (n),
4544,pedestal,座、台、台座,32,C2,,,,,,,,,,pedestal (n),
4545,pedigree,家筋、家柄、筋目,32,C2,,,,,,,,,,pedigree (n),
4546,peer,貴族、類い、比倫,8,B2,,,,,,,,,,peer n.,
4547,peevish,小難しい,32,C2,,,,,,,,,,peevish (adj),
4548,pejorative,軽蔑的な、軽蔑語,32,C2,,,,,,,,,,pejorative (adj),
4549,pen,囲い、小屋、筆,1,A1,,,,,,,,,,pen n.,
4550,penalty,刑、刑罰、刑戮,8,B2,,,,,,,,,,penalty n.,
4551,penchant,強い好み、傾向,32,C2,,,,,,,,,,penchant (n),
4552,pencil,鉛筆、光束、光線束,1,A1,,,,,,,,,,pencil n.,
4553,pending,未解決、未定、未整理,32,C2,,,,,,,,,,pending (adj),
4554,penitence,謹慎、懺悔、猛省,32,C2,,,,,,,,,,penitence (n),
4555,penitent,悔い改めた、悔悟者,32,C2,,,,,,,,,,penitent (adj),
4556,pennant,吹き抜き、吹き流し、錦旗,32,C2,,,,,,,,,,pennant (n),
4557,penny,びた一文、片尼,2,A2,,,,,,,,,,penny n.,
4558,pension1,恩給、年金、民宿,16,C1,,,,,,,,,,pension1 n.,
4559,pensive,哀れ気、沈痛、物思わしい,32,C2,,,,,,,,,,pensive (adj),
4560,penury,窮乏、貧困、貧,32,C2,,,,,,,,,,penury (n),
4561,people,人々,1,A1,,,,,,,,,,people n.,
4562,pepper,胡椒、ペッパー、ペパー,1,A1,,,,,,,,,,pepper n.,
4563,per,に就いて、に付き、対して,2,A2,,,,,,,,,,per prep.,
4564,perceive,うかがい知る、感じ取る、見て取る,8,B2,,,,,,,,,,perceive v.,
4565,percent,パーセント、プロセント、パー,2,A2,,,,,,,,,,"percent noun., adj./adv.",
4566,percentage,割り方、上前、比率,4,B1,,,,,,,,,,percentage n.,
4567,perception,窺知、会得、勘,8,B2,,,,,,,,,,perception n.,
4568,peremptory,断固とした、有無を言わせない,32,C2,,,,,,,,,,peremptory (adj),
4569,perennial,万年、多年生,32,C2,,,,,,,,,,perennial (adj),
4570,perfect,完全、純正、絶好,1,A1,,,,,,,,,,perfect adj.,
4571,perfectly,十分、真っ当、全く,4,B1,,,,,,,,,,perfectly adv.,
4572,perfidious,不誠実な、裏切りの,32,C2,,,,,,,,,,perfidious (adj),
4573,perform,遣る、為す、為る,2,A2,,,,,,,,,,perform v.,
4574,performance,営み、演技、演芸,4,B1,,,,,,,,,,performance n.,
4575,perfunctory,いい加減、事務的、適当,32,C2,,,,,,,,,,perfunctory (adj),
4576,perhaps,若しかしたら、若しかして、若しかすると,2,A2,,,,,,,,,,perhaps adv.,
4577,peril,危険、危地、危難,32,C2,,,,,,,,,,peril (n),
4578,perilous,危うい、危ない、険悪,32,C2,,,,,,,,,,perilous (adj),
4579,perimeter,外回り、周、周囲長,32,C2,,,,,,,,,,perimeter (n),
4580,period,彼、ひと時、一周期,1,A1,,,,,,,,,,period n.,
4581,periphery,周縁、外囲、四周,32,C2,,,,,,,,,,periphery (n),
4582,perjurer,偽証者,32,C2,,,,,,,,,,perjurer (n),
4583,perjury,偽証、偽誓,32,C2,,,,,,,,,,perjury (n),
4584,permanence,永遠、永世、永続,32,C2,,,,,,,,,,permanence (n),
4585,permanent,不変、恒久的、末永い,8,B2,,,,,,,,,,permanent adj.,
4586,permanently,永久に,8,B2,,,,,,,,,,permanently adv.,
4587,permeate,染みる、染み込む、通る,32,C2,,,,,,,,,,permeate (v),
4588,permission,允許、許し、許可,2,A2,,,,,,,,,,permission n.,
4589,permit,許す、許可、免許,8,B2,,,,,,,,,,"permit v., n.",
4590,permutation,順列、置換,32,C2,,,,,,,,,,permutation (n),
4591,pernicious,悪性,32,C2,,,,,,,,,,pernicious (adj),
4592,perpetrator,加害者、星、張本人,32,C2,,,,,,,,,,perpetrator (n),
4593,perpetual,恒久的、絶え間ない、永続的,32,C2,,,,,,,,,,perpetual (adj),
4594,perpetuate,永続させる,32,C2,,,,,,,,,,perpetuate (v),
4595,perplexity,困惑、当惑、難問,32,C2,,,,,,,,,,perplexity (n),
4596,persecute,苛める、虐げる、責める,32,C2,,,,,,,,,,persecute (v),
4597,perseverance,我慢、堅忍、腰骨,32,C2,,,,,,,,,,perseverance (n),
4598,persist,頑張る、踏ん張る、粘る,16,C1,,,,,,,,,,persist v.,
4599,persistent,執拗い、頑強、執念深い,16,C1,,,,,,,,,,persistent adj.,
4600,person,一員、玉、向き,1,A1,,,,,,,,,,person n.,
4601,personal,個人的、個性的、私的,1,A1,,,,,,,,,,personal adj.,
4602,personality,個人性、個性、根性,2,A2,,,,,,,,,,personality n.,
4603,personally,自ら、直々、目の当たり,4,B1,,,,,,,,,,personally adv.,
4604,personnel,館員、顔ぶれ、職員,16,C1,,,,,,,,,,personnel n.,
4605,perspective,遠近、遠近法、遠景,8,B2,,,,,,,,,,perspective n.,
4606,perspicacious,洞察力のある,32,C2,,,,,,,,,,perspicacious (adj),
4607,persuade,噛む、言い聞かす、言い聞かせる,4,B1,,,,,,,,,,persuade v.,
4608,perturbed,動揺した、不安な,32,C2,,,,,,,,,,perturbed (adj),
4609,peruse,熟読する、ざっと読む,32,C2,,,,,,,,,,peruse (v),
4610,pervade,漲る、染み渡る,32,C2,,,,,,,,,,pervade (v),
4611,pervasive,広く行き渡った,32,C2,,,,,,,,,,pervasive (adj),
4612,pervert,曲げる、変態、痴漢,32,C2,,,,,,,,,,pervert (v),
4613,pessimism,厭世、厭世観、厭世主義,32,C2,,,,,,,,,,pessimism (n),
4614,pet,お気に入り、気に入り、愛玩動物,2,A2,,,,,,,,,,pet n.,
4615,petition,哀願、願い出、願意,16,C1,,,,,,,,,,petition n.,
4616,petulant,愚痴っぽい,32,C2,,,,,,,,,,petulant (adj),
4617,pharmacy,薬屋、薬学、薬局,8,B2,,,,,,,,,,pharmacy n.,
4618,phase,位相、事相、時期,8,B2,,,,,,,,,,phase n.,
4619,phenomenon,仮相、現象、事象,8,B2,,,,,,,,,,phenomenon n.,
4620,philanthropic,慈善の、博愛の,32,C2,,,,,,,,,,philanthropic (adj),
4621,philanthropist,慈善家、篤志家、博愛家,32,C2,,,,,,,,,,philanthropist (n),
4622,philistine,俗物、没風流漢、ペリシテ人,32,C2,,,,,,,,,,philistine (n),
4623,philosopher,哲学者、哲人、哲,16,C1,,,,,,,,,,philosopher n.,
4624,philosophical,哲学的,16,C1,,,,,,,,,,philosophical adj.,
4625,philosophy,哲学、理学、哲理,8,B2,,,,,,,,,,philosophy n.,
4626,phlegmatic,鈍重,32,C2,,,,,,,,,,phlegmatic (adj),
4627,phoenix,不死鳥、鳳凰座、火の鳥,32,C2,,,,,,,,,,phoenix (n),
4628,phone,単音、電話、フォン,1,A1,,,,,,,,,,"phone n., v.",
4629,photograph,写す、写真を写す、写真,2,A2,,,,,,,,,,photograph v.,
4630,photograph,写真、フォトグラフ、写す,1,A1,,,,,,,,,,photograph n.,
4631,photographer,撮影者、写真屋、写真家,4,B1,,,,,,,,,,photographer n.,
4632,photography,撮影、写真術、写真撮影,4,B1,,,,,,,,,,photography n.,
4633,phrase,一句、句、言葉,1,A1,,,,,,,,,,phrase n.,
4634,physical,心的、生理的、物的,2,A2,,,,,,,,,,physical adj.,
4635,physician,医師、医者、内科医,8,B2,,,,,,,,,,physician n.,
4636,physics,物理、物理学、理学,2,A2,,,,,,,,,,physics n.,
4637,piano,洋琴、ピアノ,1,A1,,,,,,,,,,piano n.,
4638,pick,逸物、候補、精鋭,8,B2,,,,,,,,,,pick n.,
4639,pick,仕掛ける、取る、狩る,2,A2,,,,,,,,,,pick v.,
4640,picture,映像、画像、画面,1,A1,,,,,,,,,,picture n.,
4641,picture,写す、思い描く、目に浮かぶ,8,B2,,,,,,,,,,picture v.,
4642,piece,一個、一番、一片,1,A1,,,,,,,,,,piece n.,
4643,piety,信心、宗教心、敬神,32,C2,,,,,,,,,,piety (n),
4644,pig,豚、亥、猪の子,1,A1,,,,,,,,,,pig n.,
4645,pile,堆積、山積み、一盛り,8,B2,,,,,,,,,,"pile n., v.",
4646,pill,丸剤、丸薬、錠剤,8,B2,,,,,,,,,,pill n.,
4647,pillage,強奪、劫掠、略奪,32,C2,,,,,,,,,,pillage (v),
4648,pilot,飛行家、飛行士、水先案内,2,A2,,,,,,,,,,pilot n.,
4649,pin,止める、暗証番号、針,4,B1,,,,,,,,,,"pin n., v.",
4650,pink,淡紅色、桃色、退紅,1,A1,,,,,,,,,,"pink adj., n.",
4651,pinnacle,最高峰、尖塔、骨頂,32,C2,,,,,,,,,,pinnacle (n),
4652,pioneer,先駆、先駆け、開拓者,16,C1,,,,,,,,,,"pioneer n., v.",
4653,pioneering,先駆的、開拓者、元祖,32,C2,,,,,,,,,,pioneering (adj),
4654,pious,敬虔,32,C2,,,,,,,,,,pious (adj),
4655,pipe,笛、筒、管,4,B1,,,,,,,,,,pipe n.,
4656,pipeline,管路、輸送管、パイプライン,16,C1,,,,,,,,,,pipeline n.,
4657,pique,不興、鹿の子編み、ピケ,32,C2,,,,,,,,,,pique (n),
4658,piracy,剽窃、著作権侵害、海賊版ソフトウェア,32,C2,,,,,,,,,,piracy (n),
4659,pirate,海賊、パイレーツ,16,C1,,,,,,,,,,pirate n.,
4660,pit,核、穴、坑道,16,C1,,,,,,,,,,pit n.,
4661,pitch,音程、勾配、調子,8,B2,,,,,,,,,,pitch n.,
4662,pitfall,陥穽、地雷、落とし穴,32,C2,,,,,,,,,,pitfall (n),
4663,pithy,鬆,32,C2,,,,,,,,,,pithy (adj),
4664,pittance,はした金、目腐れ金、蚊の涙,32,C2,,,,,,,,,,pittance (n),
4665,pity,お気の毒、哀れ、哀れみ,8,B2,,,,,,,,,,pity n.,
4666,placate,なだめる、懐柔する,32,C2,,,,,,,,,,placate (v),
4667,place,位、園、境地,1,A1,,,,,,,,,,place n.,
4668,place,為る、所、据える,4,B1,,,,,,,,,,place v.,
4669,placebo,偽薬、気休め薬、プラセボ,32,C2,,,,,,,,,,placebo (n),
4670,placement,位置付け、置き方、プレースメント,8,B2,,,,,,,,,,placement n.,
4671,placid,大らか、平ら、鷹揚,32,C2,,,,,,,,,,placid (adj),
4672,plagiarism,偽筆、盗作、盗用,32,C2,,,,,,,,,,plagiarism (n),
4673,plain,明白、易しい、簡素,8,B2,,,,,,,,,,plain adj.,
4674,plaintiff,原告、甲、告発者,32,C2,,,,,,,,,,plaintiff (n),
4675,plan,案じる、画する、企てる,1,A1,,,,,,,,,,"plan n., v.",
4676,plane,削、平面、鉋,1,A1,,,,,,,,,,plane n.,
4677,planet,星、惑星、遊星,2,A2,,,,,,,,,,planet n.,
4678,planning,画策、企画、首謀,4,B1,,,,,,,,,,planning n.,
4679,plant,仕掛ける、仕付ける、植える,2,A2,,,,,,,,,,plant v.,
4680,plant,事業所、植物、工場,1,A1,,,,,,,,,,plant n.,
4681,plastic,可塑、ビニール製、プラスチック製,2,A2,,,,,,,,,,"plastic n., adj.",
4682,plasticity,可塑性、塑性、プラスティシティ,32,C2,,,,,,,,,,plasticity (n),
4683,plate,一皿、札、皿,2,A2,,,,,,,,,,plate n.,
4684,platform,演壇、教壇、綱領,2,A2,,,,,,,,,,platform n.,
4685,platitude,決まり文句、常套表現,32,C2,,,,,,,,,,platitude (n),
4686,play,遣る、囲む、引く,1,A1,,,,,,,,,,"play v., n.",
4687,player,競技者、選手、奏者,1,A1,,,,,,,,,,player n.,
4688,playwright,劇作家、作者、脚本家,32,C2,,,,,,,,,,playwright (n),
4689,plea,願い、弁疏、断り,16,C1,,,,,,,,,,plea n.,
4690,plead,強請る、申し立てる、かき口説く,16,C1,,,,,,,,,,plead v.,
4691,pleasant,膨よか、快い、快適,4,B1,,,,,,,,,,pleasant adj.,
4692,please,お願いします、下さい、何卒,1,A1,,,,,,,,,,please exclam.,
4693,please,何卒、何分、取り込む,2,A2,,,,,,,,,,please v.,
4694,pleased,嬉しい、幸甚、お願いします,2,A2,,,,,,,,,,pleased adj.,
4695,pleasure,悦楽、快楽、快感,4,B1,,,,,,,,,,pleasure n.,
4696,plebiscite,一般投票、人民投票、住民投票,32,C2,,,,,,,,,,plebiscite (n),
4697,pledge,祈誓、契る、語らう,16,C1,,,,,,,,,,"pledge v., n.",
4698,plenty,幾つも、仰山、十分,4,B1,,,,,,,,,,plenty pron.,
4699,plethora,氾濫,32,C2,,,,,,,,,,plethora (n),
4700,plight,羽目、様,32,C2,,,,,,,,,,plight (n),
4701,plot,陰謀、企み、筋,4,B1,,,,,,,,,,plot n.,
4702,plot,企てる、構想、魂胆,8,B2,,,,,,,,,,plot v.,
4703,ploy,権謀、詭策,32,C2,,,,,,,,,,ploy (n),
4704,plug,詰める、充塞、埋める,16,C1,,,,,,,,,,"plug v., n.",
4705,plunder,強奪、奪い取る、分捕る,32,C2,,,,,,,,,,plunder (v),
4706,plunge,転落、ガタ落ち、逆飛び込み,16,C1,,,,,,,,,,plunge v.,
4707,plus1,プラス,4,B1,,,,,,,,,,plus1 prep.,
4708,plus1,プラス,8,B2,,,,,,,,,,"plus1 adj., n., conj.",
4709,pocket,懐、余党、衣嚢,2,A2,,,,,,,,,,pocket n.,
4710,podium,教壇、台、壇,32,C2,,,,,,,,,,podium (n),
4711,poem,詠歌、作歌、賦詠,4,B1,,,,,,,,,,poem n.,
4712,poet,歌人、詩人、騒人,4,B1,,,,,,,,,,poet n.,
4713,poetry,韻文、歌学、色紙,4,B1,,,,,,,,,,poetry n.,
4714,poignancy,痛切さ、胸に迫ること,32,C2,,,,,,,,,,poignancy (n),
4715,poignant,痛切な、心を打つ,32,C2,,,,,,,,,,poignant (adj),
4716,point,向ける、差し付ける、指す,4,B1,,,,,,,,,,point v.,
4717,point,点、一角、一点,1,A1,,,,,,,,,,point n.,
4718,pointed,鋭い、点、一角,8,B2,,,,,,,,,,pointed adj.,
4719,poise,兼ね合い、身のこなし、ポアズ,32,C2,,,,,,,,,,poise (n),
4720,poison,毒害、毒を盛る、毒する,4,B1,,,,,,,,,,"poison n., v.",
4721,poisonous,有毒、毒々しい、毒性,4,B1,,,,,,,,,,poisonous adj.,
4722,pole,竿、極地、極地圏,16,C1,,,,,,,,,,pole n.,
4723,polemic,ポレミック,32,C2,,,,,,,,,,polemic (n),
4724,police,察、警察、警察当局,1,A1,,,,,,,,,,police n.,
4725,policeman,警官、警察官、巡査,1,A1,,,,,,,,,,policeman n.,
4726,policy,策、施策、政策,4,B1,,,,,,,,,,policy n.,
4727,polite,恭しい、淑やか、丁重,2,A2,,,,,,,,,,polite adj.,
4728,political,政治的、ポリティカル,4,B1,,,,,,,,,,political adj.,
4729,politician,為政家、為政者、政治家,4,B1,,,,,,,,,,politician n.,
4730,politics,政界、政治、政略,4,B1,,,,,,,,,,politics n.,
4731,poll,投票、意向調査、ポール,16,C1,,,,,,,,,,poll n.,
4732,pollution,汚染、汚濁、公害,2,A2,,,,,,,,,,pollution n.,
4733,polyglot,ポリグロット,32,C2,,,,,,,,,,polyglot (n),
4734,pomp,華美,32,C2,,,,,,,,,,pomp (n),
4735,pompous,気障、尊大、物々しい,32,C2,,,,,,,,,,pompous (adj),
4736,pond,沼、池、溜池,16,C1,,,,,,,,,,pond n.,
4737,ponder,案じる、凝らす、考える,32,C2,,,,,,,,,,ponder (v),
4738,ponderous,重い,32,C2,,,,,,,,,,ponderous (adj),
4739,pontificate,尊大に話す,32,C2,,,,,,,,,,pontificate (v),
4740,pool,玉突き、合弁、溜まり,1,A1,,,,,,,,,,pool n.,
4741,poor,悪い、塩っぱい、汚い,1,A1,,,,,,,,,,poor adj.,
4742,pop,ポップ、お父さん、弾ける,2,A2,,,,,,,,,,"pop n., adj.",
4743,pop,弾ける、爆ぜる、すぽっと,16,C1,,,,,,,,,,pop v.,
4744,populace,人民、俗流、民衆,32,C2,,,,,,,,,,populace (n),
4745,popular,一般的、旬、庶民的,1,A1,,,,,,,,,,popular adj.,
4746,popularity,株、好評、信望,8,B2,,,,,,,,,,popularity n.,
4747,population,住民、人口、人頭,2,A2,,,,,,,,,,population n.,
4748,populism,人民主義、大衆主義、ポピュリズム,32,C2,,,,,,,,,,populism (n),
4749,port,海港、港、左舷,4,B1,,,,,,,,,,port n.,
4750,portend,前兆となる,32,C2,,,,,,,,,,portend (v),
4751,portent,先触れ、前触れ、前表,32,C2,,,,,,,,,,portent (n),
4752,portentous,末恐ろしい,32,C2,,,,,,,,,,portentous (adj),
4753,portfolio,折り鞄、手本帖、ポートフォリオ,16,C1,,,,,,,,,,portfolio n.,
4754,portion,幾分、部分、分,8,B2,,,,,,,,,,portion n.,
4755,portrait,画像、似顔、似顔絵,4,B1,,,,,,,,,,portrait n.,
4756,portray,映し出す,16,C1,,,,,,,,,,portray v.,
4757,pose,見得を切る、格好をつける、すかす,8,B2,,,,,,,,,,pose v.,
4758,position,椅子、格、旗色,2,A2,,,,,,,,,,position n.,
4759,position,所在、位置、位置付ける,8,B2,,,,,,,,,,position v.,
4760,positive,実証的、正、積極,8,B2,,,,,,,,,,positive n.,
4761,positive,実証的、積極的、前向き,1,A1,,,,,,,,,,positive adj.,
4762,possess,備える、持つ、取り付く,8,B2,,,,,,,,,,possess v.,
4763,possession,獲得、帰属、享有,2,A2,,,,,,,,,,possession n.,
4764,possibility,可能性、可否、見込み,2,A2,,,,,,,,,,possibility n.,
4765,possible,可能、将来的、あり得る,1,A1,,,,,,,,,,possible adj.,
4766,possibly,若しかして、若しかすると、蓋し,4,B1,,,,,,,,,,possibly adv.,
4767,post,掲示、張り出す、張る,1,A1,,,,,,,,,,"post n., v.",
4768,poster,張り紙、張り出し、はり札,2,A2,,,,,,,,,,poster n.,
4769,posterity,後世、子孫、末,32,C2,,,,,,,,,,posterity (n),
4770,posthumous,死後の,32,C2,,,,,,,,,,posthumous (adj),
4771,postmortem,死体解剖,32,C2,,,,,,,,,,postmortem (n),
4772,postpone,滑らす、延べる、繰り延べる,16,C1,,,,,,,,,,postpone v.,
4773,postulate,公準、与件,32,C2,,,,,,,,,,postulate (v),
4774,postwar,終戦後,16,C1,,,,,,,,,,postwar adj.,
4775,pot,お鍋、御釜、大麻,4,B1,,,,,,,,,,pot n.,
4776,potential,可能、潜在的、将来的,8,B2,,,,,,,,,,"potential adj., n.",
4777,potentially,潜在的に、可能性として,8,B2,,,,,,,,,,potentially adv.,
4778,pound,斤、英斤、ドキドキ,1,A1,,,,,,,,,,pound n.,
4779,pour,汲む、差す、酌む,4,B1,,,,,,,,,,pour v.,
4780,poverty,窮乏、困窮、貧困,4,B1,,,,,,,,,,poverty n.,
4781,powder,火薬、粉、粉体,4,B1,,,,,,,,,,powder n.,
4782,power,威権、威光、威勢,2,A2,,,,,,,,,,power n.,
4783,power,動力、べき乗、威権,8,B2,,,,,,,,,,power v.,
4784,powerful,強い、強大、強力,4,B1,,,,,,,,,,powerful adj.,
4785,practical,技術的、事務的、実践的,4,B1,,,,,,,,,,practical adj.,
4786,practice,遣る、営む、演習,1,A1,,,,,,,,,,"practice n., v.",
4787,practitioner,術者、従事者、実践者,16,C1,,,,,,,,,,practitioner n.,
4788,pragmatism,実用主義、実用本位、プラグマティズム,32,C2,,,,,,,,,,pragmatism (n),
4789,pragmatist,合理主義者、実用主義者、プラグマティスト,32,C2,,,,,,,,,,pragmatist (n),
4790,praise,嘉賞、讃賞、賛美,8,B2,,,,,,,,,,"praise n., v.",
4791,pray,願う、祈る、祭る,4,B1,,,,,,,,,,pray v.,
4792,prayer,願い、祈り、祈願,4,B1,,,,,,,,,,prayer n.,
4793,preach,教える、唱える、説く,16,C1,,,,,,,,,,preach v.,
4794,preamble,前書き、前置き、前文,32,C2,,,,,,,,,,preamble (n),
4795,precarious,危うい、危ない、浮き草,32,C2,,,,,,,,,,precarious (adj),
4796,precede,進む、先んじる、先んずる,8,B2,,,,,,,,,,precede v.,
4797,precedence,次第、順位、上席,32,C2,,,,,,,,,,precedence (n),
4798,precedent,慣例、儀範、事例,16,C1,,,,,,,,,,precedent n.,
4799,precious,貴重、惜しい、大事,8,B2,,,,,,,,,,precious adj.,
4800,precipice,崖、険阻、絶壁,32,C2,,,,,,,,,,precipice (n),
4801,precipitate,早める、倉卒、沈殿物,32,C2,,,,,,,,,,precipitate (v),
4802,precipitous,急、険しい、激しい,32,C2,,,,,,,,,,precipitous (adj),
4803,precise,厳密、正確、精細,8,B2,,,,,,,,,,precise adj.,
4804,precisely,正しく、丁度、時に,8,B2,,,,,,,,,,precisely adv.,
4805,precision,精度、適合率、プレシジョン,16,C1,,,,,,,,,,precision n.,
4806,preclude,妨げる、不可能にする,32,C2,,,,,,,,,,preclude (v),
4807,precocious,御ませ、早成、大人じみた,32,C2,,,,,,,,,,precocious (adj),
4808,precursor,先駆、先達、前駆,32,C2,,,,,,,,,,precursor (n),
4809,predator,捕食者,16,C1,,,,,,,,,,predator n.,
4810,predecessor,先人、先代、先任,16,C1,,,,,,,,,,predecessor n.,
4811,predict,見通す、考える、占う,2,A2,,,,,,,,,,predict v.,
4812,predictable,べた、ワンパターン,8,B2,,,,,,,,,,predictable adj.,
4813,prediction,思惑、当たり、読み,4,B1,,,,,,,,,,prediction n.,
4814,predilection,偏愛、好み,32,C2,,,,,,,,,,predilection (n),
4815,predominance,優位、優位性、優越,32,C2,,,,,,,,,,predominance (n),
4816,predominantly,重点的、勝ち,16,C1,,,,,,,,,,predominantly adv.,
4817,preeminent,屈指,32,C2,,,,,,,,,,preeminent (adj),
4818,preempt,先取りする、先制する,32,C2,,,,,,,,,,preempt (v),
4819,prefer,好む、気に召す、お気に召す,1,A1,,,,,,,,,,prefer v.,
4820,preference,志向、趣味、優先,8,B2,,,,,,,,,,preference n.,
4821,pregnancy,汚れ、懐胎、懐妊,16,C1,,,,,,,,,,pregnancy n.,
4822,pregnant,意味ありげ、示唆的、身重,8,B2,,,,,,,,,,pregnant adj.,
4823,prejudice,依怙、依怙贔屓、固定観念,16,C1,,,,,,,,,,prejudice n.,
4824,preliminary,予備的、一次、下,16,C1,,,,,,,,,,preliminary adj.,
4825,prelude,序曲、前哨戦、前奏,32,C2,,,,,,,,,,prelude (n),
4826,premier,首相、総理、総理大臣,16,C1,,,,,,,,,,premier n.,
4827,premise,前提、プレミス,16,C1,,,,,,,,,,premise n.,
4828,premium,割り増し金、景品、掛け金,16,C1,,,,,,,,,,premium n.,
4829,premonition,胸騒ぎ、前知らせ、前表,32,C2,,,,,,,,,,premonition (n),
4830,"prep.,",前置詞（要確認）,1,A1,,,,,,,,,,"prep., infinitive marker",
4831,preparation,下稽古、下調べ、下読み,8,B2,,,,,,,,,,preparation n.,
4832,prepare,仕込む、仕立てる、整える,1,A1,,,,,,,,,,prepare v.,
4833,prepared,良い、いい、仕込む,4,B1,,,,,,,,,,prepared adj.,
4834,preponderance,優勢,32,C2,,,,,,,,,,preponderance (n),
4835,preposterous,途轍もない、とんでも無い、言語道断,32,C2,,,,,,,,,,preposterous (adj),
4836,prerequisite,事前に必要、条件、前提,32,C2,,,,,,,,,,prerequisite (n),
4837,prerogative,特典,32,C2,,,,,,,,,,prerogative (n),
4838,prescribe,盛る、定める、定む,16,C1,,,,,,,,,,prescribe v.,
4839,prescription,規定、時効、処方,16,C1,,,,,,,,,,prescription n.,
4840,presence,お前、一座、貫禄,8,B2,,,,,,,,,,presence n.,
4841,present,遣る、掛ける、給付,1,A1,,,,,,,,,,"present adj., n.",
4842,present,遣る、掛ける、給付,2,A2,,,,,,,,,,present v.,
4843,presentation,献呈、献納、実演,4,B1,,,,,,,,,,presentation n.,
4844,presently,現在、刻下、ただ今,16,C1,,,,,,,,,,presently adv.,
4845,preservation,維持、温存、水揚げ,16,C1,,,,,,,,,,preservation n.,
4846,preserve,囲う、繋ぐ、助け守る,8,B2,,,,,,,,,,preserve v.,
4847,preside,議長を務める、統括する,16,C1,,,,,,,,,,preside v.,
4848,presidency,大統領職、会長職,16,C1,,,,,,,,,,presidency n.,
4849,president,委員長、会長、議長,2,A2,,,,,,,,,,president n.,
4850,presidential,大統領の,8,B2,,,,,,,,,,presidential adj.,
4851,press,圧す、圧する、押す,4,B1,,,,,,,,,,"press n., v.",
4852,pressure,圧搾、圧迫、圧力,4,B1,,,,,,,,,,pressure n.,
4853,prestigious,由緒ある,16,C1,,,,,,,,,,prestigious adj.,
4854,presumably,思うに、察するに,16,C1,,,,,,,,,,presumably adv.,
4855,presume,察する、察す,16,C1,,,,,,,,,,presume v.,
4856,presumption,烏滸の沙汰、推定、盲進,32,C2,,,,,,,,,,presumption (n),
4857,presumptuous,烏滸がましい、自信過剰、無遠慮,32,C2,,,,,,,,,,presumptuous (adj),
4858,pretence,仮託、虚像、作為,32,C2,,,,,,,,,,pretence (n),
4859,pretend,偽る、決め込む、事寄せる,4,B1,,,,,,,,,,pretend v.,
4860,pretender,偽者、似非者,32,C2,,,,,,,,,,pretender (n),
4861,pretentious,気障、事々しい、物々しい,32,C2,,,,,,,,,,pretentious (adj),
4862,pretext,因縁、仮託、口実,32,C2,,,,,,,,,,pretext (n),
4863,pretty,愛らしい、美しい、眩い,1,A1,,,,,,,,,,"pretty adj., adv.",
4864,prevail,蔓延る、漲る、行き渡る,16,C1,,,,,,,,,,prevail v.,
4865,prevalence,卓出、卓抜、跋扈,16,C1,,,,,,,,,,prevalence n.,
4866,prevalent,広く行き渡った,32,C2,,,,,,,,,,prevalent (adj),
4867,prevaricate,お茶を濁す,32,C2,,,,,,,,,,prevaricate (v),
4868,prevent,拒む、止める、食い止める,2,A2,,,,,,,,,,prevent v.,
4869,prevention,阻止、防止、防除,16,C1,,,,,,,,,,prevention n.,
4870,previous,以往、以前、一昔前,4,B1,,,,,,,,,,previous adj.,
4871,previously,以往、以前、上,4,B1,,,,,,,,,,previously adv.,
4872,prey,餌食、獲物、食い物,16,C1,,,,,,,,,,prey n.,
4873,price,価格、時価、代,1,A1,,,,,,,,,,price n.,
4874,price,価格、時価、代,8,B2,,,,,,,,,,price v.,
4875,pride,意気地、意地、見識,8,B2,,,,,,,,,,pride n.,
4876,priest,桑門、祭司、出家,4,B1,,,,,,,,,,priest n.,
4877,primacy,第一位、優位,32,C2,,,,,,,,,,primacy (n),
4878,primarily,主として、主に、本来,8,B2,,,,,,,,,,primarily adv.,
4879,primary,一義的、一級、第一義的,4,B1,,,,,,,,,,primary adj.,
4880,prime,素、最、最たる,8,B2,,,,,,,,,,prime adj.,
4881,primeval,原始、原生,32,C2,,,,,,,,,,primeval (adj),
4882,prince,王子、公爵、公,4,B1,,,,,,,,,,prince n.,
4883,princess,王女、公爵夫人、妃殿下,4,B1,,,,,,,,,,princess n.,
4884,principal,一義的、元本、校長,4,B1,,,,,,,,,,principal n.,
4885,principal,一義的、主、主たる,8,B2,,,,,,,,,,principal adj.,
4886,principle,一理、原則、原理,8,B2,,,,,,,,,,principle n.,
4887,print,印、印画、活字,8,B2,,,,,,,,,,print n.,
4888,print,活字体で書く、掲げる、刷り出す,2,A2,,,,,,,,,,print v.,
4889,printer,印刷工、印刷者、印刷人,2,A2,,,,,,,,,,printer n.,
4890,printing,印行、印刷、印字,4,B1,,,,,,,,,,printing n.,
4891,prior,在りし、事前、修院長,8,B2,,,,,,,,,,prior adj.,
4892,priority,重点、特待、優先,8,B2,,,,,,,,,,priority n.,
4893,prison,監獄、刑獄、刑務所,2,A2,,,,,,,,,,prison n.,
4894,prisoner,刑徒、囚人、捕虜,4,B1,,,,,,,,,,prisoner n.,
4895,pristine,原生,32,C2,,,,,,,,,,pristine (adj),
4896,privacy,内緒、内密、秘密,8,B2,,,,,,,,,,privacy n.,
4897,private,個人的、私的、密か,4,B1,,,,,,,,,,private adj.,
4898,privation,窮乏、欠如、困苦,32,C2,,,,,,,,,,privation (n),
4899,privatization,民営化、民有化、法人化,16,C1,,,,,,,,,,privatization n.,
4900,privilege,株、権利、光栄,16,C1,,,,,,,,,,privilege n.,
4901,prize,景品、懸賞、賞,2,A2,,,,,,,,,,prize n.,
4902,probability,蓋然性、確率、公算,8,B2,,,,,,,,,,probability n.,
4903,probable,有りそう、蓋然的、確からしい,8,B2,,,,,,,,,,probable adj.,
4904,probably,蓋し、恐らく、先ず,1,A1,,,,,,,,,,probably adv.,
4905,probe,見極める、探査、探りを入れる,16,C1,,,,,,,,,,"probe n., v.",
4906,probity,誠実、廉直,32,C2,,,,,,,,,,probity (n),
4907,problem,課題、題、悩み,1,A1,,,,,,,,,,problem n.,
4908,problematic,不味い、質悪い,16,C1,,,,,,,,,,problematic adj.,
4909,procedure,業務、手術、手順,8,B2,,,,,,,,,,procedure n.,
4910,proceed,運ぶ、行く、事を運ぶ,8,B2,,,,,,,,,,proceed v.,
4911,proceeding,プロシーディング、運ぶ、行く,16,C1,,,,,,,,,,proceeding n.,
4912,proceeds,収益、上がり、売り上げ,16,C1,,,,,,,,,,proceeds n.,
4913,process,過程、経路、工程,2,A2,,,,,,,,,,process n.,
4914,process,捌く、突起、手続き,8,B2,,,,,,,,,,process v.,
4915,processing,加工、処理、過程,16,C1,,,,,,,,,,processing n.,
4916,processor,処理部、処理機構、処理系,16,C1,,,,,,,,,,processor n.,
4917,proclaim,触れる、宣べ伝える,16,C1,,,,,,,,,,proclaim v.,
4918,proclamation,公表、声明、宣言,32,C2,,,,,,,,,,proclamation (n),
4919,proclivity,傾向、性癖,32,C2,,,,,,,,,,proclivity (n),
4920,procrastinate,先延ばしにする,32,C2,,,,,,,,,,procrastinate (v),
4921,procure,仕入れる、手に入れる、得る,32,C2,,,,,,,,,,procure (v),
4922,procurement,購買、調達、調進,32,C2,,,,,,,,,,procurement (n),
4923,prodigal,使い手,32,C2,,,,,,,,,,prodigal (adj),
4924,prodigious,非凡、天才的,32,C2,,,,,,,,,,prodigious (adj),
4925,prodigy,異才、驚異、秀才,32,C2,,,,,,,,,,prodigy (n),
4926,produce,起こす、作り出す、取り出す,2,A2,,,,,,,,,,produce v.,
4927,produce,作物、産物、青果,8,B2,,,,,,,,,,produce n.,
4928,producer,興行主、生産者、製作者,4,B1,,,,,,,,,,producer n.,
4929,product,黒船、産物、所産,1,A1,,,,,,,,,,product n.,
4930,production,演出、作、作製,4,B1,,,,,,,,,,production n.,
4931,productive,肥沃、豊饒、多作,16,C1,,,,,,,,,,productive adj.,
4932,productivity,生産性、生産力、歩掛り,16,C1,,,,,,,,,,productivity n.,
4933,profane,勿体ない、冒す,32,C2,,,,,,,,,,profane (adj),
4934,profanity,不敬、冒涜、ＮＧワード,32,C2,,,,,,,,,,profanity (n),
4935,profess,公言する、自称する,32,C2,,,,,,,,,,profess (v),
4936,profession,稼業、公言、口前,4,B1,,,,,,,,,,profession n.,
4937,professional,玄人、商売人、専門家,8,B2,,,,,,,,,,professional n.,
4938,professional,専門的、本格的、職業的,2,A2,,,,,,,,,,professional adj.,
4939,professor,教官、教授、プロフェッサー,2,A2,,,,,,,,,,professor n.,
4940,proffer,差し出す,32,C2,,,,,,,,,,proffer (v),
4941,proficiency,習熟、熟練、力,32,C2,,,,,,,,,,proficiency (n),
4942,profile,横顔、側面、断面,2,A2,,,,,,,,,,profile n.,
4943,profit,益金、果実、採算,4,B1,,,,,,,,,,profit n.,
4944,profitable,美味しい、有益、有利,16,C1,,,,,,,,,,profitable adj.,
4945,profligate,多情、放埓、極道,32,C2,,,,,,,,,,profligate (adj),
4946,profound,奥深い、深い、深遠,16,C1,,,,,,,,,,profound adj.,
4947,profusion,豊富、多量,32,C2,,,,,,,,,,profusion (n),
4948,progeny,産子,32,C2,,,,,,,,,,progeny (n),
4949,prognosis,予後,32,C2,,,,,,,,,,prognosis (n),
4950,program,演目、曲目、計画,1,A1,,,,,,,,,,program n.,
4951,program,計画、段取り、予定,4,B1,,,,,,,,,,program v.,
4952,programming,予約、番組編成、プログラム化,8,B2,,,,,,,,,,programming n.,
4953,progress,運ぶ、経過、向上,8,B2,,,,,,,,,,progress v.,
4954,progress,経過、向上、上達,2,A2,,,,,,,,,,progress n.,
4955,progressive,革新的、進歩的、プログレッシブ,8,B2,,,,,,,,,,progressive adj.,
4956,prohibit,戒める、禁じる、構う,8,B2,,,,,,,,,,prohibit v.,
4957,prohibitive,法外に高い、禁止する,32,C2,,,,,,,,,,prohibitive (adj),
4958,project,企画、企図、計画,1,A1,,,,,,,,,,project n.,
4959,project,企画、企図、計画,8,B2,,,,,,,,,,project v.,
4960,projection,映写、射影、出っ張り,16,C1,,,,,,,,,,projection n.,
4961,proliferation,急増、増殖、蔓延,32,C2,,,,,,,,,,proliferation (n),
4962,prolific,多作,32,C2,,,,,,,,,,prolific (adj),
4963,prologue,序章、序幕、前説,32,C2,,,,,,,,,,prologue (n),
4964,prominent,有数、有力、立派,16,C1,,,,,,,,,,prominent adj.,
4965,promiscuity,乱交、尻癖、雑婚,32,C2,,,,,,,,,,promiscuity (n),
4966,promise,契る、言交わす、請け合う,2,A2,,,,,,,,,,"promise v., n.",
4967,promising,輝かしい、好調、上手い,8,B2,,,,,,,,,,promising adj.,
4968,promote,興す、取り立てる、就ける,4,B1,,,,,,,,,,promote v.,
4969,promotion,栄進、栄転、格上げ,8,B2,,,,,,,,,,promotion n.,
4970,prompt,促す、即時、機敏,8,B2,,,,,,,,,,prompt v.,
4971,pronounce,発音する,2,A2,,,,,,,,,,pronounce v.,
4972,pronounced,色濃い,16,C1,,,,,,,,,,pronounced adj.,
4973,proof,印、挙証、校正刷り,8,B2,,,,,,,,,,proof n.,
4974,propaganda,宣伝、プロパー、プロパガンダ,16,C1,,,,,,,,,,propaganda n.,
4975,propagandist,宣伝員、布教者、宣伝係,32,C2,,,,,,,,,,propagandist (n),
4976,propensity,気味、性癖、偏向,32,C2,,,,,,,,,,propensity (n),
4977,proper,碌、穏当、正しい,4,B1,,,,,,,,,,proper adj.,
4978,properly,宜しく、碌に、確り,4,B1,,,,,,,,,,properly adv.,
4979,property,財貨、財産、財物,4,B1,,,,,,,,,,property n.,
4980,prophecy,予言、讖、預言,32,C2,,,,,,,,,,prophecy (n),
4981,propitious,目出度い、愛でたし、かりゆし,32,C2,,,,,,,,,,propitious (adj),
4982,proponent,支持者、提案者、提唱者,32,C2,,,,,,,,,,proponent (n),
4983,proportion,掛け、割り方、均整,8,B2,,,,,,,,,,proportion n.,
4984,proposal,案、企画書、協定案,8,B2,,,,,,,,,,proposal n.,
4985,propose,企てる、言い出す、持ちかける,8,B2,,,,,,,,,,propose v.,
4986,proposition,建議、定理、提案,16,C1,,,,,,,,,,proposition n.,
4987,proprietor,経営者、主、主人,32,C2,,,,,,,,,,proprietor (n),
4988,propriety,可否、頃合、作法,32,C2,,,,,,,,,,propriety (n),
4989,prosaic,無風流、無味乾燥、無趣味,32,C2,,,,,,,,,,prosaic (adj),
4990,proscribe,禁止する、排斥する,32,C2,,,,,,,,,,proscribe (v),
4991,prosecute,起訴する、遂行する,16,C1,,,,,,,,,,prosecute v.,
4992,prosecution,起訴、検察、公訴,16,C1,,,,,,,,,,prosecution n.,
4993,prosecutor,原告、訴追者,16,C1,,,,,,,,,,prosecutor n.,
4994,prospect,見晴らし、候補、前景気,8,B2,,,,,,,,,,prospect n.,
4995,prospective,将来的、プロスペクティブ,16,C1,,,,,,,,,,prospective adj.,
4996,prosperity,一花、栄華、栄耀,16,C1,,,,,,,,,,prosperity n.,
4997,protagonist,仕手、主人公、主体,32,C2,,,,,,,,,,protagonist (n),
4998,protect,囲う、守る、助け守る,2,A2,,,,,,,,,,protect v.,
4999,protection,愛護、護持、守り,8,B2,,,,,,,,,,protection n.,
5000,protective,保護する、防護の,16,C1,,,,,,,,,,protective adj.,
5001,protege,被保護者、弟子,32,C2,,,,,,,,,,protege (n),
5002,protein,タンパク質、蛋白、卵白質,8,B2,,,,,,,,,,protein n.,
5003,protest,故障、抗議、抗弁,4,B1,,,,,,,,,,"protest n., v.",
5004,protester,抗議者、デモ参加者,8,B2,,,,,,,,,,protester n.,
5005,protocol,規約、協定書、手順,16,C1,,,,,,,,,,protocol n.,
5006,prototype,原型、試作、祖型,32,C2,,,,,,,,,,prototype (n),
5007,protract,長引かせる,32,C2,,,,,,,,,,protract (v),
5008,proud,誇らしい、誇り高い、得意げ,4,B1,,,,,,,,,,proud adj.,
5009,prove,明かす、裏付ける、証拠だてる,4,B1,,,,,,,,,,prove v.,
5010,provenance,素性,32,C2,,,,,,,,,,provenance (n),
5011,proverb,格言、諺、成句,32,C2,,,,,,,,,,proverb (n),
5012,provide,備える、設える、設ける,2,A2,,,,,,,,,,provide v.,
5013,providence,守り、摂理、天意,32,C2,,,,,,,,,,providence (n),
5014,province,郷土、県、州,16,C1,,,,,,,,,,province n.,
5015,provincial,田舎臭い、日向臭い、田舎っぽい,16,C1,,,,,,,,,,provincial adj.,
5016,provision,規定、給付、供給,16,C1,,,,,,,,,,provision n.,
5017,proviso,但し書き、なお書き、リザベーション,32,C2,,,,,,,,,,proviso (n),
5018,provoke,引き起こす、買う、誘う,16,C1,,,,,,,,,,provoke v.,
5019,prowess,武者振り、剛勇,32,C2,,,,,,,,,,prowess (n),
5020,proximity,間近、近接、側,32,C2,,,,,,,,,,proximity (n),
5021,proxy,委任状、串、替え,32,C2,,,,,,,,,,proxy (n),
5022,prudence,倹、思慮、自重,32,C2,,,,,,,,,,prudence (n),
5023,prudent,賢明、口重、口重い,32,C2,,,,,,,,,,prudent (adj),
5024,pseudonym,雅号、雅称、偽名,32,C2,,,,,,,,,,pseudonym (n),
5025,psyche,神、プシュケー,32,C2,,,,,,,,,,psyche (n),
5026,psychiatric,精神医学の,16,C1,,,,,,,,,,psychiatric adj.,
5027,psychological,心的、心理学的、心理的,8,B2,,,,,,,,,,psychological adj.,
5028,psychologist,心理学者、サイコロジスト,8,B2,,,,,,,,,,psychologist n.,
5029,psychology,心理、心理学、サイコロジー,8,B2,,,,,,,,,,psychology n.,
5030,public,公然、公的、露,2,A2,,,,,,,,,,"public adj., n.",
5031,publication,奥書、刊行、掲載,8,B2,,,,,,,,,,publication n.,
5032,publicity,宣伝、広報、パブリシティー,8,B2,,,,,,,,,,publicity n.,
5033,publish,掲げる、刷り出す、出す,2,A2,,,,,,,,,,publish v.,
5034,publishing,発刊、印行、版行,8,B2,,,,,,,,,,publishing n.,
5035,puerile,子どもじみた、未熟な,32,C2,,,,,,,,,,puerile (adj),
5036,pugnacious,けんか好きな,32,C2,,,,,,,,,,pugnacious (adj),
5037,pull,引きずる、引く、引っ張る,2,A2,,,,,,,,,,pull v.,
5038,pull,伝、引き、コネ,4,B1,,,,,,,,,,pull n.,
5039,pulpit,壇、高座,32,C2,,,,,,,,,,pulpit (n),
5040,pulse,豆類、脈、脈拍,16,C1,,,,,,,,,,pulse n.,
5041,pump,汲む、喞筒、ポンプ,16,C1,,,,,,,,,,"pump v., n.",
5042,punch,殴る、切る、打ち抜く,16,C1,,,,,,,,,,"punch n., v.",
5043,punctilious,儀式張る、一点一画もおろそかにしない,32,C2,,,,,,,,,,punctilious (adj),
5044,pundit,専門家,32,C2,,,,,,,,,,pundit (n),
5045,pungency,辛辣さ、刺激臭,32,C2,,,,,,,,,,pungency (n),
5046,pungent,刳い、え辛い、ツンと来る,32,C2,,,,,,,,,,pungent (adj),
5047,punish,戒める、懲らしめる、懲らす,4,B1,,,,,,,,,,punish v.,
5048,punishment,刑、刑獄、刑罰,4,B1,,,,,,,,,,punishment n.,
5049,punk,破落戸、倅、突っ張り,8,B2,,,,,,,,,,punk n.,
5050,purchase,求める、購入、購買,8,B2,,,,,,,,,,"purchase n., v.",
5051,pure,潔い、純真、純粋,8,B2,,,,,,,,,,pure adj.,
5052,purely,飽くまで、明、純然,8,B2,,,,,,,,,,purely adv.,
5053,purge,粛清、浄化、追放,32,C2,,,,,,,,,,purge (n),
5054,purist,本格派、ピュアリスト,32,C2,,,,,,,,,,purist (n),
5055,purple,紫、紫色、此の糸,1,A1,,,,,,,,,,"purple adj., n.",
5056,purport,称する、称す、旨,32,C2,,,,,,,,,,purport (v),
5057,purpose,意思、為、使い道,2,A2,,,,,,,,,,purpose n.,
5058,pursue,求める、辿る、追う,8,B2,,,,,,,,,,pursue v.,
5059,pursuit,探求、追求、追撃,8,B2,,,,,,,,,,pursuit n.,
5060,purveyor,用足し、御用商人、御用達,32,C2,,,,,,,,,,purveyor (n),
5061,push,圧し合う、圧す、一押し,2,A2,,,,,,,,,,push v.,
5062,push,一押し、押し、プッシュ,4,B1,,,,,,,,,,push n.,
5063,pusillanimous,臆病な、小心な,32,C2,,,,,,,,,,pusillanimous (adj),
5064,put,遣る、回す、陥れる,1,A1,,,,,,,,,,put v.,
5065,puzzle,謎、判じ物、謎々,8,B2,,,,,,,,,,puzzle n.,
5066,quack,竹の子、藪、筍医者,32,C2,,,,,,,,,,quack (n),
5067,quadrant,四分円、象限、象限儀,32,C2,,,,,,,,,,quadrant (n),
5068,quagmire,泥沼、泥濘,32,C2,,,,,,,,,,quagmire (n),
5069,quaint,乙、昭和,32,C2,,,,,,,,,,quaint (adj),
5070,qualification,修飾、条件、有資格,4,B1,,,,,,,,,,qualification n.,
5071,qualified,一人前、適任、資格を有する,4,B1,,,,,,,,,,qualified adj.,
5072,qualify,資格を有する,4,B1,,,,,,,,,,qualify v.,
5073,quality,位取り、巧拙、作柄,2,A2,,,,,,,,,,quality n.,
5074,qualm,不安、良心のとがめ,32,C2,,,,,,,,,,qualm (n),
5075,quandary,泥沼,32,C2,,,,,,,,,,quandary (n),
5076,quantity,数量、多寡、多少,2,A2,,,,,,,,,,quantity n.,
5077,quarantine,隔離、検疫、交通遮断,32,C2,,,,,,,,,,quarantine (n),
5078,quarry,猟、石切り場、採石場,32,C2,,,,,,,,,,quarry (n),
5079,quarter,街、四半期、方面,1,A1,,,,,,,,,,quarter n.,
5080,quartet,四人組、カルテット,32,C2,,,,,,,,,,quartet (n),
5081,quash,鎮圧する、却下する,32,C2,,,,,,,,,,quash (v),
5082,quaver,八分音符、震える、裏返る,32,C2,,,,,,,,,,quaver (n),
5083,queen,王妃、后、后宮,2,A2,,,,,,,,,,queen n.,
5084,quell,押さえる、取り鎮める、抑える,32,C2,,,,,,,,,,quell (v),
5085,querulous,小難しい、愚痴っぽい,32,C2,,,,,,,,,,querulous (adj),
5086,query,照会、問い、問い合わせ,16,C1,,,,,,,,,,query n.,
5087,quest,探求、クエスト,16,C1,,,,,,,,,,quest n.,
5088,question,課題、疑い、疑り,1,A1,,,,,,,,,,question n.,
5089,question,見咎める、試問、諮問,2,A2,,,,,,,,,,question v.,
5090,questionnaire,質問用紙、調査票、質問状,8,B2,,,,,,,,,,questionnaire n.,
5091,quibble,屁理屈、小理屈、いちゃもん,32,C2,,,,,,,,,,quibble (n),
5092,quick,安易、鋭い、簡単,1,A1,,,,,,,,,,quick adj.,
5093,quickly,颯と、逸早く、伸び伸び,1,A1,,,,,,,,,,quickly adv.,
5094,quicksand,流砂、クイックサンド,32,C2,,,,,,,,,,quicksand (n),
5095,quiescent,静止した、休止中の,32,C2,,,,,,,,,,quiescent (adj),
5096,quiet,安い、安穏、安静,1,A1,,,,,,,,,,quiet adj.,
5097,quietly,閑散、森閑、平然,2,A2,,,,,,,,,,quietly adv.,
5098,quintessence,奥義、神髄、精華,32,C2,,,,,,,,,,quintessence (n),
5099,quintessential,典型的、ザ,32,C2,,,,,,,,,,quintessential (adj),
5100,quintet,五人組、クインテット,32,C2,,,,,,,,,,quintet (n),
5101,quip,突っ込み、突っ込む、突き込む,32,C2,,,,,,,,,,quip (n),
5102,quit,引く、止める、辞める,4,B1,,,,,,,,,,quit v.,
5103,quite,一寸、割り方、丸で,1,A1,,,,,,,,,,quite adv.,
5104,quiver,微動、矢立、矢筒,32,C2,,,,,,,,,,quiver (n),
5105,quixotic,空想的、ドンキホーテ型,32,C2,,,,,,,,,,quixotic (adj),
5106,quorum,定数、定足数,32,C2,,,,,,,,,,quorum (n),
5107,quota,員数、定員、枠,16,C1,,,,,,,,,,quota n.,
5108,quotation,引照、引証、引用,4,B1,,,,,,,,,,quotation n.,
5109,quote,引く、引っ張る、引き合いに出す,4,B1,,,,,,,,,,"quote v., n.",
5110,rabble,烏合の衆、有象無象,32,C2,,,,,,,,,,rabble (n),
5111,race,競争、競走、駆けっこ,2,A2,,,,,,,,,,"race (competition) n., v.",
5112,race,競争、競走、駆けっこ,4,B1,,,,,,,,,,race (of people) n.,
5113,racial,人種的、民族的、民族上,8,B2,,,,,,,,,,racial adj.,
5114,racing,競争、競走、駆けっこ,4,B1,,,,,,,,,,racing n.,
5115,racism,人種差別、人種主義、レイシズム,8,B2,,,,,,,,,,racism n.,
5116,racist,人種差別主義者、レイシスト,8,B2,,,,,,,,,,"racist adj., n.",
5117,radar,電波探知機、電探、レーダー,16,C1,,,,,,,,,,radar n.,
5118,radiance,輝き、立体角密度、ラディアンス,32,C2,,,,,,,,,,radiance (n),
5119,radiation,照射、発光、発散,8,B2,,,,,,,,,,radiation n.,
5120,radical,過激、急激、矯激,16,C1,,,,,,,,,,radical adj.,
5121,radicalism,急進主義、過激主義、ラジカリズム,32,C2,,,,,,,,,,radicalism (n),
5122,radio,無線、無線機、ラジオ,1,A1,,,,,,,,,,radio n.,
5123,rage,狂暴、激怒、中っ腹,16,C1,,,,,,,,,,rage n.,
5124,raid,急襲、攻撃、手入れ,16,C1,,,,,,,,,,"raid n., v.",
5125,rail,横木、水鶏、軌条,8,B2,,,,,,,,,,rail n.,
5126,railroad,線路、鉄道、鉄路,2,A2,,,,,,,,,,railroad n.,
5127,rain,降り込める、ばらつく、雨,1,A1,,,,,,,,,,"rain n., v.",
5128,raise,育てる、育て上げる、引く,2,A2,,,,,,,,,,raise v.,
5129,raise,増俸、育てる、育て上げる,4,B1,,,,,,,,,,raise n.,
5130,rally,糾合、打ち合う、再起,16,C1,,,,,,,,,,"rally n., v.",
5131,rambunctious,騒々しい、手に負えない,32,C2,,,,,,,,,,rambunctious (adj),
5132,ramification,分岐、分脈、枝分かれ,32,C2,,,,,,,,,,ramification (n),
5133,rancour,意趣遺恨,32,C2,,,,,,,,,,rancour (n),
5134,random,闇雲、出鱈目、任意,8,B2,,,,,,,,,,random adj.,
5135,range,間口、距離、射程,4,B1,,,,,,,,,,range n.,
5136,range,渡る、値域を定める、間口,8,B2,,,,,,,,,,range v.,
5137,rank,位置付ける、位する、ランク,8,B2,,,,,,,,,,"rank n., v.",
5138,ranking,上位、位付け、班次,16,C1,,,,,,,,,,ranking n.,
5139,ransom,身の代金、受け戻す,32,C2,,,,,,,,,,ransom (n),
5140,rapacious,強欲,32,C2,,,,,,,,,,rapacious (adj),
5141,rapacity,強欲、略奪性,32,C2,,,,,,,,,,rapacity (n),
5142,rape,悪戯、強姦、辱める,16,C1,,,,,,,,,,"rape n., v.",
5143,rapid,急、急激、急速,8,B2,,,,,,,,,,rapid adj.,
5144,rapidly,早く、頓に、急に,8,B2,,,,,,,,,,rapidly adv.,
5145,rapport,交感、触れ合い、ラポール,32,C2,,,,,,,,,,rapport (n),
5146,rapture,満悦、恍惚、喜び,32,C2,,,,,,,,,,rapture (n),
5147,rare,希少、生煮え、珍,4,B1,,,,,,,,,,rare adj.,
5148,rarely,寥々、偶さか、滅多に,4,B1,,,,,,,,,,rarely adv.,
5149,rascal,悪漢、いたずらっ子、悪徒,32,C2,,,,,,,,,,rascal (n),
5150,rashness,向こう見ず、不見識、命知らず,32,C2,,,,,,,,,,rashness (n),
5151,rat,いたずら者、犬、子,8,B2,,,,,,,,,,rat n.,
5152,rate,割り方、速度、分,2,A2,,,,,,,,,,rate n.,
5153,rate,割り方、速度、分,8,B2,,,,,,,,,,rate v.,
5154,rather,一寸、一層、割り方,2,A2,,,,,,,,,,rather adv.,
5155,ratification,追認、批准,32,C2,,,,,,,,,,ratification (n),
5156,ratify,批准する、承認する,32,C2,,,,,,,,,,ratify (v),
5157,rating,割り方、速度、分,8,B2,,,,,,,,,,rating n.,
5158,ratio,割り方、比、比率,16,C1,,,,,,,,,,ratio n.,
5159,rational,合理的、理性的、筋の通った,16,C1,,,,,,,,,,rational adj.,
5160,rationale,根拠、基本原理,32,C2,,,,,,,,,,rationale (n),
5161,rationalism,合理主義、唯理論、合理論,32,C2,,,,,,,,,,rationalism (n),
5162,raucous,騒々しい,32,C2,,,,,,,,,,raucous (adj),
5163,ravage,荒廃させる、破壊,32,C2,,,,,,,,,,ravage (n),
5164,ravine,峡谷、渓間、渓谷,32,C2,,,,,,,,,,ravine (n),
5165,raw,生々しい、粗、原,8,B2,,,,,,,,,,raw adj.,
5166,ray,鱝、一条、一道,16,C1,,,,,,,,,,ray n.,
5167,reach,懐、通り、片帆,8,B2,,,,,,,,,,reach n.,
5168,reach,及ぶ、迎える、至る,2,A2,,,,,,,,,,reach v.,
5169,react,リアクションを取る,2,A2,,,,,,,,,,react v.,
5170,reaction,手応え、即応、対応,4,B1,,,,,,,,,,reaction n.,
5171,read,読み込む、読み取る、読む,1,A1,,,,,,,,,,read v.,
5172,reader,愛読者、読み手、読者,1,A1,,,,,,,,,,reader n.,
5173,readily,一寸、直ぐ、直に,16,C1,,,,,,,,,,readily adv.,
5174,reading,閲読、閲覧、看破,1,A1,,,,,,,,,,reading n.,
5175,ready,気さく、無造作、良い,1,A1,,,,,,,,,,ready adj.,
5176,real,実質的、本格的、本当,1,A1,,,,,,,,,,real adj.,
5177,realistic,現実的、写実的、即物的,8,B2,,,,,,,,,,realistic adj.,
5178,reality,現実、事実、実,4,B1,,,,,,,,,,reality n.,
5179,realization,換金、貫徹、具現,16,C1,,,,,,,,,,realization n.,
5180,realize,果たす、悟る、思い知る,2,A2,,,,,,,,,,realize v.,
5181,really,如何にも、何とも、蓋し,1,A1,,,,,,,,,,really adv.,
5182,realm,国土、場、分野,16,C1,,,,,,,,,,realm n.,
5183,rear,リア、育てる、育て上げる,16,C1,,,,,,,,,,"rear adj., n.",
5184,reason,意趣、謂れ、一義,1,A1,,,,,,,,,,reason n.,
5185,reasonable,応分、穏やか、穏当,8,B2,,,,,,,,,,reasonable adj.,
5186,reasonably,結構、先ず、一角,8,B2,,,,,,,,,,reasonably adv.,
5187,reasoning,意趣、謂れ、一義,16,C1,,,,,,,,,,reasoning n.,
5188,reassure,安心させる,16,C1,,,,,,,,,,reassure v.,
5189,rebel,異端者、国賊、反逆者,16,C1,,,,,,,,,,rebel n.,
5190,rebellion,騒動、内乱、反抗,16,C1,,,,,,,,,,rebellion n.,
5191,rebuff,肘鉄、肘鉄砲,32,C2,,,,,,,,,,rebuff (v),
5192,rebuild,作り直す、建て直す、建て替える,8,B2,,,,,,,,,,rebuild v.,
5193,rebuke,戒める、詰る、叱り付ける,32,C2,,,,,,,,,,rebuke (v),
5194,rebuttal,反証、反論、反駁,32,C2,,,,,,,,,,rebuttal (n),
5195,recalcitrance,反抗的な態度,32,C2,,,,,,,,,,recalcitrance (n),
5196,recalcitrant,情張り,32,C2,,,,,,,,,,recalcitrant (adj),
5197,recall,呼び覚ます、呼び返す、呼び戻す,8,B2,,,,,,,,,,recall v.,
5198,recant,撤回する、取り消す,32,C2,,,,,,,,,,recant (v),
5199,receipt,札、受取り、受領,4,B1,,,,,,,,,,receipt n.,
5200,receive,引き取る、迎える、取り持つ,2,A2,,,,,,,,,,receive v.,
5201,receiver,受け皿、受信機、受信側,8,B2,,,,,,,,,,receiver n.,
5202,recent,新しい、生々しい、今次,2,A2,,,,,,,,,,recent adj.,
5203,recently,此間、この間、この頃,2,A2,,,,,,,,,,recently adv.,
5204,reception,持て成し、宴会、応接,2,A2,,,,,,,,,,reception n.,
5205,recession,後退、退去、低迷,8,B2,,,,,,,,,,recession n.,
5206,recidivism,常習犯、慣行犯,32,C2,,,,,,,,,,recidivism (n),
5207,recipe,作り方、処方、製法,2,A2,,,,,,,,,,recipe n.,
5208,recipient,享受者、受賞者、受信者,16,C1,,,,,,,,,,recipient n.,
5209,reciprocal,相反性、相反的、逆数,32,C2,,,,,,,,,,reciprocal (adj),
5210,reciprocate,返す,32,C2,,,,,,,,,,reciprocate (v),
5211,reciprocity,互恵、交換、互酬性,32,C2,,,,,,,,,,reciprocity (n),
5212,recklessness,向こう見ず、猪突、蛮骨,32,C2,,,,,,,,,,recklessness (n),
5213,reckon,思う,8,B2,,,,,,,,,,reckon v.,
5214,reclamation,開墾、開拓、再生,32,C2,,,,,,,,,,reclamation (n),
5215,recluse,隠士、隠者、出嫌い,32,C2,,,,,,,,,,recluse (n),
5216,reclusive,隠遁した、世を避けた,32,C2,,,,,,,,,,reclusive (adj),
5217,recognition,承認、認識、認知,8,B2,,,,,,,,,,recognition n.,
5218,recognize,見覚える、見分ける、認める,2,A2,,,,,,,,,,recognize v.,
5219,recommend,推す、勧める,2,A2,,,,,,,,,,recommend v.,
5220,recommendation,お勧め、勧め、勧告,4,B1,,,,,,,,,,recommendation n.,
5221,reconcile,すり合わせる,32,C2,,,,,,,,,,reconcile (v),
5222,recondite,難解な、深遠な,32,C2,,,,,,,,,,recondite (adj),
5223,reconnaissance,偵察、内偵,32,C2,,,,,,,,,,reconnaissance (n),
5224,reconstruction,改造、改築、再建,16,C1,,,,,,,,,,reconstruction n.,
5225,record,記載、記録、撮る,2,A2,,,,,,,,,,"record n., v.",
5226,recording,記、記載、記録,2,A2,,,,,,,,,,recording n.,
5227,recount1,再集計,16,C1,,,,,,,,,,recount1 v.,
5228,recourse,遡求,32,C2,,,,,,,,,,recourse (n),
5229,recover,見直す、持ち直す、取り返す,8,B2,,,,,,,,,,recover v.,
5230,recovery,回収、回復、軽快,8,B2,,,,,,,,,,recovery n.,
5231,recrimination,擦り合い,32,C2,,,,,,,,,,recrimination (n),
5232,recruit,狩り出す、募る、３士,8,B2,,,,,,,,,,"recruit v., n.",
5233,recruitment,引き抜き、採用、充員,16,C1,,,,,,,,,,recruitment n.,
5234,rectification,矯正、更正、整流,32,C2,,,,,,,,,,rectification (n),
5235,rectify,正す,32,C2,,,,,,,,,,rectify (v),
5236,rectitude,方正,32,C2,,,,,,,,,,rectitude (n),
5237,recycle,再循環,2,A2,,,,,,,,,,recycle v.,
5238,red,赤い、赤色、レッド,1,A1,,,,,,,,,,"red adj., n.",
5239,redeem,償う、買い戻す、贖う,32,C2,,,,,,,,,,redeem (v),
5240,redemption,償還、償却、償金,32,C2,,,,,,,,,,redemption (n),
5241,redress,矯正、リドレス、正す,32,C2,,,,,,,,,,redress (n),
5242,reduce,下げる、開く、緩める,2,A2,,,,,,,,,,reduce v.,
5243,reduction,引き下げ、解消、還元,8,B2,,,,,,,,,,reduction n.,
5244,refer,口にする、付する、付す,2,A2,,,,,,,,,,refer v.,
5245,referee,行司、主審、審判,8,B2,,,,,,,,,,referee n.,
5246,reference,引照、引用、援引,4,B1,,,,,,,,,,reference n.,
5247,referendum,一般投票、人民投票、レファレンダム,16,C1,,,,,,,,,,referendum n.,
5248,refinery,精錬所、精製所,32,C2,,,,,,,,,,refinery (n),
5249,reflect,考える、思い巡らす、照り返す,4,B1,,,,,,,,,,reflect v.,
5250,reflection,映像、回想、考え,16,C1,,,,,,,,,,reflection n.,
5251,reform,一新、改める、改革,16,C1,,,,,,,,,,"reform n., v.",
5252,reformation,維新、改革、改新,32,C2,,,,,,,,,,reformation (n),
5253,refractory,始末が悪い、難治、耐火物,32,C2,,,,,,,,,,refractory (adj),
5254,refrigerator,冷、冷却器、冷蔵庫,2,A2,,,,,,,,,,refrigerator n.,
5255,refuge,駆け込み寺、山小屋、逃げ場,16,C1,,,,,,,,,,refuge n.,
5256,refugee,難民、亡命者、流氓,8,B2,,,,,,,,,,refugee n.,
5257,refusal,拒絶、拒否、辞退,16,C1,,,,,,,,,,refusal n.,
5258,refuse1,拒む、謝する、蹴る,2,A2,,,,,,,,,,refuse1 v.,
5259,refutation,抗弁、反証、反論,32,C2,,,,,,,,,,refutation (n),
5260,refute,突き崩す、駁する,32,C2,,,,,,,,,,refute (v),
5261,regain,取り返す、取り戻す,16,C1,,,,,,,,,,regain v.,
5262,regard,覚える、考える、尊重,8,B2,,,,,,,,,,"regard v., n.",
5263,regardless,関係なく、かかわらず,16,C1,,,,,,,,,,regardless adv.,
5264,regent,摂政,32,C2,,,,,,,,,,regent (n),
5265,regime,領域、動作有効期間、政治制度,16,C1,,,,,,,,,,regime n.,
5266,region,境、境地、郷土,2,A2,,,,,,,,,,region n.,
5267,regional,地域的、局地的、リージョナル,8,B2,,,,,,,,,,regional adj.,
5268,register,書き記す、登録、届ける,8,B2,,,,,,,,,,"register v., n.",
5269,registrar,登録係、登記官,32,C2,,,,,,,,,,registrar (n),
5270,registration,国籍、登記、登録,8,B2,,,,,,,,,,registration n.,
5271,regression,回帰、退行、退縮,32,C2,,,,,,,,,,regression (n),
5272,regret,哀悼、悔いる、悔やむ,8,B2,,,,,,,,,,"regret v., n.",
5273,regular,規則正しい、規則的、整然,2,A2,,,,,,,,,,regular adj.,
5274,regularly,整然、通常、日常,4,B1,,,,,,,,,,regularly adv.,
5275,regulate,取り締まる、律する,8,B2,,,,,,,,,,regulate v.,
5276,regulation,加減、格、規制,8,B2,,,,,,,,,,regulation n.,
5277,regulator,制御器、調節器、調整剤,16,C1,,,,,,,,,,regulator n.,
5278,regulatory,規制の、監督の,16,C1,,,,,,,,,,regulatory adj.,
5279,rehabilitation,回復、更生、再建,16,C1,,,,,,,,,,rehabilitation n.,
5280,reign,在位、統治、知ろしめす,16,C1,,,,,,,,,,"reign n., v.",
5281,reimbursement,返済、弁済、弁償,32,C2,,,,,,,,,,reimbursement (n),
5282,reincarnation,再生、再来、生まれ変わり,32,C2,,,,,,,,,,reincarnation (n),
5283,reinforce,固める,8,B2,,,,,,,,,,reinforce v.,
5284,reiteration,繰り返し,32,C2,,,,,,,,,,reiteration (n),
5285,reject,拒む、蹴る、振り切る,4,B1,,,,,,,,,,reject v.,
5286,rejection,意気消沈、意気阻喪、棄却,16,C1,,,,,,,,,,rejection n.,
5287,relate,関係つける、叙する、関連付ける,4,B1,,,,,,,,,,relate v.,
5288,related,関係つける、叙する、関連付ける,4,B1,,,,,,,,,,related adj.,
5289,relation,縁、縁故、間柄,4,B1,,,,,,,,,,relation n.,
5290,relationship,挨拶、縁、間,2,A2,,,,,,,,,,relationship n.,
5291,relative,相対的、縁者、親身,4,B1,,,,,,,,,,"relative adj., n.",
5292,relatively,比較的、未だ、割に,8,B2,,,,,,,,,,relatively adv.,
5293,relax,寛ぐ、寛げる、緩む,1,A1,,,,,,,,,,relax v.,
5294,relaxed,安閑、徐々、平ら,4,B1,,,,,,,,,,relaxed adj.,
5295,relaxing,寛ぐ、寛げる、緩む,4,B1,,,,,,,,,,relaxing adj.,
5296,release,下げ渡す、解く、解除,4,B1,,,,,,,,,,"release v., n.",
5297,relegate,格下げする、追いやる,32,C2,,,,,,,,,,relegate (v),
5298,relegation,左遷、降格,32,C2,,,,,,,,,,relegation (n),
5299,relevance,関連、関連性、剴切,16,C1,,,,,,,,,,relevance n.,
5300,relevant,適切、当該、有縁,8,B2,,,,,,,,,,relevant adj.,
5301,reliability,甲斐性、信頼性、頼りがい,16,C1,,,,,,,,,,reliability n.,
5302,reliable,確実、着実、頼もしい,4,B1,,,,,,,,,,reliable adj.,
5303,relic,遺愛、遺物、生き残り,32,C2,,,,,,,,,,relic (n),
5304,relief,安心、安堵、援兵,8,B2,,,,,,,,,,relief n.,
5305,relieve,解く、緩める、散らす,8,B2,,,,,,,,,,relieve v.,
5306,relieved,解く、緩める、散らす,8,B2,,,,,,,,,,relieved adj.,
5307,religion,宗教、宗旨、自由教育,4,B1,,,,,,,,,,religion n.,
5308,religious,出世間的、信仰的、宗教的,4,B1,,,,,,,,,,religious adj.,
5309,relinquish,手放す、返上、投げ打つ,32,C2,,,,,,,,,,relinquish (v),
5310,relish,旨がる、賞味、味わう,32,C2,,,,,,,,,,relish (v),
5311,reluctance,残心、抵抗、未練,32,C2,,,,,,,,,,reluctance (n),
5312,reluctant,不本意、名残惜しい、嫌,16,C1,,,,,,,,,,reluctant adj.,
5313,rely,頼る、依存する,8,B2,,,,,,,,,,rely v.,
5314,remain,居座る、居残る、響く,4,B1,,,,,,,,,,remain v.,
5315,remainder,後、残高、使い残し,16,C1,,,,,,,,,,remainder n.,
5316,remains,異物、遺骸、遺構,16,C1,,,,,,,,,,remains n.,
5317,remark,言説、注釈、発言,8,B2,,,,,,,,,,"remark n., v.",
5318,remarkable,偉い、格段、顕著,8,B2,,,,,,,,,,remarkable adj.,
5319,remarkably,一際、著しく、目に見えて,8,B2,,,,,,,,,,remarkably adv.,
5320,remedy,矯正、仕様、治療,16,C1,,,,,,,,,,remedy n.,
5321,remember,覚える、記す、見覚える,1,A1,,,,,,,,,,remember v.,
5322,remembrance,記憶、形見、見覚え,32,C2,,,,,,,,,,remembrance (n),
5323,remind,念を押す,4,B1,,,,,,,,,,remind v.,
5324,reminder,念押し、備忘、縁,16,C1,,,,,,,,,,reminder n.,
5325,reminiscent,思い出させる,32,C2,,,,,,,,,,reminiscent (adj),
5326,remiss,疎か,32,C2,,,,,,,,,,remiss (adj),
5327,remission,赦免、小康、寛解,32,C2,,,,,,,,,,remission (n),
5328,remit,許す,32,C2,,,,,,,,,,remit (v),
5329,remnant,残り、使い残し、使い残り,32,C2,,,,,,,,,,remnant (n),
5330,remorse,悔悟、悔恨、後悔,32,C2,,,,,,,,,,remorse (n),
5331,remote,遠い、遠隔性、僻遠,4,B1,,,,,,,,,,remote adj.,
5332,removal,移送、移動、解任,16,C1,,,,,,,,,,removal n.,
5333,remove,下げる、解く、開ける,2,A2,,,,,,,,,,remove v.,
5334,remuneration,謝礼、待遇、報酬,32,C2,,,,,,,,,,remuneration (n),
5335,renaissance,復興、文芸復興、ルネサンス,32,C2,,,,,,,,,,renaissance (n),
5336,render,〜にする、与える、描写する,16,C1,,,,,,,,,,render v.,
5337,rendition,描出、イメージ,32,C2,,,,,,,,,,rendition (n),
5338,renegade,背教者、反逆分子,32,C2,,,,,,,,,,renegade (n),
5339,renege,反故にする、約束を破る、約束破る,32,C2,,,,,,,,,,renege (v),
5340,renew,書き換える、切り替える、付け替える,16,C1,,,,,,,,,,renew v.,
5341,renounce,放棄する、断念する,32,C2,,,,,,,,,,renounce (v),
5342,renown,名、名声、雷名,32,C2,,,,,,,,,,renown (n),
5343,renowned,名高い、高名、誉れ高い,16,C1,,,,,,,,,,renowned adj.,
5344,rent,借りる、借り受ける、借り入れる,4,B1,,,,,,,,,,"rent n., v.",
5345,rental,賃料、賃貸料、賃貸料金,8,B2,,,,,,,,,,rental n.,
5346,repair,改修、形成、手入れ,4,B1,,,,,,,,,,repair n.,
5347,repair,改修、継ぐ、取り繕う,2,A2,,,,,,,,,,repair v.,
5348,reparation,慰謝料、償金、代償,32,C2,,,,,,,,,,reparation (n),
5349,repatriation,帰還、送還、引き上げ,32,C2,,,,,,,,,,repatriation (n),
5350,repeal,撤回、撤去、撤退,32,C2,,,,,,,,,,repeal (v),
5351,repeat,繰り返し、繰り返す、言い返す,1,A1,,,,,,,,,,repeat v.,
5352,repeat,繰り返し、再上映、リピート,4,B1,,,,,,,,,,repeat n.,
5353,repeated,盛ん、頻り、再,4,B1,,,,,,,,,,repeated adj.,
5354,repentance,悔い、悔悟、悔恨,32,C2,,,,,,,,,,repentance (n),
5355,repercussion,反響、悪影響,32,C2,,,,,,,,,,repercussion (n),
5356,repertoire,レパートリー,32,C2,,,,,,,,,,repertoire (n),
5357,replace,改める、取り替える、振る,2,A2,,,,,,,,,,replace v.,
5358,replacement,形成、後釜、交換,16,C1,,,,,,,,,,replacement n.,
5359,replenish,注ぎ足す,32,C2,,,,,,,,,,replenish (v),
5360,replete,満ちた、豊富な,32,C2,,,,,,,,,,replete (adj),
5361,reply,挨拶、応酬、応答,2,A2,,,,,,,,,,"reply v., n.",
5362,report,噂、会報、記事,1,A1,,,,,,,,,,report n.,
5363,report,噂、言いつける、申告,2,A2,,,,,,,,,,report v.,
5364,reportedly,報道によれば,16,C1,,,,,,,,,,reportedly adv.,
5365,reporter,記者、通信員、報告者,2,A2,,,,,,,,,,reporter n.,
5366,reporting,噂、会報、記事,8,B2,,,,,,,,,,reporting n.,
5367,repository,宝庫、保管所、リポジトリ,32,C2,,,,,,,,,,repository (n),
5368,reprehensible,随分、不届き、不埒千万,32,C2,,,,,,,,,,reprehensible (adj),
5369,represent,表す、示す、象る,4,B1,,,,,,,,,,represent v.,
5370,representation,写像、象徴、代表,16,C1,,,,,,,,,,representation n.,
5371,representative,代表的、典型的、系列的,8,B2,,,,,,,,,,"representative n., adj.",
5372,repression,平定、リプレッション,32,C2,,,,,,,,,,repression (n),
5373,reprieve,執行猶予、一時的救済,32,C2,,,,,,,,,,reprieve (n),
5374,reprimand,叱る、叱責、叱咤,32,C2,,,,,,,,,,reprimand (n) / reprimand (v),
5375,reprisal,復仇、報復,32,C2,,,,,,,,,,reprisal (n),
5376,reproach,叱責、責める、非難,32,C2,,,,,,,,,,reproach (v),
5377,reproduce,写す、写し取る、なぞる,16,C1,,,,,,,,,,reproduce v.,
5378,reproduction,再現、再生産、生殖,16,C1,,,,,,,,,,reproduction n.,
5379,republic,共和国、共和制、リパブリック,16,C1,,,,,,,,,,republic n.,
5380,repudiate,拒絶する、否認する,32,C2,,,,,,,,,,repudiate (v),
5381,repudiation,否定、否認、抗論,32,C2,,,,,,,,,,repudiation (n),
5382,repugnance,嫌悪、抵抗,32,C2,,,,,,,,,,repugnance (n),
5383,repugnant,不快な、嫌悪すべき,32,C2,,,,,,,,,,repugnant (adj),
5384,reputation,英名、外聞、株,8,B2,,,,,,,,,,reputation n.,
5385,repute,評判、名声,32,C2,,,,,,,,,,repute (n),
5386,request,依頼、願い、願意,2,A2,,,,,,,,,,request n.,
5387,request,依頼、願う、求める,4,B1,,,,,,,,,,request v.,
5388,require,及ぶ、求める、要する,4,B1,,,,,,,,,,require v.,
5389,requirement,条件、入用、必要,8,B2,,,,,,,,,,requirement n.,
5390,requisite,必需品、必須、要件,32,C2,,,,,,,,,,requisite (n),
5391,requisition,接収、徴用、要求,32,C2,,,,,,,,,,requisition (n),
5392,rescind,撤回する、無効にする,32,C2,,,,,,,,,,rescind (v),
5393,rescue,救い出す、救援、救済,8,B2,,,,,,,,,,"rescue v., n.",
5394,research,研究、探究、探索,2,A2,,,,,,,,,,"research n., v.",
5395,researcher,研究員、研究者、実験者,2,A2,,,,,,,,,,researcher n.,
5396,resemble,似る、似寄る、通う,16,C1,,,,,,,,,,resemble v.,
5397,reservation,居留地、保留、予約,4,B1,,,,,,,,,,reservation n.,
5398,reserve,遠慮、忌憚、気兼ね,8,B2,,,,,,,,,,"reserve n., v.",
5399,reside,居留、住する、住まう,16,C1,,,,,,,,,,reside v.,
5400,residence,家、居住、居住地,16,C1,,,,,,,,,,residence n.,
5401,resident,市人、収容者、住人,8,B2,,,,,,,,,,"resident n., adj.",
5402,residential,合宿形式、レジデンシャル,16,C1,,,,,,,,,,residential adj.,
5403,residual,残留、残差,32,C2,,,,,,,,,,residual (adj),
5404,residue,残り、残基、余剰,16,C1,,,,,,,,,,residue n.,
5405,resign,引く、仕を致す、止す,8,B2,,,,,,,,,,resign v.,
5406,resignation,覚悟、観念、思いっきり,16,C1,,,,,,,,,,resignation n.,
5407,resilience,回復力、腰、体力,32,C2,,,,,,,,,,resilience (n),
5408,resilient,強い、打たれ強い,32,C2,,,,,,,,,,resilient (adj),
5409,resist,耐える、戦う、楯突く,8,B2,,,,,,,,,,resist v.,
5410,resistance,抗争、手応え、抵抗,16,C1,,,,,,,,,,resistance n.,
5411,resolute,果敢、果断、確固,32,C2,,,,,,,,,,resolute (adj),
5412,resolutely,ひと思いに、敢然、断然,32,C2,,,,,,,,,,resolutely (adv),
5413,resolution,解決、解消、解像度,8,B2,,,,,,,,,,resolution n.,
5414,resolve,決める、散らす、期す,8,B2,,,,,,,,,,resolve v.,
5415,resonance,共振、共鳴、共鳴り,32,C2,,,,,,,,,,resonance (n),
5416,resort,遊覧地、リゾート地、リゾート,8,B2,,,,,,,,,,resort n.,
5417,resource,仕様、素材、仕方,4,B1,,,,,,,,,,resource n.,
5418,respect,畏敬、仰ぐ、見上げる,4,B1,,,,,,,,,,"respect n., v.",
5419,respective,別々、各自、当該,16,C1,,,,,,,,,,respective adj.,
5420,respectively,各自、夫れ夫れ、てんでに,16,C1,,,,,,,,,,respectively adv.,
5421,respite,休み、小康,32,C2,,,,,,,,,,respite (n),
5422,resplendent,煌びやか、燦,32,C2,,,,,,,,,,resplendent (adj),
5423,respond,応える、応じる、言い返す,2,A2,,,,,,,,,,respond v.,
5424,response,挨拶、応答、共感,2,A2,,,,,,,,,,response n.,
5425,responsibility,荷、義務、勤め,4,B1,,,,,,,,,,responsibility n.,
5426,responsible,主体的,4,B1,,,,,,,,,,responsible adj.,
5427,rest,その他、安静、安息,2,A2,,,,,,,,,,rest (remaining part) n.,
5428,rest,安息、一休み、掛ける,2,A2,,,,,,,,,,"rest (sleep/relax) n., v.",
5429,restaurant,飲み逃げ、飲食店、割烹,1,A1,,,,,,,,,,restaurant n.,
5430,restitution,損害賠償、復旧、損賠,32,C2,,,,,,,,,,restitution (n),
5431,restive,静心無し,32,C2,,,,,,,,,,restive (adj),
5432,restoration,一新、回復、還元,16,C1,,,,,,,,,,restoration n.,
5433,restore,引き戻す、返す、戻す,8,B2,,,,,,,,,,restore v.,
5434,restraint,遠慮、牽制、牽束,16,C1,,,,,,,,,,restraint n.,
5435,restrict,限る、縛る,8,B2,,,,,,,,,,restrict v.,
5436,restriction,規制、限定、拘束,8,B2,,,,,,,,,,restriction n.,
5437,result,為、果て、果てし,1,A1,,,,,,,,,,result n.,
5438,result,為、帰結、結果,4,B1,,,,,,,,,,result v.,
5439,resume,し直す、やり直す、履歴書,16,C1,,,,,,,,,,resume v.,
5440,résumé,履歴書、要約,8,B2,,,,,,,,,,résumé n.,
5441,resurgence,中興,32,C2,,,,,,,,,,resurgence (n),
5442,resurrection,回生、再誕、蘇り,32,C2,,,,,,,,,,resurrection (n),
5443,retail,小売、リテール、キャラバンカー,8,B2,,,,,,,,,,retail n.,
5444,retain,存置、保つ、留め置く,8,B2,,,,,,,,,,retain v.,
5445,retaliate,返す、報いる、一矢を報いる,32,C2,,,,,,,,,,retaliate (v),
5446,reticence,寡言、沈黙、隔意,32,C2,,,,,,,,,,reticence (n),
5447,reticent,引っ込み思案、寡黙、無口,32,C2,,,,,,,,,,reticent (adj),
5448,retire,引き下がる、引く、下がる,4,B1,,,,,,,,,,retire v.,
5449,retired,退職した、引退した,4,B1,,,,,,,,,,retired adj.,
5450,retirement,引っ込み、引退、隠居,8,B2,,,,,,,,,,retirement n.,
5451,retort,一矢、口答え、口返答,32,C2,,,,,,,,,,retort (n),
5452,retract,引っ込める、取り消す、リトラクト,32,C2,,,,,,,,,,retract (v),
5453,retraction,圧排、後退、撤回,32,C2,,,,,,,,,,retraction (n),
5454,retreat,引き去る、後退、謝する,16,C1,,,,,,,,,,"retreat n., v.",
5455,retribution,応報、罰、報,32,C2,,,,,,,,,,retribution (n),
5456,retrieve,取り出す、読み出す,16,C1,,,,,,,,,,retrieve v.,
5457,retrospection,回顧、回想,32,C2,,,,,,,,,,retrospection (n),
5458,return,引き返す、応酬、回帰,1,A1,,,,,,,,,,"return v., n.",
5459,reveal,表す、出す、明かす,8,B2,,,,,,,,,,reveal v.,
5460,revelation,啓示、すっぱ抜き、天啓,16,C1,,,,,,,,,,revelation n.,
5461,revelry,飲めや歌え、お祭り騒ぎ、狂宴,32,C2,,,,,,,,,,revelry (n),
5462,revenge,お返し、挨拶、意趣,16,C1,,,,,,,,,,revenge n.,
5463,revenue,収益、収入、上がり高,8,B2,,,,,,,,,,revenue n.,
5464,reverberation,反響、反射、交響,32,C2,,,,,,,,,,reverberation (n),
5465,revere,仰ぐ、敬う、崇める,32,C2,,,,,,,,,,revere (v),
5466,reverent,恭しい、礼やか、鞠躬如,32,C2,,,,,,,,,,reverent (adj),
5467,reverential,敬意を表す、恭しい,32,C2,,,,,,,,,,reverential (adj),
5468,reverie,夢想、物思い、恍惚状態,32,C2,,,,,,,,,,reverie (n),
5469,reverse,逆、逆しま、裏腹,16,C1,,,,,,,,,,"reverse v., n., adj.",
5470,review,閲兵、回顧、確認,2,A2,,,,,,,,,,"review n., v.",
5471,revise,改める、変える、変改,4,B1,,,,,,,,,,revise v.,
5472,revision,加筆、改正、改定,8,B2,,,,,,,,,,revision n.,
5473,revisionism,修正主義、修正論,32,C2,,,,,,,,,,revisionism (n),
5474,revival,更生、再興、再現,16,C1,,,,,,,,,,revival n.,
5475,revive,興す、呼び戻す、吹き返す,16,C1,,,,,,,,,,revive v.,
5476,revocation,撤回、撤去、撤退,32,C2,,,,,,,,,,revocation (n),
5477,revoke,取り消す、取り上げる、反故にする,32,C2,,,,,,,,,,revoke (v),
5478,revolution,維新、運行、回帰,8,B2,,,,,,,,,,revolution n.,
5479,revolutionary,革命的、画期的、革命家,16,C1,,,,,,,,,,revolutionary adj.,
5480,reward,謝礼、報いる、褒賞,8,B2,,,,,,,,,,"reward n., v.",
5481,rhetoric,修辞学、修辞法、レトリック,16,C1,,,,,,,,,,rhetoric n.,
5482,rhythm,韻律、音調、音律,8,B2,,,,,,,,,,rhythm n.,
5483,rice,焼酎、米、米穀,1,A1,,,,,,,,,,rice n.,
5484,rich,膨よか、旺盛、濃厚,1,A1,,,,,,,,,,rich adj.,
5485,rid,取り除く,8,B2,,,,,,,,,,rid v.,
5486,ride,ひとっ走り、一走り、召す,1,A1,,,,,,,,,,ride v.,
5487,ride,ひとっ走り、一走り、乗り,2,A2,,,,,,,,,,ride n.,
5488,ridiculous,烏滸がましい、可笑しい、滑稽,8,B2,,,,,,,,,,ridiculous adj.,
5489,rifle,銃、小銃、ライフル銃,16,C1,,,,,,,,,,rifle n.,
5490,rift,罅、亀裂、切れ間,32,C2,,,,,,,,,,rift (n),
5491,right,正しい、右の,1,A1,,,,,,,,,,"right adj., adv., n.",
5492,righteousness,公道、正義、正路,32,C2,,,,,,,,,,righteousness (n),
5493,rigmarole,面倒な手続き、長たらしい話,32,C2,,,,,,,,,,rigmarole (n),
5494,rigorous,厳格、厳重、過酷,32,C2,,,,,,,,,,rigorous (adj),
5495,rigour,緊密、厳酷、硬直,32,C2,,,,,,,,,,rigour (n),
5496,ring1,一味、円環、円陣,2,A2,,,,,,,,,,ring1 n.,
5497,ring2,一味、円環、円陣,4,B1,,,,,,,,,,ring2 n.,
5498,ring2,打ち鳴らす、鳴らす、鳴る,2,A2,,,,,,,,,,ring2 v.,
5499,ringleader,巨魁、首謀、首謀者,32,C2,,,,,,,,,,ringleader (n),
5500,riot,一揆、騒動、騒乱,16,C1,,,,,,,,,,riot n.,
5501,rip,割る、破る、破れる,16,C1,,,,,,,,,,rip v.,
5502,rise,栄達、起きる、起き上がる,2,A2,,,,,,,,,,rise v.,
5503,rise,栄達、興起、興隆,8,B2,,,,,,,,,,rise n.,
5504,risk,掛ける、賭ける、冒す,4,B1,,,,,,,,,,"risk n., v.",
5505,risky,危ない、剣呑、際どい,8,B2,,,,,,,,,,risky adj.,
5506,rite,儀式、儀典、法式,32,C2,,,,,,,,,,rite (n),
5507,ritual,儀式、儀典、儀礼的,16,C1,,,,,,,,,,ritual n.,
5508,rival,叶う、張り合う、匹敵,8,B2,,,,,,,,,,"rival n., adj.",
5509,river,川、エリダヌス座、河渠,1,A1,,,,,,,,,,river n.,
5510,road,往来、街路、通り,1,A1,,,,,,,,,,road n.,
5511,rob,取る、掠める、はぎ取る,8,B2,,,,,,,,,,rob v.,
5512,robbery,強盗、荒稼ぎ、劫盗,8,B2,,,,,,,,,,robbery n.,
5513,robot,人造人間、ロボット、ロボ,4,B1,,,,,,,,,,robot n.,
5514,robust,強健、強壮、壮健,16,C1,,,,,,,,,,robust adj.,
5515,rock,岩、岩石、石,2,A2,,,,,,,,,,rock (stone) n.,
5516,rock,岩、岩石、石,2,A2,,,,,,,,,,rock (music) n.,
5517,rock,揺さぶる、揺すぶる、揺らす,16,C1,,,,,,,,,,rock v.,
5518,rocket,火箭、ロケット弾、黄花清白,8,B2,,,,,,,,,,rocket n.,
5519,rod,竿、棒、鞭,16,C1,,,,,,,,,,rod n.,
5520,rogue,破落戸、変異、ならず者,32,C2,,,,,,,,,,rogue (n),
5521,role,一役、一翼、職能,2,A2,,,,,,,,,,role n.,
5522,roll,巻く、畝る、転がす,4,B1,,,,,,,,,,"roll v., n.",
5523,romance,艶、艶事、色気,8,B2,,,,,,,,,,romance n.,
5524,romantic,乙、ロマン的、艶っぽい,4,B1,,,,,,,,,,romantic adj.,
5525,roof,屋根、屋、ルーフ,2,A2,,,,,,,,,,roof n.,
5526,rookie,新人、雛、新入り,16,C1,,,,,,,,,,rookie n.,
5527,room,間、空間、糊代,1,A1,,,,,,,,,,room n.,
5528,root,管理者、元、源,8,B2,,,,,,,,,,root n.,
5529,rope,一筋縄、綱、細引き,4,B1,,,,,,,,,,rope n.,
5530,rose,淡紅色、薔薇、バラ科,8,B2,,,,,,,,,,rose n.,
5531,roster,顔ぶれ、名簿、ラスター,16,C1,,,,,,,,,,roster n.,
5532,rostrum,演壇、壇、論壇,32,C2,,,,,,,,,,rostrum (n),
5533,rotate,回す,16,C1,,,,,,,,,,rotate v.,
5534,rotation,回旋、回転、自転,16,C1,,,,,,,,,,rotation n.,
5535,rough,厳つい、荒い、荒っぽい,4,B1,,,,,,,,,,rough adj.,
5536,roughly,一応、一通り、概ね,8,B2,,,,,,,,,,roughly adv.,
5537,round,一巡、一番、円か,8,B2,,,,,,,,,,round n.,
5538,round,円か、円やか、丸っこい,2,A2,,,,,,,,,,"round adj., adv., prep.",
5539,rout,敗走、潰走、総崩れ,32,C2,,,,,,,,,,rout (n),
5540,route,沿道、沿路、経路,2,A2,,,,,,,,,,route n.,
5541,routine,規則的、お座なり、定期的,8,B2,,,,,,,,,,routine adj.,
5542,routine,規則的、日常、定番,1,A1,,,,,,,,,,routine n.,
5543,row1,一列、口論、行,4,B1,,,,,,,,,,row1 n.,
5544,royal,王立、ロイヤル,4,B1,,,,,,,,,,royal adj.,
5545,rub,案じる、擦る、撫でる,8,B2,,,,,,,,,,rub v.,
5546,rubber,護謨、消しゴム、三番勝負,8,B2,,,,,,,,,,"rubber n., adj.",
5547,rubric,規則、見出し、評価基準,32,C2,,,,,,,,,,rubric (n),
5548,ruckus,騒動、騒ぎ,32,C2,,,,,,,,,,ruckus (n),
5549,rude,荒い、荒っぽい、粗暴,2,A2,,,,,,,,,,rude adj.,
5550,rudiment,基本、初歩,32,C2,,,,,,,,,,rudiment (n),
5551,ruin,壊す、傾ける、荒廃,8,B2,,,,,,,,,,"ruin v., n.",
5552,ruination,廃滅、覆滅、滅失,32,C2,,,,,,,,,,ruination (n),
5553,rule,格、規則、規定,1,A1,,,,,,,,,,rule n.,
5554,rule,規定、司る、支配,4,B1,,,,,,,,,,rule v.,
5555,ruling,裁決、南面、裁定,16,C1,,,,,,,,,,ruling n.,
5556,ruminate,思い巡らす、思いを巡らす、思いを巡らせる,32,C2,,,,,,,,,,ruminate (v),
5557,rumination,思案、反芻、食い戻し,32,C2,,,,,,,,,,rumination (n),
5558,rumor,噂、下馬評、言伝,16,C1,,,,,,,,,,rumor n.,
5559,run,ひとっ走り、一走り、運転,2,A2,,,,,,,,,,run n.,
5560,run,遣る、ひとっ走り、一走り,1,A1,,,,,,,,,,run v.,
5561,runner,走者、伝令、絨毯,2,A2,,,,,,,,,,runner n.,
5562,running,運転、掲載、経営,2,A2,,,,,,,,,,running n.,
5563,rupture,決壊、決裂、絶交,32,C2,,,,,,,,,,rupture (v),
5564,rural,日向臭い、田舎っぽい、農村,8,B2,,,,,,,,,,rural adj.,
5565,ruse,狂言、詭謀、小策,32,C2,,,,,,,,,,ruse (n),
5566,rush,急かす、急ぐ、慌てる,8,B2,,,,,,,,,,"rush v., n.",
5567,sabotage,怠業、忍術、妨業,32,C2,,,,,,,,,,sabotage (n),
5568,saboteur,妨業員、妨害工作員、サボタージュ員,32,C2,,,,,,,,,,saboteur (n),
5569,sacred,尊い、聖、聖なる,16,C1,,,,,,,,,,sacred adj.,
5570,sacrifice,供える、投げ出す、捧げる,16,C1,,,,,,,,,,"sacrifice n., v.",
5571,sacrilege,冒涜,32,C2,,,,,,,,,,sacrilege (n),
5572,sacrosanct,神聖不可侵の,32,C2,,,,,,,,,,sacrosanct (adj),
5573,sad,悄悄、哀れ気、惨め,1,A1,,,,,,,,,,sad adj.,
5574,sadly,敢え無く、悄悄、憫然,2,A2,,,,,,,,,,sadly adv.,
5575,safe,確実、硬い、大事,2,A2,,,,,,,,,,safe adj.,
5576,safeguard,守護、保護、防御,32,C2,,,,,,,,,,safeguard (v),
5577,safety,安危、安全、安全性,4,B1,,,,,,,,,,safety n.,
5578,saga,佐賀、サガ,32,C2,,,,,,,,,,saga (n),
5579,sagacious,賢明、聡明、怜悧,32,C2,,,,,,,,,,sagacious (adj),
5580,sage,賢者、賢人、聖人,32,C2,,,,,,,,,,sage (n),
5581,sail,航程、帆、走る,4,B1,,,,,,,,,,sail n.,
5582,sail,走る、走らせる、走らす,2,A2,,,,,,,,,,sail v.,
5583,sailing,航程、帆、航海,2,A2,,,,,,,,,,sailing n.,
5584,sailor,海員、海兵、水夫,4,B1,,,,,,,,,,sailor n.,
5585,saint,上人、聖人、全人,16,C1,,,,,,,,,,saint n.,
5586,sainthood,聖人の地位,32,C2,,,,,,,,,,sainthood (n),
5587,sake,お神酒、為、酒,16,C1,,,,,,,,,,sake n.,
5588,salacious,淫乱,32,C2,,,,,,,,,,salacious (adj),
5589,salad,サラダ,1,A1,,,,,,,,,,salad n.,
5590,salary,給与、給料、待遇,2,A2,,,,,,,,,,salary n.,
5591,sale,荷足、売却、発売,2,A2,,,,,,,,,,sale n.,
5592,salient,目立った、顕著な,32,C2,,,,,,,,,,salient (adj),
5593,salt,塩分、塩、波の花,1,A1,,,,,,,,,,salt n.,
5594,salubrious,健康によい,32,C2,,,,,,,,,,salubrious (adj),
5595,salutation,挨拶、会釈、挨拶文,32,C2,,,,,,,,,,salutation (n),
5596,salvation,救い、救済、救世,32,C2,,,,,,,,,,salvation (n),
5597,same,同じ,1,A1,,,,,,,,,,"same adj., pron., adv.",
5598,sample,見本、試供品、試料,4,B1,,,,,,,,,,sample n.,
5599,sample,聞く、味を見る、見本,8,B2,,,,,,,,,,sample v.,
5600,sanctimonious,仏臭い、坊主くさい、説教臭い,32,C2,,,,,,,,,,sanctimonious (adj),
5601,sanction,決裁、裁可、裁許,16,C1,,,,,,,,,,sanction n.,
5602,sanctity,神聖、尊厳、本気,32,C2,,,,,,,,,,sanctity (n),
5603,sanctuary,神殿、聖域、聖堂,32,C2,,,,,,,,,,sanctuary (n),
5604,sand,砂、真砂、砂土,4,B1,,,,,,,,,,sand n.,
5605,sandwich,サンドイッチ、サンド、サンドイッチファック,1,A1,,,,,,,,,,sandwich n.,
5606,sanguine,血紅色,32,C2,,,,,,,,,,sanguine (adj),
5607,sarcasm,皮肉、風刺、冷評,32,C2,,,,,,,,,,sarcasm (n),
5608,sardonic,皮肉な、冷笑的な,32,C2,,,,,,,,,,sardonic (adj),
5609,satellite,衛星、添い星、サテライト,8,B2,,,,,,,,,,satellite n.,
5610,satiate,十分に満足させる,32,C2,,,,,,,,,,satiate (v),
5611,satire,戯評、皮肉、風刺,32,C2,,,,,,,,,,satire (n),
5612,satirist,皮肉屋,32,C2,,,,,,,,,,satirist (n),
5613,satisfaction,会心、堪能、本望,8,B2,,,,,,,,,,satisfaction n.,
5614,satisfied,満足した,8,B2,,,,,,,,,,satisfied adj.,
5615,satisfy,沿う、応じる、添う,8,B2,,,,,,,,,,satisfy v.,
5616,Saturday,土曜、土曜日、土,1,A1,,,,,,,,,,Saturday n.,
5617,sauce,汁、だし汁、垂れ,2,A2,,,,,,,,,,sauce n.,
5618,savagery,蛮行,32,C2,,,,,,,,,,savagery (n),
5619,savant,大学者,32,C2,,,,,,,,,,savant (n),
5620,save,救う、取る、助ける,2,A2,,,,,,,,,,save v.,
5621,saving,積立、節約、保存,8,B2,,,,,,,,,,saving n.,
5622,say,言う,1,A1,,,,,,,,,,say v.,
5623,say,言う,16,C1,,,,,,,,,,say n.,
5624,scaffold,足場、断頭台、処刑台,32,C2,,,,,,,,,,scaffold (n),
5625,scale,音階、規模、尺,8,B2,,,,,,,,,,scale n.,
5626,scan,検査、読み取る、目を通す,4,B1,,,,,,,,,,scan v.,
5627,scandal,渦中、怪聞、事件,8,B2,,,,,,,,,,scandal n.,
5628,scapegoat,犠牲、身代わり、槍玉,32,C2,,,,,,,,,,scapegoat (n),
5629,scarcity,不足、払底、希少性,32,C2,,,,,,,,,,scarcity (n),
5630,scare,恐慌、恐怖、脅かす,8,B2,,,,,,,,,,"scare v., n.",
5631,scared,怖がっている,2,A2,,,,,,,,,,scared adj.,
5632,scary,末恐ろしい、怖い、おっかない,2,A2,,,,,,,,,,scary adj.,
5633,scathing,辛辣、痛烈、峻烈,32,C2,,,,,,,,,,scathing (adj),
5634,scattered,散漫、疎ら、薄い,16,C1,,,,,,,,,,scattered adj.,
5635,scenario,脚本、場面、台本,8,B2,,,,,,,,,,scenario n.,
5636,scene,画面、景色、現場,2,A2,,,,,,,,,,scene n.,
5637,schedule,一覧表、計画、献立,2,A2,,,,,,,,,,schedule n.,
5638,schedule,計画、予定、スケジュール,8,B2,,,,,,,,,,schedule v.,
5639,schism,分裂、分派,32,C2,,,,,,,,,,schism (n),
5640,scholar,学究、学者、学習者,8,B2,,,,,,,,,,scholar n.,
5641,scholarship,学識、学術、学殖,8,B2,,,,,,,,,,scholarship n.,
5642,school,一派、一門、一流,1,A1,,,,,,,,,,school n.,
5643,science,科学、学術、学問,1,A1,,,,,,,,,,science n.,
5644,scientific,科学的、サイエンティフィック,4,B1,,,,,,,,,,scientific adj.,
5645,scientist,科学者、サイエンティスト,1,A1,,,,,,,,,,scientist n.,
5646,scion,後胤、後裔、穂,32,C2,,,,,,,,,,scion (n),
5647,scope,間口、規模、限り,16,C1,,,,,,,,,,scope n.,
5648,score,稼ぐ、得点、入る,2,A2,,,,,,,,,,"score v., n.",
5649,scorn,軽侮、軽蔑、卑しむ,32,C2,,,,,,,,,,scorn (v),
5650,scoundrel,悪、悪漢、悪者,32,C2,,,,,,,,,,scoundrel (n),
5651,scourge,鞭,32,C2,,,,,,,,,,scourge (n),
5652,scratch,引っかく、擦りむく、傷つける,8,B2,,,,,,,,,,"scratch v., n.",
5653,scream,喚く、泣き喚く、泣き叫ぶ,8,B2,,,,,,,,,,"scream v., n.",
5654,screen,画面、銀幕、小楯,2,A2,,,,,,,,,,screen n.,
5655,screen,込める、立ち込める、篩に掛ける,8,B2,,,,,,,,,,screen v.,
5656,screening,掩蔽、遮蔽、上映,8,B2,,,,,,,,,,screening n.,
5657,screw,捩る、おまんこ、螺子,16,C1,,,,,,,,,,"screw v., n.",
5658,script,脚本、原本、台本,4,B1,,,,,,,,,,script n.,
5659,scruple,スクループル,32,C2,,,,,,,,,,scruple (n),
5660,scrupulous,厳密、克明、細心,32,C2,,,,,,,,,,scrupulous (adj),
5661,scrutinise,じろじろ見る、眇める,32,C2,,,,,,,,,,scrutinise (v),
5662,scrutiny,吟味、検討、精査,16,C1,,,,,,,,,,scrutiny n.,
5663,sculpture,彫刻、彫刻術、彫像,4,B1,,,,,,,,,,sculpture n.,
5664,scurrilous,下品な、中傷的な,32,C2,,,,,,,,,,scurrilous (adj),
5665,sea,海、海原、海面,2,A2,,,,,,,,,,sea n.,
5666,seal,封印、封緘、封じる,16,C1,,,,,,,,,,"seal v., n.",
5667,search,手配、狩る、尋ねる,2,A2,,,,,,,,,,"search n., v.",
5668,season,期、季候、季節,2,A2,,,,,,,,,,season n.,
5669,seat,位、腰掛け、座,2,A2,,,,,,,,,,seat n.,
5670,seat,据える、位、腰掛け,8,B2,,,,,,,,,,seat v.,
5671,secession,退会、脱退、離脱,32,C2,,,,,,,,,,secession (n),
5672,seclusion,隠退、隠遁、隔絶,32,C2,,,,,,,,,,seclusion (n),
5673,second1,乙、介添え、瞬間,1,A1,,,,,,,,,,second1 (next after the first),
5674,second1,乙、介添え、瞬間,1,A1,,,,,,,,,,second1 (unit of time) n.,
5675,second1,瞬間、乙、介添え,2,A2,,,,,,,,,,second1 (next after the first) adv.,
5676,secondary,二級、二次的、派生的,4,B1,,,,,,,,,,secondary adj.,
5677,secondly,瞬間、次いで、乙,16,C1,,,,,,,,,,secondly adv.,
5678,secret,隠然、隠密、奥妙,2,A2,,,,,,,,,,"secret adj., n.",
5679,secretariat,事務局、書記局、中書省,32,C2,,,,,,,,,,secretariat (n),
5680,secretary,参事、事務官、書記,2,A2,,,,,,,,,,secretary n.,
5681,section,一角、科、箇条,1,A1,,,,,,,,,,section n.,
5682,sector,地区、扇形、宙域,8,B2,,,,,,,,,,sector n.,
5683,secular,世俗的、生臭い,16,C1,,,,,,,,,,secular adj.,
5684,secure,確実、厳重、手堅い,8,B2,,,,,,,,,,"secure v., adj.",
5685,security,安全、安全性、安泰,4,B1,,,,,,,,,,security n.,
5686,sedentary,座りがちな、定住性の,32,C2,,,,,,,,,,sedentary (adj),
5687,sediment,遠沈、沈渣、滓,32,C2,,,,,,,,,,sediment (n),
5688,seditious,扇動的な、治安を乱す,32,C2,,,,,,,,,,seditious (adj),
5689,sedulous,勤勉な、熱心な,32,C2,,,,,,,,,,sedulous (adj),
5690,see,見る、分かる,1,A1,,,,,,,,,,see v.,
5691,seed,子種、実、種,4,B1,,,,,,,,,,seed n.,
5692,seek,求める、仰ぐ、探す,8,B2,,,,,,,,,,seek v.,
5693,seeker,シーカー,8,B2,,,,,,,,,,seeker n.,
5694,seem,見える、思える、思われる,2,A2,,,,,,,,,,seem v.,
5695,seemingly,一見、心なし、せ,16,C1,,,,,,,,,,seemingly adv.,
5696,seer,先覚者、先見者,32,C2,,,,,,,,,,seer (n),
5697,segment,環節、弓なり、区間,16,C1,,,,,,,,,,segment n.,
5698,segregation,隔離、分離、分立,32,C2,,,,,,,,,,segregation (n),
5699,seize,握る、差し押さえる、手中にする,16,C1,,,,,,,,,,seize v.,
5700,seizure,押収、横取り、強奪,32,C2,,,,,,,,,,seizure (n),
5701,seldom,偶さか、偶々、滅多に,16,C1,,,,,,,,,,seldom adv.,
5702,select,見出す、見立てる、拾い出す,8,B2,,,,,,,,,,select v.,
5703,selection,曲目、採択、取捨,8,B2,,,,,,,,,,selection n.,
5704,selective,選択的、選択子,16,C1,,,,,,,,,,selective adj.,
5705,self,自我、自己、自身,8,B2,,,,,,,,,,self n.,
5706,sell,扱う、取り扱う、手放す,1,A1,,,,,,,,,,sell v.,
5707,semantics,意味論、セマンティック、セマンティクス,32,C2,,,,,,,,,,semantics (n),
5708,semblance,仮象,32,C2,,,,,,,,,,semblance (n),
5709,seminal,大きな影響を与える、独創的な,32,C2,,,,,,,,,,seminal (adj),
5710,seminar,演習、研究会、セミナー,8,B2,,,,,,,,,,seminar n.,
5711,senate,元老院、上院、上院議会,8,B2,,,,,,,,,,senate n.,
5712,senator,上院議員、セネター,8,B2,,,,,,,,,,senator n.,
5713,send,遣る、寄越す、回す,1,A1,,,,,,,,,,send v.,
5714,senility,惚け、老衰、老齢,32,C2,,,,,,,,,,senility (n),
5715,senior,年長、位の高い、古株,8,B2,,,,,,,,,,senior adj.,
5716,sensation,感覚、感触、気配,16,C1,,,,,,,,,,sensation n.,
5717,sense,意識、意味、覚え,2,A2,,,,,,,,,,sense n.,
5718,sense,意識、意味、感じる,8,B2,,,,,,,,,,sense v.,
5719,sensible,賢明、重い、利口,4,B1,,,,,,,,,,sensible adj.,
5720,sensitive,機微、細かい、神経が鋭い,8,B2,,,,,,,,,,sensitive adj.,
5721,sensitivity,鋭感、感応、感受性,16,C1,,,,,,,,,,sensitivity n.,
5722,sentence,一文、完結文、句,1,A1,,,,,,,,,,sentence n.,
5723,sentence,言い渡す、沙汰、宣告,8,B2,,,,,,,,,,sentence v.,
5724,sentiment,感傷、感情、含み,16,C1,,,,,,,,,,sentiment n.,
5725,separate,引き分ける、引き離す、引き裂く,4,B1,,,,,,,,,,separate v.,
5726,separate,別、別れ別れ、別個,2,A2,,,,,,,,,,separate adj.,
5727,separation,縁切り、隔絶、隔離,16,C1,,,,,,,,,,separation n.,
5728,September,９月、長月、青よろし,1,A1,,,,,,,,,,September n.,
5729,sequel,後編、続編、余談,32,C2,,,,,,,,,,sequel (n),
5730,sequence,一連、系列、後先,8,B2,,,,,,,,,,sequence n.,
5731,sequestration,隔絶、貯留,32,C2,,,,,,,,,,sequestration (n),
5732,serendipitous,偶然幸運な,32,C2,,,,,,,,,,serendipitous (adj),
5733,serenity,安らぎ、静けさ、静穏,32,C2,,,,,,,,,,serenity (n),
5734,serfdom,農奴制、農奴の身分,32,C2,,,,,,,,,,serfdom (n),
5735,serial,シリアル、直列、連載小説,16,C1,,,,,,,,,,serial adj.,
5736,series,一連、級数、系,2,A2,,,,,,,,,,series n.,
5737,serious,険悪、厳粛、厚い,2,A2,,,,,,,,,,serious adj.,
5738,seriously,沁み沁み、拳拳、本気で,4,B1,,,,,,,,,,seriously adv.,
5739,servant,下働き、下郎、家来,4,B1,,,,,,,,,,servant n.,
5740,serve,供する、勤める、差す,2,A2,,,,,,,,,,serve v.,
5741,service,持て成し、扱い、運行,2,A2,,,,,,,,,,service n.,
5742,servile,卑屈な、奴隷の,32,C2,,,,,,,,,,servile (adj),
5743,servility,追従、卑屈、隷属,32,C2,,,,,,,,,,servility (n),
5744,servitude,隷属,32,C2,,,,,,,,,,servitude (n),
5745,session,会期、会議、期,8,B2,,,,,,,,,,session n.,
5746,set,一揃い、一揃え、集合,4,B1,,,,,,,,,,set (group) n.,
5747,set,掛ける、決める、仕掛ける,4,B1,,,,,,,,,,set (put) v.,
5748,setting,石畳、凝結、現場,4,B1,,,,,,,,,,setting n.,
5749,settle,決める、済ます、捌く,8,B2,,,,,,,,,,settle v.,
5750,settlement,慰謝料、会計、解決,16,C1,,,,,,,,,,settlement n.,
5751,settler,開拓者、入植者,8,B2,,,,,,,,,,settler n.,
5752,setup,準備、設定、組織,16,C1,,,,,,,,,,setup n.,
5753,seven,七、七つ、七本,1,A1,,,,,,,,,,seven number,
5754,seventeen,十七、セヴンティーン、セブンティーン,1,A1,,,,,,,,,,seventeen number,
5755,seventy,70,1,A1,,,,,,,,,,seventy number,
5756,several,幾、幾つか、諸般,2,A2,,,,,,,,,,several det./pron.,
5757,severance,切断、断絶,32,C2,,,,,,,,,,severance (n),
5758,severe,苛烈、喧しい、強烈,8,B2,,,,,,,,,,severe adj.,
5759,severely,屹度、熟、犇犇,8,B2,,,,,,,,,,severely adv.,
5760,severity,激烈、厳酷、酷烈,32,C2,,,,,,,,,,severity (n),
5761,sex,営み、性、性的,4,B1,,,,,,,,,,sex n.,
5762,sexual,性的、肉体的、セクシャル,4,B1,,,,,,,,,,sexual adj.,
5763,sexuality,春、セクシュアリティ,16,C1,,,,,,,,,,sexuality n.,
5764,sexy,官能的、色っぽい、水っぽい,8,B2,,,,,,,,,,sexy adj.,
5765,shackle,連環、絆す,32,C2,,,,,,,,,,shackle (n),
5766,shade,笠、傘、色,8,B2,,,,,,,,,,shade n.,
5767,shadow,日陰、尾行、暗影,8,B2,,,,,,,,,,shadow n.,
5768,shake,響く、振る、振れる,2,A2,,,,,,,,,,shake v.,
5769,shake,振り、揺れ、顫動,4,B1,,,,,,,,,,shake n.,
5770,shall,物とする、よう、可し,8,B2,,,,,,,,,,shall modal v.,
5771,shallow,安価、軽薄、上っ調子,8,B2,,,,,,,,,,shallow adj.,
5772,shambles,大混乱、惨状,32,C2,,,,,,,,,,shambles (n),
5773,shame,汚れ、赤恥、恥,8,B2,,,,,,,,,,shame n.,
5774,shape,形、形象、形状,2,A2,,,,,,,,,,shape n.,
5775,shape,形作る、シェイプ、形,8,B2,,,,,,,,,,shape v.,
5776,shaped,形作られた、〜の形をした,8,B2,,,,,,,,,,shaped adj.,
5777,shard,欠片、破片、陶片,32,C2,,,,,,,,,,shard (n),
5778,share,株、株式、配当,4,B1,,,,,,,,,,share n.,
5779,share,催合う、配当、分かち与える,1,A1,,,,,,,,,,share v.,
5780,shareholder,株主,16,C1,,,,,,,,,,shareholder n.,
5781,sharp,悪辣、鋭い、鋭敏,4,B1,,,,,,,,,,sharp adj.,
5782,shatter,破る、叩き壊す,16,C1,,,,,,,,,,shatter v.,
5783,she,彼女は,1,A1,,,,,,,,,,she pron.,
5784,shed,流す、零す、注ぐ,16,C1,,,,,,,,,,shed v.,
5785,sheen,艶、土味,32,C2,,,,,,,,,,sheen (n),
5786,sheep,未、羊、めん羊,1,A1,,,,,,,,,,sheep n.,
5787,sheer,純然、単なる、醇乎,16,C1,,,,,,,,,,sheer adj.,
5788,sheet,板、敷布、薄い板,2,A2,,,,,,,,,,sheet n.,
5789,shelf,棚、お蔵、シェルフ,4,B1,,,,,,,,,,shelf n.,
5790,shell,貝、貝殻、外皮,4,B1,,,,,,,,,,shell n.,
5791,shelter,囲う、待避、匿う,8,B2,,,,,,,,,,"shelter n., v.",
5792,shift,滑らす、移り行く、推移,8,B2,,,,,,,,,,shift v.,
5793,shift,交代員、推移、転向,4,B1,,,,,,,,,,shift n.,
5794,shine,輝く、光り輝く、光る,4,B1,,,,,,,,,,shine v.,
5795,shiny,艶やか、つるつる、つるっ禿,4,B1,,,,,,,,,,shiny adj.,
5796,ship,乗船、船舶、船,2,A2,,,,,,,,,,ship n.,
5797,ship,乗船、船舶、船,8,B2,,,,,,,,,,ship v.,
5798,shipping,出荷、出庫、船舶,16,C1,,,,,,,,,,shipping n.,
5799,shirk,怠る、踏み倒す、ブッチ,32,C2,,,,,,,,,,shirk (v),
5800,shirt,Ｙシャツ、シャツ、カッターシャツ,1,A1,,,,,,,,,,shirt n.,
5801,shock,驚愕、衝撃、震盪,8,B2,,,,,,,,,,"shock n., v.",
5802,shocked,愕然、呆、一泡,8,B2,,,,,,,,,,shocked adj.,
5803,shocking,電撃的、衝撃的、ショッキング,8,B2,,,,,,,,,,shocking adj.,
5804,shoddy,悪質、拙い、疎慢,32,C2,,,,,,,,,,shoddy (adj),
5805,shoe,靴,1,A1,,,,,,,,,,shoe n.,
5806,shoot,芽、新芽、芽吹き,16,C1,,,,,,,,,,shoot n.,
5807,shoot,撃つ、射る、走る,4,B1,,,,,,,,,,shoot v.,
5808,shooting,撮影、射撃、狙い撃ち,8,B2,,,,,,,,,,shooting n.,
5809,shop,商家、商店、商舗,1,A1,,,,,,,,,,"shop n., v.",
5810,shopping,買い物、買い、ショッピング,1,A1,,,,,,,,,,shopping n.,
5811,shore,沿海、沿岸、岸,8,B2,,,,,,,,,,shore n.,
5812,short,近い、浅い、短い,1,A1,,,,,,,,,,short adj.,
5813,shortage,欠陥、欠損、欠如,8,B2,,,,,,,,,,shortage n.,
5814,shortly,軈て、間もなく、近く,8,B2,,,,,,,,,,shortly adv.,
5815,short-term,短期的、短期、短期間,8,B2,,,,,,,,,,short-term adj.,
5816,shot,一発、散弾、場面,8,B2,,,,,,,,,,shot n.,
5817,should,〜すべきだ,1,A1,,,,,,,,,,should modal v.,
5818,shoulder,肩、肩先、肩部,2,A2,,,,,,,,,,shoulder n.,
5819,shout,喚く、叫ぶ、叫喚,2,A2,,,,,,,,,,"shout v., n.",
5820,show,遣る、開示、興行,1,A1,,,,,,,,,,"show v., n.",
5821,shower,一雨、通り雨、シャワー,1,A1,,,,,,,,,,shower n.,
5822,shrewdness,世才、辣腕、機才,32,C2,,,,,,,,,,shrewdness (n),
5823,shrine,社、神殿、殿堂,32,C2,,,,,,,,,,shrine (n),
5824,shrink,詰まる、屈する、縮まる,16,C1,,,,,,,,,,shrink v.,
5825,shroud,覆い、帷子、シュラウド,32,C2,,,,,,,,,,shroud (n),
5826,shrouded,覆われた、包まれた,32,C2,,,,,,,,,,shrouded (adj),
5827,shrug,竦める、窄める、ボレロ,16,C1,,,,,,,,,,shrug v.,
5828,shun,厭う、忌む、疎む,32,C2,,,,,,,,,,shun (v),
5829,shut,差す、挿す、閉ざす,2,A2,,,,,,,,,,"shut v., adj.",
5830,shy,引っ込み思案、恥ずかしい、内気,4,B1,,,,,,,,,,shy adj.,
5831,sibling,同生、妹背,8,B2,,,,,,,,,,sibling n.,
5832,sick,胸が悪い、シック、病める,1,A1,,,,,,,,,,sick adj.,
5833,side,横、横っ腹、横合い,2,A2,,,,,,,,,,side n.,
5834,sidewalk,人道、歩道、サイドウォーク,8,B2,,,,,,,,,,sidewalk n.,
5835,siege,包囲、囲み、攻囲,32,C2,,,,,,,,,,siege (n),
5836,sigh,嘆息、息衝く、ため息をつく,16,C1,,,,,,,,,,"sigh v., n.",
5837,sight,一覧、観、見事,4,B1,,,,,,,,,,sight n.,
5838,sign,記名、合図、表号,2,A2,,,,,,,,,,"sign n., v.",
5839,signal,合図、告げる、信号,4,B1,,,,,,,,,,"signal n., v.",
5840,signature,記帳、記名、署名,8,B2,,,,,,,,,,signature n.,
5841,significance,意義、意味、含蓄,8,B2,,,,,,,,,,significance n.,
5842,significant,重大、大した、有意,8,B2,,,,,,,,,,significant adj.,
5843,significantly,著しく、重要な意味で,8,B2,,,,,,,,,,significantly adv.,
5844,silence,静けさ、静寂、沈黙,8,B2,,,,,,,,,,silence n.,
5845,silent,森閑、静か、静粛,4,B1,,,,,,,,,,silent adj.,
5846,silhouette,影絵、影像、影法師,32,C2,,,,,,,,,,silhouette (n),
5847,silk,絹、絹布、帛,8,B2,,,,,,,,,,silk n.,
5848,silly,詰らない、下らない、滑稽,4,B1,,,,,,,,,,silly adj.,
5849,silver,シルバー、銀色、銀,2,A2,,,,,,,,,,"silver n., adj.",
5850,similar,近い、同じよう、同様,1,A1,,,,,,,,,,similar adj.,
5851,similarity,似寄り、相似、類似,4,B1,,,,,,,,,,similarity n.,
5852,similarly,同じく、同様に、等しく,4,B1,,,,,,,,,,similarly adv.,
5853,simile,直喩、例え、比喩,32,C2,,,,,,,,,,simile (n),
5854,simple,安易、安直、易しい,2,A2,,,,,,,,,,simple adj.,
5855,simpleton,二本棒、阿呆、表六玉,32,C2,,,,,,,,,,simpleton (n),
5856,simply,迚も、単に、飽くまで,4,B1,,,,,,,,,,simply adv.,
5857,simulate,模擬実験する、まねる,16,C1,,,,,,,,,,simulate v.,
5858,simulation,鍍金、疑似体験、模擬実験,16,C1,,,,,,,,,,simulation n.,
5859,simultaneously,一時に、一斉に、同時に,16,C1,,,,,,,,,,simultaneously adv.,
5860,sin,罪、罪悪、罪業,16,C1,,,,,,,,,,sin n.,
5861,since,以往、以後、以降,4,B1,,,,,,,,,,since adv.,
5862,since,此方、以往、以後,2,A2,,,,,,,,,,"since prep., conj.",
5863,sincere,克明、真摯、誠実,8,B2,,,,,,,,,,sincere adj.,
5864,sinecure,閑職、閑地,32,C2,,,,,,,,,,sinecure (n),
5865,sing,鳴く、囀る、歌う,1,A1,,,,,,,,,,sing v.,
5866,singer,歌手、歌い手、歌うたい,1,A1,,,,,,,,,,singer n.,
5867,singing,詠唱、歌唱、吟詠,2,A2,,,,,,,,,,singing n.,
5868,single,単一、単独、個室,2,A2,,,,,,,,,,"single adj., n.",
5869,singular,異色、異例、特異,32,C2,,,,,,,,,,singular (adj),
5870,singularity,単独、特異性、特異点,32,C2,,,,,,,,,,singularity (n),
5871,sink,引っ込む、凹む、下がる,4,B1,,,,,,,,,,sink v.,
5872,sir,旦那、公、サー,2,A2,,,,,,,,,,sir n.,
5873,siren,傾国、傾城、毒婦,32,C2,,,,,,,,,,siren (n),
5874,sister,童貞、姉君、大姉,1,A1,,,,,,,,,,sister n.,
5875,sit,掛ける、腰掛ける、座る,1,A1,,,,,,,,,,sit v.,
5876,site,拠点、現場、所,2,A2,,,,,,,,,,site n.,
5877,situated,位置している、置かれた,16,C1,,,,,,,,,,situated adj.,
5878,situation,雲行き、旗色、境遇,1,A1,,,,,,,,,,situation n.,
5879,six,六本、六、六つ,1,A1,,,,,,,,,,six number,
5880,sixteen,十六、二八,1,A1,,,,,,,,,,sixteen number,
5881,sixty,６０、シックスティー,1,A1,,,,,,,,,,sixty number,
5882,size,一回り、型、号,2,A2,,,,,,,,,,size n.,
5883,skeptical,懐疑的な,16,C1,,,,,,,,,,skeptical adj.,
5884,sketch,横顔、画稿、絵,16,C1,,,,,,,,,,sketch n.,
5885,ski,スキーの板、スキー板、片輪走行,2,A2,,,,,,,,,,"ski v., adj., n.",
5886,skiing,片輪走行、スキーの板、スキー板,2,A2,,,,,,,,,,skiing n.,
5887,skill,技、技術、技量,1,A1,,,,,,,,,,skill n.,
5888,skilled,強い、上手、達者,8,B2,,,,,,,,,,skilled adj.,
5889,skin,果皮、外皮、肌,2,A2,,,,,,,,,,skin n.,
5890,skip,跳び上がる、飛ぶ、跳躍,16,C1,,,,,,,,,,skip v.,
5891,skirmish,小競り合い、前衛戦、前駆戦,32,C2,,,,,,,,,,skirmish (n),
5892,skirt,褄、スカート、巻く,1,A1,,,,,,,,,,skirt n.,
5893,skull,頭蓋骨、頭骨、髑髏,8,B2,,,,,,,,,,skull n.,
5894,skullduggery,不正行為、陰謀,32,C2,,,,,,,,,,skullduggery (n),
5895,sky,久方、九天、空,2,A2,,,,,,,,,,sky n.,
5896,slam,かっ飛ばす、ぴちゃん、バタン,16,C1,,,,,,,,,,slam v.,
5897,slander,中傷、誹謗、誣いる,32,C2,,,,,,,,,,slander (n) / slander (v),
5898,slap,引っ叩く、打つ、張る,16,C1,,,,,,,,,,slap v.,
5899,slash,切り立てる、掻っ切る、斬撃,16,C1,,,,,,,,,,slash v.,
5900,slave,黒奴、奴隷、虜,4,B1,,,,,,,,,,slave n.,
5901,slavery,奴隷、隷従、隷属,16,C1,,,,,,,,,,slavery n.,
5902,sleep,休む、寝る、寝込む,1,A1,,,,,,,,,,sleep v.,
5903,sleep,脂、睡眠、眠り,2,A2,,,,,,,,,,sleep n.,
5904,slice,削ぐ、斬る、スライス,4,B1,,,,,,,,,,"slice n., v.",
5905,slide,滑らす、滑る、滑走,8,B2,,,,,,,,,,"slide v., n.",
5906,slight,本の、仮初め、僅か,8,B2,,,,,,,,,,slight adj.,
5907,slightly,微微、眇眇、一寸,4,B1,,,,,,,,,,slightly adv.,
5908,slip,滑る、失策、足を滑らす,8,B2,,,,,,,,,,slip v.,
5909,slogan,標語、合言葉、旗印,8,B2,,,,,,,,,,slogan n.,
5910,slope,雪崩れる、傾斜、坂路,8,B2,,,,,,,,,,"slope n., v.",
5911,slot,受け口、取り出し口、スロット,16,C1,,,,,,,,,,slot n.,
5912,sloth,無精、樹懶、懶惰,32,C2,,,,,,,,,,sloth (n),
5913,slow,そぞろ歩き、徐々、遅々,4,B1,,,,,,,,,,slow v.,
5914,slow,温い、緩い、緩やか,1,A1,,,,,,,,,,slow adj.,
5915,slowly,徐々、遅々、愚図愚図,2,A2,,,,,,,,,,slowly adv.,
5916,slumber,微睡,32,C2,,,,,,,,,,slumber (n),
5917,small,狭い、僅か、僅少,1,A1,,,,,,,,,,small adj.,
5918,smart,鯔背、機敏、軽妙,1,A1,,,,,,,,,,smart adj.,
5919,smartphone,高機能携帯電話、多機能携帯電話、スマホ,2,A2,,,,,,,,,,smartphone n.,
5920,smash,へし折る、割る、砕く,16,C1,,,,,,,,,,smash v.,
5921,smattering,生噛じり、片言,32,C2,,,,,,,,,,smattering (n),
5922,smell,感づく、嗅ぐ、聞く,2,A2,,,,,,,,,,"smell v., n.",
5923,smile,一笑、含み笑い、笑う,2,A2,,,,,,,,,,"smile v., n.",
5924,smoke,吹かす、遣る、一服,2,A2,,,,,,,,,,"smoke n., v.",
5925,smoking,喫煙、薫製、燻し,2,A2,,,,,,,,,,smoking n.,
5926,smooth,円やか、円転滑脱、円満,4,B1,,,,,,,,,,smooth adj.,
5927,snake,蛇、巳、蛇座,1,A1,,,,,,,,,,snake n.,
5928,snap,切れる、折れる、弾く,16,C1,,,,,,,,,,snap v.,
5929,snare,罠、罠網、引っ掛け,32,C2,,,,,,,,,,snare (n),
5930,sneaker,スニーカー,2,A2,,,,,,,,,,sneaker n.,
5931,snooty,高慢な、鼻持ちならない,32,C2,,,,,,,,,,snooty (adj),
5932,snow,降雪、砂嵐、雪,1,A1,,,,,,,,,,"snow n., v.",
5933,snub,鼻であしらう、けんつくを食わせる,32,C2,,,,,,,,,,snub (n),
5934,so,それで、とても,1,A1,,,,,,,,,,"so adv., conj.",
5935,soak,含ます、含ませる、浸す,16,C1,,,,,,,,,,soak v.,
5936,soap,石鹸、シャボン、ソープ,2,A2,,,,,,,,,,soap n.,
5937,soar,飛ぶ、舞い上がる、翔る,16,C1,,,,,,,,,,soar v.,
5938,sobriety,節酒、素顔、素面,32,C2,,,,,,,,,,sobriety (n),
5939,so-called,所謂、言うところの、括弧付き,8,B2,,,,,,,,,,so-called adj.,
5940,soccer,ア式蹴球、サッカー、アソシエーションフットボール,2,A2,,,,,,,,,,soccer n.,
5941,social,社会的、ノリが良い、サロン的,2,A2,,,,,,,,,,social adj.,
5942,socialist,社会主義者、主義者、ソーシャリスト,16,C1,,,,,,,,,,socialist adj.,
5943,society,会、協会、結社,2,A2,,,,,,,,,,society n.,
5944,sock,靴下、つま先、ぶん殴る,2,A2,,,,,,,,,,sock n.,
5945,soft,滑らか、緩い、軽い,2,A2,,,,,,,,,,soft adj.,
5946,software,同人、ソフト、ソフトウェア,4,B1,,,,,,,,,,software n.,
5947,soil,地、土、土壌,4,B1,,,,,,,,,,soil n.,
5948,sojourn,寄留、滞在、逗留,32,C2,,,,,,,,,,sojourn (n),
5949,solace,慰安、救い、癒し,32,C2,,,,,,,,,,solace (n),
5950,solar,ソーラー,8,B2,,,,,,,,,,solar adj.,
5951,soldier,軍人、軍卒、戦士,2,A2,,,,,,,,,,soldier n.,
5952,sole,単一、単独、せめてもの,16,C1,,,,,,,,,,sole adj.,
5953,solely,只管、一に、専ら,16,C1,,,,,,,,,,solely adv.,
5954,solemn,厳か、厳粛、厳然,32,C2,,,,,,,,,,solemn (adj),
5955,solemnity,威厳,32,C2,,,,,,,,,,solemnity (n),
5956,solicitor,事務弁護士、ソリシター,32,C2,,,,,,,,,,solicitor (n),
5957,solicitous,気遣う、熱心な,32,C2,,,,,,,,,,solicitous (adj),
5958,solid,確実、頑丈、強い,4,B1,,,,,,,,,,"solid adj., n.",
5959,solidarity,共同責任、結束、団結,16,C1,,,,,,,,,,solidarity n.,
5960,soliloquy,独り言、独白、独語,32,C2,,,,,,,,,,soliloquy (n),
5961,solitary,寂しい、孤高、たった一つ,32,C2,,,,,,,,,,solitary (adj),
5962,solitude,孤独、独居、幽境,32,C2,,,,,,,,,,solitude (n),
5963,solo,単独、独演、独奏,16,C1,,,,,,,,,,"solo adj., n.",
5964,solstice,至点,32,C2,,,,,,,,,,solstice (n),
5965,solution,解決、解決策、解答,2,A2,,,,,,,,,,solution n.,
5966,solve,解く、説き明かす、判じる,2,A2,,,,,,,,,,solve v.,
5967,sombre,暗澹、物憂げ、渋い,32,C2,,,,,,,,,,sombre (adj),
5968,some,いくつかの、いくらかの,1,A1,,,,,,,,,,"some det., pron.",
5969,somebody,何様、誰か、ひとかどの人物,1,A1,,,,,,,,,,somebody pron.,
5970,somehow,漫ろに、何か、何だか,8,B2,,,,,,,,,,somehow adv.,
5971,someone,ある人、一人物、何者か,1,A1,,,,,,,,,,someone pron.,
5972,something,何物、少し、物,1,A1,,,,,,,,,,something pron.,
5973,sometime,何時か,8,B2,,,,,,,,,,sometime adv.,
5974,sometimes,何時か、往々、時折,1,A1,,,,,,,,,,sometimes adv.,
5975,somewhat,一寸、何だか、幾らか,8,B2,,,,,,,,,,somewhat adv.,
5976,somewhere,何処か、何処ぞ、其処ら,2,A2,,,,,,,,,,"somewhere adv., pron.",
5977,son,お坊ちゃん、子息、息子,1,A1,,,,,,,,,,son n.,
5978,song,一番、詠歌、歌,1,A1,,,,,,,,,,song n.,
5979,soon,その内、軈て、遠からず,1,A1,,,,,,,,,,soon adv.,
5980,sophisticated,高機能、高度、上品,8,B2,,,,,,,,,,sophisticated adj.,
5981,sophistry,曲論、似非理屈、詭弁,32,C2,,,,,,,,,,sophistry (n),
5982,sophomore,二回生,16,C1,,,,,,,,,,sophomore n.,
5983,sophomore,二回生,32,C2,,,,,,,,,,sophomore (n) (US specific),
5984,sordid,猥雑、むさ苦しい、むさい,32,C2,,,,,,,,,,sordid (adj),
5985,sorry,悪い、生憎、済まない,1,A1,,,,,,,,,,"sorry adj., exclam.",
5986,sort,口、質、手,2,A2,,,,,,,,,,sort n.,
5987,sort,捌く、並べ替え、並べ替える,4,B1,,,,,,,,,,sort v.,
5988,soul,気骨、気迫、魂魄,8,B2,,,,,,,,,,soul n.,
5989,sound,確実、健やか、健康,16,C1,,,,,,,,,,sound adj.,
5990,sound,打つ、鳴らす、鳴る,1,A1,,,,,,,,,,"sound n., v.",
5991,soup,汁、汁物、湯,1,A1,,,,,,,,,,soup n.,
5992,source,筋、元、原因,2,A2,,,,,,,,,,source n.,
5993,south,午、南、南部,1,A1,,,,,,,,,,"south n., adj., adv.",
5994,southern,サザン,4,B1,,,,,,,,,,southern adj.,
5995,sovereign,君、君主、元首,32,C2,,,,,,,,,,sovereign (n),
5996,sovereignty,主権、万乗、至上権,16,C1,,,,,,,,,,sovereignty n.,
5997,sow,施す、蒔き付ける、蒔く,32,C2,,,,,,,,,,sow (v),
5998,space,宇宙、間、間隔,1,A1,,,,,,,,,,space n.,
5999,spam,迷惑メール、スパム、荒らす,16,C1,,,,,,,,,,spam n.,
6000,span,架かる、跨ぐ、張る,16,C1,,,,,,,,,,"span v., n.",
6001,spare,厭う、裂く、取る,16,C1,,,,,,,,,,spare v.,
6002,spare,余計、簡勁、厭う,8,B2,,,,,,,,,,spare adj.,
6003,spark,火をつける、火花を散らす、スパーク,16,C1,,,,,,,,,,spark v.,
6004,spasm,引きつり、激発、発作,32,C2,,,,,,,,,,spasm (n),
6005,spate,大量、相次ぐ発生,32,C2,,,,,,,,,,spate (n),
6006,spawn,生み付ける、卵,32,C2,,,,,,,,,,spawn (v),
6007,speak,仰る、口にする、使う,1,A1,,,,,,,,,,speak v.,
6008,speaker,演者、議長、代弁者,2,A2,,,,,,,,,,speaker n.,
6009,special,異色、一方ならぬ、格別,1,A1,,,,,,,,,,special adj.,
6010,specialist,専属、専門家、本職,8,B2,,,,,,,,,,"specialist n., adj.",
6011,specialize,専門にする,8,B2,,,,,,,,,,specialize v.,
6012,specialized,特化型,16,C1,,,,,,,,,,specialized adj.,
6013,species,一種、種、種族,8,B2,,,,,,,,,,species n.,
6014,specific,具体的、詳細、特異的,2,A2,,,,,,,,,,specific adj.,
6015,specifically,具体的に、特に,4,B1,,,,,,,,,,specifically adv.,
6016,specification,仕様、指定、明記,16,C1,,,,,,,,,,specification n.,
6017,specify,明記する、指定する,8,B2,,,,,,,,,,specify v.,
6018,specimen,見本、個体、参考品,16,C1,,,,,,,,,,specimen n.,
6019,spectacle,観、見世物、見事,16,C1,,,,,,,,,,spectacle n.,
6020,spectacular,華々しい、目覚ましい、花々,8,B2,,,,,,,,,,spectacular adj.,
6021,spectator,お客さん、お客様、観客,8,B2,,,,,,,,,,spectator n.,
6022,spectre,怪異、曲者、物の怪,32,C2,,,,,,,,,,spectre (n),
6023,spectrum,分光、スペクトラム、スペクトル,16,C1,,,,,,,,,,spectrum n.,
6024,speculate,山をかける、山を張る,8,B2,,,,,,,,,,speculate v.,
6025,speculation,一六勝負、憶説、下馬評,8,B2,,,,,,,,,,speculation n.,
6026,speculator,山師、仕手、相場師,32,C2,,,,,,,,,,speculator (n),
6027,speech,挨拶、一席、演説,2,A2,,,,,,,,,,speech n.,
6028,speed,すっ飛ばす、急ぎ、時速,8,B2,,,,,,,,,,speed v.,
6029,speed,急ぎ、時速、速さ,2,A2,,,,,,,,,,speed n.,
6030,spell,呪い、呪縛、呪文,16,C1,,,,,,,,,,spell n.,
6031,spell,呪縛、綴る、呪い,1,A1,,,,,,,,,,spell v.,
6032,spelling,綴り、綴り方、綴り字,1,A1,,,,,,,,,,spelling n.,
6033,spend,過ごす、掛ける、使う,1,A1,,,,,,,,,,spend v.,
6034,spending,費消、費途、過ごす,4,B1,,,,,,,,,,spending n.,
6035,sphere,球、球体、玉,16,C1,,,,,,,,,,sphere n.,
6036,spice,香辛料、香味料、彩り,8,B2,,,,,,,,,,spice n.,
6037,spicy,乙、辛い、艶っぽい,4,B1,,,,,,,,,,spicy adj.,
6038,spider,蜘蛛、細蟹、ロボット検索エンジン,2,A2,,,,,,,,,,spider n.,
6039,spill,溢流、垂らす、転落,8,B2,,,,,,,,,,spill v.,
6040,spin,ひとっ走り、一走り、回す,16,C1,,,,,,,,,,"spin v., n.",
6041,spine,心臓、脊椎、背骨,16,C1,,,,,,,,,,spine n.,
6042,spinster,売れ残り、独身者、行かず後家,32,C2,,,,,,,,,,spinster (n),
6043,spirit,意気、肝、気,4,B1,,,,,,,,,,spirit n.,
6044,spiritual,信仰的、霊的、精神的,8,B2,,,,,,,,,,spiritual adj.,
6045,spite,悪意、悪念、意趣,8,B2,,,,,,,,,,spite n.,
6046,splendour,栄華、栄耀、華美,32,C2,,,,,,,,,,splendour (n),
6047,split,割る、割れる、断ち割る,8,B2,,,,,,,,,,"split v., n.",
6048,spoil,駄目になる、壊す、覚ます,8,B2,,,,,,,,,,spoil v.,
6049,spoken,口頭,4,B1,,,,,,,,,,spoken adj.,
6050,spokesman,看板、広報担当官、スポークスマン,8,B2,,,,,,,,,,spokesman n.,
6051,spokesperson,代弁者、広報担当官、スポークスパーソン,8,B2,,,,,,,,,,spokesperson n.,
6052,spokeswoman,スポークスウーマン,8,B2,,,,,,,,,,spokeswoman n.,
6053,sponsor,教父、後ろ盾、主催者,8,B2,,,,,,,,,,"sponsor v., n.",
6054,sponsorship,主催、提携、肝いり,8,B2,,,,,,,,,,sponsorship n.,
6055,spontaneity,自発、天然、自発性,32,C2,,,,,,,,,,spontaneity (n),
6056,spoon,匙、スプーン,2,A2,,,,,,,,,,spoon n.,
6057,sport,戯れ、巫山戯、スポーツ,1,A1,,,,,,,,,,sport n.,
6058,spot,一斑、境、実地,4,B1,,,,,,,,,,spot n.,
6059,spot,所、補助、見つける,8,B2,,,,,,,,,,spot v.,
6060,spotlight,点光、世間の目、スポット,16,C1,,,,,,,,,,spotlight n.,
6061,spouse,配偶、配偶者、伴侶,16,C1,,,,,,,,,,spouse n.,
6062,sprawl,スプロール現象、スプロール、寝そべる,32,C2,,,,,,,,,,sprawl (n),
6063,spread,拡散、見開き、広がり,8,B2,,,,,,,,,,spread n.,
6064,spread,蔓延る、移る、拡散,4,B1,,,,,,,,,,spread v.,
6065,spring,春、春夏秋冬、弾む,4,B1,,,,,,,,,,spring v.,
6066,spring,発条、腰、春,1,A1,,,,,,,,,,spring n.,
6067,spur,支脈、拍車、分岐線,32,C2,,,,,,,,,,spur (n),
6068,spurious,有りもしない,32,C2,,,,,,,,,,spurious (adj),
6069,spurn,撥ね付ける、踏みつける、突っ撥ねる,32,C2,,,,,,,,,,spurn (v),
6070,spy,斥候、密偵、スパイ,16,C1,,,,,,,,,,"spy n., v.",
6071,squad,一隊、班、部隊,16,C1,,,,,,,,,,squad n.,
6072,squadron,戦隊,32,C2,,,,,,,,,,squadron (n),
6073,squalid,汚らしい、むさ苦しい、むさい,32,C2,,,,,,,,,,squalid (adj),
6074,squalor,不潔さ、むさ苦しさ,32,C2,,,,,,,,,,squalor (n),
6075,squander,傾ける、使い果たす、使い尽くす,32,C2,,,,,,,,,,squander (v),
6076,square,まっ四角、厳つい、四角,2,A2,,,,,,,,,,"square adj., n.",
6077,squeeze,詰め込む、吸い取る、搾り取る,16,C1,,,,,,,,,,squeeze v.,
6078,stab,刺し通す、刺す、刺傷,16,C1,,,,,,,,,,stab v.,
6079,stability,安定、安定性、安寧,16,C1,,,,,,,,,,stability n.,
6080,stabilize,固める,16,C1,,,,,,,,,,stabilize v.,
6081,stable,平ら、強固、安固,8,B2,,,,,,,,,,stable adj.,
6082,stadium,観客席、競技会場、運動公園,4,B1,,,,,,,,,,stadium n.,
6083,staff,幹部、関係者、局員,4,B1,,,,,,,,,,staff n.,
6084,stage,一歩、階、期,2,A2,,,,,,,,,,stage n.,
6085,stage,一歩、時期、階,8,B2,,,,,,,,,,stage v.,
6086,stagnant,停滞した、よどんだ,32,C2,,,,,,,,,,stagnant (adj),
6087,staid,落ち着いた、堅苦しい,32,C2,,,,,,,,,,staid (adj),
6088,stair,段、梯子段,2,A2,,,,,,,,,,stair n.,
6089,stake,杭、賭け、棒杙,16,C1,,,,,,,,,,stake n.,
6090,stalemate,足踏み、停頓、膠着,32,C2,,,,,,,,,,stalemate (n),
6091,stall,屋台、個室、失速,8,B2,,,,,,,,,,stall n.,
6092,stalwart,忠実な支持者、たくましい,32,C2,,,,,,,,,,stalwart (n),
6093,stamina,体力、持久力、耐久力,32,C2,,,,,,,,,,stamina (n),
6094,stamp,印、印鑑、印紙,2,A2,,,,,,,,,,stamp n.,
6095,stampede,人波、潰走、雪崩を打つ,32,C2,,,,,,,,,,stampede (n),
6096,stance,構え、姿勢、態度,8,B2,,,,,,,,,,stance n.,
6097,stand,案、屋台、架台,8,B2,,,,,,,,,,stand n.,
6098,stand,耐える、忍ぶ、立つ,1,A1,,,,,,,,,,stand v.,
6099,standard,画一的、本格的、世間並み,4,B1,,,,,,,,,,"standard n., adj.",
6100,standing,案、屋台、架台,16,C1,,,,,,,,,,standing adj.,
6101,standoff,にらみ合い、スタンドオフ、カシメ,32,C2,,,,,,,,,,standoff (n),
6102,standstill,足踏み、停止、停滞,32,C2,,,,,,,,,,standstill (n),
6103,stanza,一連、節、連,32,C2,,,,,,,,,,stanza (n),
6104,star,花形、巨擘、恒星,1,A1,,,,,,,,,,star n.,
6105,star,花形、巨擘、恒星,2,A2,,,,,,,,,,star v.,
6106,stare,じっと見る、凝視、瞳を凝らす,8,B2,,,,,,,,,,stare v.,
6107,stark,殺伐、冷厳,16,C1,,,,,,,,,,stark adj.,
6108,start,開く、開始、掛かる,1,A1,,,,,,,,,,start v.,
6109,start,抑、一、開始,2,A2,,,,,,,,,,start n.,
6110,starve,飢える、疲れる,8,B2,,,,,,,,,,starve v.,
6111,stasis,うっ滞、シュタージ,32,C2,,,,,,,,,,stasis (n),
6112,state,加減、境地、仰せられる,4,B1,,,,,,,,,,"state adj., v.",
6113,state,加減、境地、形容,2,A2,,,,,,,,,,state n.,
6114,stately,厳か、重厚、堂々,32,C2,,,,,,,,,,stately (adj),
6115,statement,記載、言説、言明,1,A1,,,,,,,,,,statement n.,
6116,statesmanship,施政、ステーツマンシップ,32,C2,,,,,,,,,,statesmanship (n),
6117,station,駅頭、次、停留所,1,A1,,,,,,,,,,station n.,
6118,statistic,統計量、統計値,4,B1,,,,,,,,,,statistic n.,
6119,statistical,統計的,16,C1,,,,,,,,,,statistical adj.,
6120,statue,一座、偶像、寿像,4,B1,,,,,,,,,,statue n.,
6121,status,格、筋、座,8,B2,,,,,,,,,,status n.,
6122,statute,例規,32,C2,,,,,,,,,,statute (n),
6123,staunch,筋金入り、骨のある、信頼に足る,32,C2,,,,,,,,,,staunch (adj),
6124,stay,居座る、居着く、乗る,1,A1,,,,,,,,,,stay v.,
6125,stay,支え、支柱、滞在,2,A2,,,,,,,,,,stay n.,
6126,steadfastness,不動心、確固不動、匪石之心,32,C2,,,,,,,,,,steadfastness (n),
6127,steadily,繁繁、絶えず、直押しに,8,B2,,,,,,,,,,steadily adv.,
6128,steady,硬い、堅調、実直,8,B2,,,,,,,,,,steady adj.,
6129,steal,取る、食い荒らす、奪う,2,A2,,,,,,,,,,steal v.,
6130,stealth,忍び、ステルス,32,C2,,,,,,,,,,stealth (n),
6131,steam,蒸気、水気、水蒸気,8,B2,,,,,,,,,,steam n.,
6132,steel,鋼、鋼鉄、鋼鉄製,8,B2,,,,,,,,,,steel n.,
6133,steep,急、険しい、険阻,8,B2,,,,,,,,,,steep adj.,
6134,steer,操る、牡牛,16,C1,,,,,,,,,,steer v.,
6135,stem,支える、食い止める、せき止める,16,C1,,,,,,,,,,"stem n., v.",
6136,stench,悪臭、匂い,32,C2,,,,,,,,,,stench (n),
6137,step,一切り、一足、一段,2,A2,,,,,,,,,,step n.,
6138,step,一歩、処置、措置,8,B2,,,,,,,,,,step v.,
6139,stereotype,鉛版、固定観念、紙型,16,C1,,,,,,,,,,stereotype n.,
6140,steward,家従、家職、家扶,32,C2,,,,,,,,,,steward (n),
6141,stewardship,管理責任、監督,32,C2,,,,,,,,,,stewardship (n),
6142,stick,刺す、乗る、張る,4,B1,,,,,,,,,,stick (push into/attach) v.,
6143,stick,棒、棒切れ、棍棒,4,B1,,,,,,,,,,stick (piece of wood) n.,
6144,stickler,厳格にこだわる人,32,C2,,,,,,,,,,stickler (n),
6145,sticky,泥々、粘り強い、粘い,8,B2,,,,,,,,,,sticky adj.,
6146,stiff,窮屈、強靭、硬い,8,B2,,,,,,,,,,stiff adj.,
6147,stifle,押し殺す、殺す、もみ消す,32,C2,,,,,,,,,,stifle (v),
6148,stigma,汚名、気孔、柱頭,32,C2,,,,,,,,,,stigma (n),
6149,still,依然、閑散、森閑,4,B1,,,,,,,,,,still adj.,
6150,still,凝乎と、矢っ張り、依然,1,A1,,,,,,,,,,still adv.,
6151,stimulate,唆る、助ける、進める,8,B2,,,,,,,,,,stimulate v.,
6152,stimulus,弾み、誘い水、励み,16,C1,,,,,,,,,,stimulus n.,
6153,stint,制限する、期間,32,C2,,,,,,,,,,stint (n),
6154,stipulate,定める、謳う、定む,32,C2,,,,,,,,,,stipulate (v),
6155,stir,混ぜる、身じろぐ、かき回す,16,C1,,,,,,,,,,stir v.,
6156,stock,株、株式、血,8,B2,,,,,,,,,,stock n.,
6157,stoic,ストイック、禁欲主義者、ストア,32,C2,,,,,,,,,,stoic (adj),
6158,stoicism,忍苦、禁欲主義、忍耐力,32,C2,,,,,,,,,,stoicism (n),
6159,stolid,鈍重,32,C2,,,,,,,,,,stolid (adj),
6160,stomach,お腹、胃、胃袋,2,A2,,,,,,,,,,stomach n.,
6161,stone,核、石、礫,2,A2,,,,,,,,,,stone n.,
6162,stop,呼び止める、絞り、差し止める,1,A1,,,,,,,,,,"stop v., n.",
6163,stopgap,一夜造り、繋ぎ、穴埋め,32,C2,,,,,,,,,,stopgap (n),
6164,storage,囲い、格納、記憶,16,C1,,,,,,,,,,storage n.,
6165,store,囲う、仕舞う、書き込む,4,B1,,,,,,,,,,store v.,
6166,store,市肆、商、商家,1,A1,,,,,,,,,,store n.,
6167,storm,大降り、雨あられ、息巻く,2,A2,,,,,,,,,,"storm n., v.",
6168,story,階、講談、小説,1,A1,,,,,,,,,,story n.,
6169,stove,暖炉、窯、ストーブ,2,A2,,,,,,,,,,stove n.,
6170,stowaway,密航者,32,C2,,,,,,,,,,stowaway (n),
6171,straight,直、真っ直ぐ、真直ぐ,2,A2,,,,,,,,,,"straight adv., adj.",
6172,straightforward,明白、正直、単純,16,C1,,,,,,,,,,straightforward adj.,
6173,strain,過労、株、筋違い,16,C1,,,,,,,,,,strain n.,
6174,strand,一糸、織り糸、より線,16,C1,,,,,,,,,,strand n.,
6175,strange,異様、乙、可笑しい,2,A2,,,,,,,,,,strange adj.,
6176,stranger,異邦人、潜り、他国者,4,B1,,,,,,,,,,stranger n.,
6177,stratagem,軍配、計略、権謀,32,C2,,,,,,,,,,stratagem (n),
6178,strategic,戦略的、軍事上、作戦上,16,C1,,,,,,,,,,strategic adj.,
6179,strategist,軍師、兵家、兵学者,32,C2,,,,,,,,,,strategist (n),
6180,strategy,軍学、軍法、軍略,2,A2,,,,,,,,,,strategy n.,
6181,stratification,層別、層化、成層,32,C2,,,,,,,,,,stratification (n),
6182,stratum,階層、層、地層,32,C2,,,,,,,,,,stratum (n),
6183,stream,河水、小川、川,8,B2,,,,,,,,,,stream n.,
6184,street,往来、街、街頭,1,A1,,,,,,,,,,street n.,
6185,strength,英気、強さ、強弱,4,B1,,,,,,,,,,strength n.,
6186,strengthen,強める、固める、伸ばす,8,B2,,,,,,,,,,strengthen v.,
6187,stress,強調、力説、強圧,2,A2,,,,,,,,,,"stress n., v.",
6188,stretch,延べる、差し伸べる、伸す,8,B2,,,,,,,,,,"stretch v., n.",
6189,strict,喧しい、窮屈、堅苦しい,8,B2,,,,,,,,,,strict adj.,
6190,strictly,厳に、厳として、厳,8,B2,,,,,,,,,,strictly adv.,
6191,stricture,狭窄,32,C2,,,,,,,,,,stricture (n),
6192,strident,きんきん,32,C2,,,,,,,,,,strident (adj),
6193,strife,修羅、争い、争闘,32,C2,,,,,,,,,,strife (n),
6194,strike,打ち付ける、引っ叩く、殴り付ける,8,B2,,,,,,,,,,"strike v., n.",
6195,striking,印象的、奇抜、顕著,16,C1,,,,,,,,,,striking adj.,
6196,string,一糸、筋、糸,4,B1,,,,,,,,,,string n.,
6197,stringency,逼迫,32,C2,,,,,,,,,,stringency (n),
6198,stringent,厳重、酷,32,C2,,,,,,,,,,stringent (adj),
6199,strip,はぎ取る、ひん剥く、扱く,16,C1,,,,,,,,,,strip (remove clothes/a layer) v.,
6200,strip,細片、条片、切れ,16,C1,,,,,,,,,,strip (long narrow piece) n.,
6201,strive,努める、励む、足掻く,16,C1,,,,,,,,,,strive v.,
6202,stroke,一打、一打ち、画,8,B2,,,,,,,,,,stroke n.,
6203,strong,頑強、頑丈、強い,1,A1,,,,,,,,,,strong adj.,
6204,stronghold,牙城、堅陣、堅塁,32,C2,,,,,,,,,,stronghold (n),
6205,strongly,芬々、陣々、頻りに,4,B1,,,,,,,,,,strongly adv.,
6206,structural,構造的,16,C1,,,,,,,,,,structural adj.,
6207,structure,規模、建造物、工作物,2,A2,,,,,,,,,,structure n.,
6208,structure,構成、組織、仕組み,8,B2,,,,,,,,,,structure v.,
6209,struggle,藻掻く、苦戦、争奪,8,B2,,,,,,,,,,"struggle v., n.",
6210,student,学究、学習者、学生,1,A1,,,,,,,,,,student n.,
6211,studio,工房、制作室、画房,4,B1,,,,,,,,,,studio n.,
6212,study,遣る、学ぶ、学習,1,A1,,,,,,,,,,"study n., v.",
6213,stuff,詰め込む、突っ込む、埋める,8,B2,,,,,,,,,,stuff v.,
6214,stuff,代物、物、球威,4,B1,,,,,,,,,,stuff n.,
6215,stumble,躓く、閊える、淀む,16,C1,,,,,,,,,,stumble v.,
6216,stun,気絶させる、スタン,16,C1,,,,,,,,,,stun v.,
6217,stunning,圧巻、目の覚めるよう,8,B2,,,,,,,,,,stunning adj.,
6218,stupid,詰らない、迂闊、温い,2,A2,,,,,,,,,,stupid adj.,
6219,stupor,昏迷、喪神、茫然自失,32,C2,,,,,,,,,,stupor (n),
6220,style,格、格調、型,1,A1,,,,,,,,,,style n.,
6221,subconscious,潜在意識、意識下,32,C2,,,,,,,,,,subconscious (n),
6222,subdue,押し殺す、屈する、治める,32,C2,,,,,,,,,,subdue (v),
6223,subject,課題、画題、教科,1,A1,,,,,,,,,,subject n.,
6224,subject,課題、画題、教科,8,B2,,,,,,,,,,subject adj.,
6225,subjugate,従える、平らげる、征く,32,C2,,,,,,,,,,subjugate (v),
6226,sublime,気高い、崇高、壮絶,32,C2,,,,,,,,,,sublime (adj),
6227,submission,往生、帰順、恭順,16,C1,,,,,,,,,,submission n.,
6228,submit,回す、願い出る、供する,8,B2,,,,,,,,,,submit v.,
6229,subordinate,従的、隷属的、従属的,32,C2,,,,,,,,,,subordinate (adj / n),
6230,subordination,従属、他律、隷属,32,C2,,,,,,,,,,subordination (n),
6231,subpoena,召喚、召喚状、証人喚問,32,C2,,,,,,,,,,subpoena (n),
6232,subscriber,愛読者、加入者、予約者,16,C1,,,,,,,,,,subscriber n.,
6233,subscription,応募、加入、出捐,16,C1,,,,,,,,,,subscription n.,
6234,subsequent,次,8,B2,,,,,,,,,,subsequent adj.,
6235,subsequently,事前後、次いで、後に,8,B2,,,,,,,,,,subsequently adv.,
6236,subservience,屈従,32,C2,,,,,,,,,,subservience (n),
6237,subsidy,下付金、交付金、控除,16,C1,,,,,,,,,,subsidy n.,
6238,subsistence,糊口、渡世、存立,32,C2,,,,,,,,,,subsistence (n),
6239,substance,剤、実、実質,4,B1,,,,,,,,,,substance n.,
6240,substantial,具体的、実質的、相当,16,C1,,,,,,,,,,substantial adj.,
6241,substantially,多分に、どっしり、具体的,16,C1,,,,,,,,,,substantially adv.,
6242,substantiate,裏付ける、証拠だてる,32,C2,,,,,,,,,,substantiate (v),
6243,substantiation,実証、立証、裏付け,32,C2,,,,,,,,,,substantiation (n),
6244,substitute,移す、すり替える、取り替える,16,C1,,,,,,,,,,"substitute n., v.",
6245,substitution,交換、身代わり、代,16,C1,,,,,,,,,,substitution n.,
6246,subterfuge,遁辞、言い逃れ,32,C2,,,,,,,,,,subterfuge (n),
6247,subtle,機微、精緻、繊細,16,C1,,,,,,,,,,subtle adj.,
6248,subtlety,小味,32,C2,,,,,,,,,,subtlety (n),
6249,suburb,郊外,8,B2,,,,,,,,,,suburb n.,
6250,suburban,郊外の,16,C1,,,,,,,,,,suburban adj.,
6251,subversion,国家転覆,32,C2,,,,,,,,,,subversion (n),
6252,subversive,破壊分子,32,C2,,,,,,,,,,subversive (adj),
6253,subvert,転覆させる、損なう,32,C2,,,,,,,,,,subvert (v),
6254,subway,地下、地下鉄、サブウェイ,2,A2,,,,,,,,,,subway n.,
6255,succeed,継ぐ、受ける、受け継ぐ,2,A2,,,,,,,,,,succeed v.,
6256,success,一花、効、合格,1,A1,,,,,,,,,,success n.,
6257,successful,佳良、効果的、上手い,2,A2,,,,,,,,,,successful adj.,
6258,successfully,上手く、無事、無事に,4,B1,,,,,,,,,,successfully adv.,
6259,succession,系列、継承、後継,16,C1,,,,,,,,,,succession n.,
6260,successive,続けざま、連続的、累次,16,C1,,,,,,,,,,successive adj.,
6261,successor,家督、継嗣、継承者,16,C1,,,,,,,,,,successor n.,
6262,succinct,簡潔,32,C2,,,,,,,,,,succinct (adj),
6263,succumb,負ける、誘惑に負ける,32,C2,,,,,,,,,,succumb (v),
6264,such,こう言う、そう言う、斯様,2,A2,,,,,,,,,,such det./pron.,
6265,suck,吸う、舐める、しゃぶる,16,C1,,,,,,,,,,suck v.,
6266,sudden,闇雲、急、急激,4,B1,,,,,,,,,,sudden adj.,
6267,suddenly,突然、卒然、忽然,2,A2,,,,,,,,,,suddenly adv.,
6268,sue,訴える、訴人,16,C1,,,,,,,,,,sue v.,
6269,suffer,喫する、苦しむ、苦になる,4,B1,,,,,,,,,,suffer v.,
6270,suffering,苦しみ、苦難、苦悩,8,B2,,,,,,,,,,suffering n.,
6271,sufficiency,充足,32,C2,,,,,,,,,,sufficiency (n),
6272,sufficient,結構、十分、沢山,8,B2,,,,,,,,,,sufficient adj.,
6273,sufficiently,十分、碌に、確り,8,B2,,,,,,,,,,sufficiently adv.,
6274,suffrage,参政権、選挙権、被選挙権,32,C2,,,,,,,,,,suffrage (n),
6275,suffragette,サフラジェット,32,C2,,,,,,,,,,suffragette (n),
6276,sugar,砂糖、糖、青酢,1,A1,,,,,,,,,,sugar n.,
6277,suggest,言い出す、申し出る、申し入れる,2,A2,,,,,,,,,,suggest v.,
6278,suggestion,お勧め、暗示、案,2,A2,,,,,,,,,,suggestion n.,
6279,suicide,自殺、自害、自尽,16,C1,,,,,,,,,,suicide n.,
6280,suit,一重ね、一揃い、一揃え,2,A2,,,,,,,,,,suit n.,
6281,suit,叶う、合う、似合う,4,B1,,,,,,,,,,suit v.,
6282,suitable,好適、似合わしい、手ごろ,4,B1,,,,,,,,,,suitable adj.,
6283,suite,供回り、組曲、一組,16,C1,,,,,,,,,,suite n.,
6284,sullen,渋い、難しい、冴えない,32,C2,,,,,,,,,,sullen (adj),
6285,sum,総計、通算、締める,8,B2,,,,,,,,,,"sum n., v.",
6286,summarize,括る、纏める、摘む,4,B1,,,,,,,,,,summarize v.,
6287,summary,一覧、概括、概要,4,B1,,,,,,,,,,summary n.,
6288,summation,総和、小括,32,C2,,,,,,,,,,summation (n),
6289,summer,夏、九夏、春夏秋冬,1,A1,,,,,,,,,,summer n.,
6290,summit,山の頂、山頂、上,16,C1,,,,,,,,,,summit n.,
6291,summons,喚問、勾引状、口,32,C2,,,,,,,,,,summons (n),
6292,sumptuous,豪奢、豪勢、ゴージャス,32,C2,,,,,,,,,,sumptuous (adj),
6293,sun,お日様、太陽、天道様,1,A1,,,,,,,,,,sun n.,
6294,Sunday,日曜、日曜日、日,1,A1,,,,,,,,,,Sunday n.,
6295,super,目茶苦茶、超がつく、超高,8,B2,,,,,,,,,,super adj.,
6296,superb,圧巻、見事、秀逸,16,C1,,,,,,,,,,superb adj.,
6297,superficial,安価、軽薄、上滑り,32,C2,,,,,,,,,,superficial (adj),
6298,superfluous,余計,32,C2,,,,,,,,,,superfluous (adj),
6299,superintendent,監督、監督者、管理者,16,C1,,,,,,,,,,superintendent n.,
6300,superior,上等、優秀、優良,16,C1,,,,,,,,,,superior adj.,
6301,supermarket,スーパー、スーパーマーケット,1,A1,,,,,,,,,,supermarket n.,
6302,supersede,取って代わる,32,C2,,,,,,,,,,supersede (v),
6303,superstition,迷信、御幣担ぎ、ゲン担ぎ,32,C2,,,,,,,,,,superstition (n),
6304,supervise,取り締まる、検する、督する,16,C1,,,,,,,,,,supervise v.,
6305,supervision,監視、監修、監督,16,C1,,,,,,,,,,supervision n.,
6306,supervisor,監督、監督者、管理者,16,C1,,,,,,,,,,supervisor n.,
6307,supine,仰向けの、消極的な,32,C2,,,,,,,,,,supine (adj),
6308,supplant,取って代わる,32,C2,,,,,,,,,,supplant (v),
6309,supple,曲げ易い、嫋か、柔らかい,32,C2,,,,,,,,,,supple (adj),
6310,supplement,加算、追加、付記,16,C1,,,,,,,,,,"supplement n., v.",
6311,supply,引く、給与、供する,4,B1,,,,,,,,,,"supply n., v.",
6312,support,援助、応援、過ごす,2,A2,,,,,,,,,,"support v., n.",
6313,supporter,後ろ盾、支援者、支持者,4,B1,,,,,,,,,,supporter n.,
6314,supportive,補佐的,16,C1,,,,,,,,,,supportive adj.,
6315,suppose,見受ける、思う、物とする,2,A2,,,,,,,,,,suppose v.,
6316,supposedly,おそらく、〜とされている,16,C1,,,,,,,,,,supposedly adv.,
6317,suppress,飲む、押さえ込む、禁ずる,16,C1,,,,,,,,,,suppress v.,
6318,supremacist,至上主義者,32,C2,,,,,,,,,,supremacist (n),
6319,supremacy,至高、至上、主権,32,C2,,,,,,,,,,supremacy (n),
6320,supreme,最高、至高、シュプリーム,16,C1,,,,,,,,,,supreme adj.,
6321,sure,確実、承知の助、定か,2,A2,,,,,,,,,,sure adv.,
6322,sure,確実、定か、必然,1,A1,,,,,,,,,,sure adj.,
6323,surely,屹度、確かに、正しく,4,B1,,,,,,,,,,surely adv.,
6324,surface,上、上っ側、上っ面,4,B1,,,,,,,,,,surface n.,
6325,surfeit,飽満、食傷,32,C2,,,,,,,,,,surfeit (n),
6326,surge,渦巻く、急増、急騰,16,C1,,,,,,,,,,"surge n., v.",
6327,surgeon,外科医、執刀医、サージャン,8,B2,,,,,,,,,,surgeon n.,
6328,surgery,外科、外科学、手術,8,B2,,,,,,,,,,surgery n.,
6329,surgical,外科の,16,C1,,,,,,,,,,surgical adj.,
6330,surmise,窺う、汲み取る、推す,32,C2,,,,,,,,,,surmise (v),
6331,surmount,乗り越える、潜る,32,C2,,,,,,,,,,surmount (v),
6332,surpass,越す、過ぎる、秀でる,32,C2,,,,,,,,,,surpass (v),
6333,surplus,過剰、過多、黒字,16,C1,,,,,,,,,,surplus n.,
6334,surprise,一驚、吃驚、驚かす,2,A2,,,,,,,,,,"surprise n., v.",
6335,surprised,驚いた,2,A2,,,,,,,,,,surprised adj.,
6336,surprising,案外、意外、恐ろしい,2,A2,,,,,,,,,,surprising adj.,
6337,surrender,下る、陥る、陥落,16,C1,,,,,,,,,,surrender v.,
6338,surreptitious,密か、密やか,32,C2,,,,,,,,,,surreptitious (adj),
6339,surrogate,代理の、代理人,32,C2,,,,,,,,,,surrogate (n),
6340,surround,囲う、囲む、取り囲む,8,B2,,,,,,,,,,surround v.,
6341,surrounding,囲繞、包囲、囲う,8,B2,,,,,,,,,,surrounding adj.,
6342,surveillance,監視、ウォッチドッグ、サーベイランス,16,C1,,,,,,,,,,surveillance n.,
6343,survey,観察、観測、見回す,8,B2,,,,,,,,,,survey v.,
6344,survey,観察、観測、実測,2,A2,,,,,,,,,,survey n.,
6345,survival,残存、生残、生存,8,B2,,,,,,,,,,survival n.,
6346,survive,持つ、助かる、乗り切る,4,B1,,,,,,,,,,survive v.,
6347,survivor,生存者、残存者、生き残り,8,B2,,,,,,,,,,survivor n.,
6348,susceptibility,感受性、感受,32,C2,,,,,,,,,,susceptibility (n),
6349,susceptible,敏感、多感、感じやすい,32,C2,,,,,,,,,,susceptible (adj),
6350,suspect,怪しむ、勘ぐる、感づく,8,B2,,,,,,,,,,"suspect v., n.",
6351,suspend,ぶら下げる、下げる、掛ける,8,B2,,,,,,,,,,suspend v.,
6352,suspension,運休、休み、懸垂,16,C1,,,,,,,,,,suspension n.,
6353,suspicion,疑、疑い、疑り,16,C1,,,,,,,,,,suspicion n.,
6354,suspicious,如何わしい、暗い、可笑しい,16,C1,,,,,,,,,,suspicious adj.,
6355,sustain,支える、受ける、被る,16,C1,,,,,,,,,,sustain v.,
6356,sustainable,持続的、持続可能、サステナブル,8,B2,,,,,,,,,,sustainable adj.,
6357,sustenance,糧,32,C2,,,,,,,,,,sustenance (n),
6358,swallow,飲み下す、飲む、飲み込む,8,B2,,,,,,,,,,swallow v.,
6359,swathe,包む、帯状の部分,32,C2,,,,,,,,,,swathe (n),
6360,swear,契る、固める、誓う,8,B2,,,,,,,,,,swear v.,
6361,sweater,セーター,1,A1,,,,,,,,,,sweater n.,
6362,sweep,渦巻く、洗う、掃く,8,B2,,,,,,,,,,sweep v.,
6363,sweet,可愛らしい、可憐、甘い,2,A2,,,,,,,,,,"sweet adj., n.",
6364,swim,ひと泳ぎ、泳ぐ,4,B1,,,,,,,,,,swim n.,
6365,swim,泳ぐ、ひと泳ぎ,1,A1,,,,,,,,,,swim v.,
6366,swimming,水泳、泳ぎ、遊泳,1,A1,,,,,,,,,,swimming n.,
6367,swindle,詐欺、詐取、如何様,32,C2,,,,,,,,,,swindle (n),
6368,swing,ぶら下がる、ぶら下げる、振り回す,16,C1,,,,,,,,,,"swing v., n.",
6369,switch,すり替える、切り替わる、転向,4,B1,,,,,,,,,,switch v.,
6370,switch,転向、点滅器、入れ毛,8,B2,,,,,,,,,,switch n.,
6371,sword,一刀、剣、刃,16,C1,,,,,,,,,,sword n.,
6372,sycophancy,甘言、色目、追従,32,C2,,,,,,,,,,sycophancy (n),
6373,sycophant,太鼓持ち、胡麻すり、茶坊主,32,C2,,,,,,,,,,sycophant (n),
6374,sycophantic,三損友、損者三友,32,C2,,,,,,,,,,sycophantic (adj),
6375,syllabus,要目、授業計画、講義摘要,32,C2,,,,,,,,,,syllabus (n),
6376,symbiosis,共生、相利共生,32,C2,,,,,,,,,,symbiosis (n),
6377,symbol,印、記号、象徴,2,A2,,,,,,,,,,symbol n.,
6378,symbolic,象徴的、シンボリック、申し訳程度,16,C1,,,,,,,,,,symbolic adj.,
6379,symbolism,寓意、象徴主義、サンボリスム,32,C2,,,,,,,,,,symbolism (n),
6380,sympathetic,粋、情に厚い、シンパセティック,8,B2,,,,,,,,,,sympathetic adj.,
6381,sympathy,哀悼、意気投合、感応,8,B2,,,,,,,,,,sympathy n.,
6382,symposium,座談会、談話会、シンポ,32,C2,,,,,,,,,,symposium (n),
6383,symptom,病徴、兆候、徴,4,B1,,,,,,,,,,symptom n.,
6384,syndicate,企業連合、シンジケート,32,C2,,,,,,,,,,syndicate (n),
6385,syndrome,症候群、シンドローム,16,C1,,,,,,,,,,syndrome n.,
6386,synergy,相乗効果、シナジー,32,C2,,,,,,,,,,synergy (n),
6387,synopsis,解題、概要、筋書き,32,C2,,,,,,,,,,synopsis (n),
6388,synthesis,合成、統合、総合,16,C1,,,,,,,,,,synthesis n.,
6389,system,機関、筋道、筋目,2,A2,,,,,,,,,,system n.,
6390,systematic,規則正しい、規則的、系統的,16,C1,,,,,,,,,,systematic adj.,
6391,table,一覧、一覧表、場,1,A1,,,,,,,,,,table n.,
6392,tableau,タブロー,32,C2,,,,,,,,,,tableau (n),
6393,tablet,錠剤、錠、タブレット,2,A2,,,,,,,,,,tablet n.,
6394,tabloid,小型新聞、タブロイド紙、タブロイド,32,C2,,,,,,,,,,tabloid (n),
6395,taboo,忌み、禁忌、禁物,32,C2,,,,,,,,,,taboo (n),
6396,tacit,暗黙,32,C2,,,,,,,,,,tacit (adj),
6397,taciturn,寡黙、口が重い、口数が少ない,32,C2,,,,,,,,,,taciturn (adj),
6398,tackle,滑車、索具、タックル,16,C1,,,,,,,,,,tackle n.,
6399,tackle,取り組む、挑む、取っ組む,8,B2,,,,,,,,,,tackle v.,
6400,tact,遠慮、機転、巧者,32,C2,,,,,,,,,,tact (n),
6401,tactic,策略、作略、タクティック,16,C1,,,,,,,,,,tactic n.,
6402,tactical,戦術上の,16,C1,,,,,,,,,,tactical adj.,
6403,tactician,軍師、策士、兵家,32,C2,,,,,,,,,,tactician (n),
6404,tag,下げ札、荷札、鬼ごっこ,8,B2,,,,,,,,,,tag n.,
6405,tail,尻尾、尾、尾行,4,B1,,,,,,,,,,tail n.,
6406,taint,汚す、汚点,32,C2,,,,,,,,,,taint (n),
6407,take,飲む、懐く、掛かる,1,A1,,,,,,,,,,take v.,
6408,tale,説話、物語、話,8,B2,,,,,,,,,,tale n.,
6409,talent,器物、器量、技量,4,B1,,,,,,,,,,talent n.,
6410,talented,多才、有為、有能,4,B1,,,,,,,,,,talented adj.,
6411,talisman,護符、札、守り,32,C2,,,,,,,,,,talisman (n),
6412,talk,お喋り、仰る、語らう,1,A1,,,,,,,,,,talk v.,
6413,talk,お喋り、喋り、語り,2,A2,,,,,,,,,,talk n.,
6414,tall,高い、丈長、背が高い,1,A1,,,,,,,,,,tall adj.,
6415,tangential,接線の、本筋から外れた,32,C2,,,,,,,,,,tangential (adj),
6416,tangible,具体、実質、有形,32,C2,,,,,,,,,,tangible (adj),
6417,tank,軍車、戦車、船,8,B2,,,,,,,,,,tank n.,
6418,tantamount,同等の、等しい,32,C2,,,,,,,,,,tantamount (adj),
6419,tantrum,駄々、ギャン泣き,32,C2,,,,,,,,,,tantrum (n),
6420,tap,穿刺、打つ、叩く,8,B2,,,,,,,,,,"tap v., n.",
6421,tape,平打ち、ダビング、テープ,4,B1,,,,,,,,,,tape n.,
6422,target,指示先、狙い所、対象,2,A2,,,,,,,,,,target n.,
6423,target,的を絞る、指示先、狙い所,8,B2,,,,,,,,,,target v.,
6424,tariff,関税、税率、泊り賃,32,C2,,,,,,,,,,tariff (n),
6425,tarnish,曇らす,32,C2,,,,,,,,,,tarnish (v),
6426,task,一仕事、課題、業務,2,A2,,,,,,,,,,task n.,
6427,taskmaster,厳しい監督者,32,C2,,,,,,,,,,taskmaster (n),
6428,taste,噛み分ける、含味、口にする,2,A2,,,,,,,,,,"taste n., v.",
6429,tawdry,安っぽい、チャラチャラ,32,C2,,,,,,,,,,tawdry (adj),
6430,tax,負担をかける、税金、税,4,B1,,,,,,,,,,"tax n., v.",
6431,taxi,円タク、タクシー、タキシー,1,A1,,,,,,,,,,taxi n.,
6432,taxpayer,納税者、納税義務者,16,C1,,,,,,,,,,taxpayer n.,
6433,tea,お茶、玄米茶、茶,1,A1,,,,,,,,,,tea n.,
6434,teach,育てる、教える、仕込む,1,A1,,,,,,,,,,teach v.,
6435,teacher,恩師、教員、教官,1,A1,,,,,,,,,,teacher n.,
6436,teaching,教え、教育、教示,2,A2,,,,,,,,,,teaching n.,
6437,team,軍、組、班,1,A1,,,,,,,,,,team n.,
6438,tear1,裂く、破る、破れる,8,B2,,,,,,,,,,"tear1 v., n.",
6439,tear2,破れ目、涙、裂け目,8,B2,,,,,,,,,,tear2 n.,
6440,technical,技術的、専門的、技巧的,4,B1,,,,,,,,,,technical adj.,
6441,technique,技、技巧、技術,4,B1,,,,,,,,,,technique n.,
6442,technological,技術の、科学技術の,8,B2,,,,,,,,,,technological adj.,
6443,technology,技術、テク、テクノロジー,2,A2,,,,,,,,,,technology n.,
6444,tedious,詰らない、冗長、諄い,32,C2,,,,,,,,,,tedious (adj),
6445,tedium,倦怠、心気、退屈,32,C2,,,,,,,,,,tedium (n),
6446,teen,ティーン,8,B2,,,,,,,,,,"teen n., adj",
6447,teenage,１０代、ティーンエイジ,2,A2,,,,,,,,,,teenage adj.,
6448,teenager,ティーンエイジャー,1,A1,,,,,,,,,,teenager n.,
6449,telepathy,以心伝心、精神感応、念波,32,C2,,,,,,,,,,telepathy (n),
6450,telephone,電話をかける、電話を入れる、電話,1,A1,,,,,,,,,,"telephone n., v.",
6451,television,電視、夜食テロ、ＴＶ,1,A1,,,,,,,,,,television n.,
6452,tell,教える、仰せ付ける、仰る,1,A1,,,,,,,,,,tell v.,
6453,temerity,向こう見ず、猪勇,32,C2,,,,,,,,,,temerity (n),
6454,temperament,人となり、気質、気象,32,C2,,,,,,,,,,temperament (n),
6455,temperance,禁酒、節酒、節制,32,C2,,,,,,,,,,temperance (n),
6456,temperature,温度、体温、熱,2,A2,,,,,,,,,,temperature n.,
6457,tempestuous,激しい、怒涛,32,C2,,,,,,,,,,tempestuous (adj),
6458,temple,伽藍、山、寺,8,B2,,,,,,,,,,temple n.,
6459,tempo,緩急、拍子、調,32,C2,,,,,,,,,,tempo (n),
6460,temporal,時間的,32,C2,,,,,,,,,,temporal (adj),
6461,temporarily,一旦、一朝、仮に,8,B2,,,,,,,,,,temporarily adv.,
6462,temporary,一時的、仮初め、暫定的,8,B2,,,,,,,,,,temporary adj.,
6463,tempt,唆る、唆す、釣る,16,C1,,,,,,,,,,tempt v.,
6464,ten,什、十本、両手,1,A1,,,,,,,,,,ten number,
6465,tenacious,執拗い、頑強、強靭,32,C2,,,,,,,,,,tenacious (adj),
6466,tenacity,スポ根、根気、執念,32,C2,,,,,,,,,,tenacity (n),
6467,tenant,作男、借り手、借り受け人,16,C1,,,,,,,,,,tenant n.,
6468,tend,〜する傾向がある、世話をする,4,B1,,,,,,,,,,tend v.,
6469,tendency,機運、帰趨、気運,8,B2,,,,,,,,,,tendency n.,
6470,tender,細やか、弱い、柔和,16,C1,,,,,,,,,,tender adj.,
6471,tenet,教条、主張、教旨,32,C2,,,,,,,,,,tenet (n),
6472,tennis,硬式テニス、庭球、テニス,1,A1,,,,,,,,,,tennis n.,
6473,tenor,趣、論調、テナー,32,C2,,,,,,,,,,tenor (n),
6474,tension,応力、緊張、緊迫,8,B2,,,,,,,,,,tension n.,
6475,tent,天幕、幕屋、テント,4,B1,,,,,,,,,,tent n.,
6476,tentative,暫定,32,C2,,,,,,,,,,tentative (adj),
6477,tenuous,薄弱な、か細い,32,C2,,,,,,,,,,tenuous (adj),
6478,tenure,在任期間,16,C1,,,,,,,,,,tenure n.,
6479,term,期、期間、期限,2,A2,,,,,,,,,,term n.,
6480,term,名付ける、期、期間,8,B2,,,,,,,,,,term v.,
6481,terminal,終端、上屋、端局,8,B2,,,,,,,,,,terminal n.,
6482,terminal,末期的、終端、上屋,16,C1,,,,,,,,,,terminal adj.,
6483,terminate,切る、極まる,16,C1,,,,,,,,,,terminate v.,
6484,termination,終止、終末、終了,32,C2,,,,,,,,,,termination (n),
6485,terminology,語彙、術語、専門語,32,C2,,,,,,,,,,terminology (n),
6486,terminus,終端、終点,32,C2,,,,,,,,,,terminus (n),
6487,terms,期、期間、期限,8,B2,,,,,,,,,,terms n.,
6488,terrain,地形,16,C1,,,,,,,,,,terrain n.,
6489,terrible,とんでも無い、偉い、恐ろしい,1,A1,,,,,,,,,,terrible adj.,
6490,terribly,如何にも、嫌に、何とも,8,B2,,,,,,,,,,terribly adv.,
6491,terrific,凄い、物凄い、猛烈,16,C1,,,,,,,,,,terrific adj.,
6492,terrify,脅しつける、震駭させる,8,B2,,,,,,,,,,terrify v.,
6493,territory,区域、国土、准州,8,B2,,,,,,,,,,territory n.,
6494,terror,恐怖、震駭、恐怖心,8,B2,,,,,,,,,,terror n.,
6495,terrorism,恐怖政治、脅迫、テロ,8,B2,,,,,,,,,,terrorism n.,
6496,terrorist,テロリスト,8,B2,,,,,,,,,,terrorist n.,
6497,terse,簡明、簡勁,32,C2,,,,,,,,,,terse (adj),
6498,test,考査、試す、試験,1,A1,,,,,,,,,,"test n., v.",
6499,testament,遺言、遺言書、遺言状,32,C2,,,,,,,,,,testament (n),
6500,testify,証,16,C1,,,,,,,,,,testify v.,
6501,testimonial,贈与証書、体験談、表彰状,32,C2,,,,,,,,,,testimonial (n),
6502,testimony,供述、供述書、証,16,C1,,,,,,,,,,testimony n.,
6503,testing,考査、試し、試金石,8,B2,,,,,,,,,,testing n.,
6504,tether,絆,32,C2,,,,,,,,,,tether (n),
6505,text,メール、主文、条文,2,A2,,,,,,,,,,text v.,
6506,text,主文、条文、文,1,A1,,,,,,,,,,text n.,
6507,textbook,教科書、教本、読本,8,B2,,,,,,,,,,textbook n.,
6508,texture,感触、織目、生地,16,C1,,,,,,,,,,texture n.,
6509,than,〜よりも,1,A1,,,,,,,,,,than conj.,
6510,thank,謝する、礼を言う、謝す,1,A1,,,,,,,,,,thank v.,
6511,thankfully,お陰様で、幸いなことに、有難い,16,C1,,,,,,,,,,thankfully adv.,
6512,thanks,感謝、お礼、謝意,1,A1,,,,,,,,,,"thanks exclam., n.",
6513,that,あれ、その、〜ということ,1,A1,,,,,,,,,,"that det., pron., conj.",
6514,that,あれ、その、〜ということ,4,B1,,,,,,,,,,that adv.,
6515,the,その,1,A1,,,,,,,,,,the definite article,
6516,theater,演劇、演舞場、劇場,1,A1,,,,,,,,,,theater n.,
6517,theatrical,演劇的、シアトリカル、芝居気,16,C1,,,,,,,,,,theatrical adj.,
6518,theatricality,芝居っ気,32,C2,,,,,,,,,,theatricality (n),
6519,theft,窃取、窃盗、窃盗罪,8,B2,,,,,,,,,,theft n.,
6520,their,彼らの、それらの,1,A1,,,,,,,,,,their det.,
6521,theirs,彼らのもの,4,B1,,,,,,,,,,theirs pron.,
6522,them,彼ら、彼女ら、上の人,1,A1,,,,,,,,,,them pron.,
6523,theme,課題、画題、楽想,4,B1,,,,,,,,,,theme n.,
6524,themselves,彼ら自身、それら自身,2,A2,,,,,,,,,,themselves pron.,
6525,then,引き続き、この頃、彼,1,A1,,,,,,,,,,then adv.,
6526,theologian,神学者,32,C2,,,,,,,,,,theologian (n),
6527,theology,神学,16,C1,,,,,,,,,,theology n.,
6528,theorem,定理,32,C2,,,,,,,,,,theorem (n),
6529,theoretical,観念的、理論的、セオレティカル,16,C1,,,,,,,,,,theoretical adj.,
6530,theory,学説、原理、原論,4,B1,,,,,,,,,,theory n.,
6531,therapist,療法士、治療者、セラピスト,8,B2,,,,,,,,,,therapist n.,
6532,therapy,治療、療法、療治,8,B2,,,,,,,,,,therapy n.,
6533,there,そこに、そこへ,1,A1,,,,,,,,,,there adv.,
6534,thereafter,その後、以後、以降,16,C1,,,,,,,,,,thereafter adv.,
6535,thereby,それによって,16,C1,,,,,,,,,,thereby adv.,
6536,therefore,それ故に、結果、以て,4,B1,,,,,,,,,,therefore adv.,
6537,thesaurus,類義語辞典、宝典、語史,32,C2,,,,,,,,,,thesaurus (n),
6538,thesis,学位論文、正、命題,8,B2,,,,,,,,,,thesis n.,
6539,they,彼らは、それらは,1,A1,,,,,,,,,,they pron.,
6540,thick,泥々、厚い、厚手,2,A2,,,,,,,,,,thick adj.,
6541,thicket,雑木林、茂み、林,32,C2,,,,,,,,,,thicket (n),
6542,thief,曲者、泥、盗人,2,A2,,,,,,,,,,thief n.,
6543,thin,細い、疎ら、薄い,2,A2,,,,,,,,,,thin adj.,
6544,thing,物、こと,1,A1,,,,,,,,,,thing n.,
6545,think,覚える、考える、存じる,1,A1,,,,,,,,,,think v.,
6546,thinking,考え、思惟、思考,2,A2,,,,,,,,,,thinking n.,
6547,third,三番、第三、三次,1,A1,,,,,,,,,,third number,
6548,third,三番、第三、三次,2,A2,,,,,,,,,,third n.,
6549,thirsty,のどが渇いた,1,A1,,,,,,,,,,thirsty adj.,
6550,thirteen,十三、サーティーン,1,A1,,,,,,,,,,thirteen number,
6551,thirty,３０、サーティー,1,A1,,,,,,,,,,thirty number,
6552,this,これ、この,1,A1,,,,,,,,,,this det./pron.,
6553,this,これ、この,4,B1,,,,,,,,,,this adv.,
6554,thorough,周到、丁寧、徹底的,8,B2,,,,,,,,,,thorough adj.,
6555,thoroughfare,目抜き通り,32,C2,,,,,,,,,,thoroughfare (n),
6556,thoroughly,何処までも、根掘り葉掘り、十分,8,B2,,,,,,,,,,thoroughly adv.,
6557,though,仮令、乍ら、尤も,4,B1,,,,,,,,,,"though conj., adv.",
6558,thought,一考、考え、思惟,2,A2,,,,,,,,,,thought n.,
6559,thoughtful,懇切、細やか、思慮深い,16,C1,,,,,,,,,,thoughtful adj.,
6560,thought-provoking,考えさせられる,16,C1,,,,,,,,,,thought-provoking adj.,
6561,thousand,千、サウザンド,1,A1,,,,,,,,,,thousand number,
6562,thrall,奴隷状態、魅了された状態,32,C2,,,,,,,,,,thrall (n),
6563,thread,一糸、一脈、筋道,16,C1,,,,,,,,,,thread n.,
6564,threat,威嚇、恐喝、脅威,8,B2,,,,,,,,,,threat n.,
6565,threaten,圧倒、脅しつける、脅す,8,B2,,,,,,,,,,threaten v.,
6566,three,三つ、三本、三,1,A1,,,,,,,,,,three number,
6567,threshold,限界点、敷居、閾値,16,C1,,,,,,,,,,threshold n.,
6568,thrift,経済、倹約、節倹,32,C2,,,,,,,,,,thrift (n),
6569,thrilled,刺激、ぞくぞく、わくわく,16,C1,,,,,,,,,,thrilled adj.,
6570,thrive,蔓延る、生い茂る、盛んになる,16,C1,,,,,,,,,,thrive v.,
6571,throat,咽喉、喉、喉元,4,B1,,,,,,,,,,throat n.,
6572,through,通じて、ずぶり、事によって,1,A1,,,,,,,,,,"through prep., adv.",
6573,throughout,一円、至る所、終始,4,B1,,,,,,,,,,throughout prep./adv.,
6574,throw,打ち付ける、陥れる、振る,2,A2,,,,,,,,,,throw v.,
6575,throwback,隔世遺伝,32,C2,,,,,,,,,,throwback (n),
6576,thumb,親指、拇指,8,B2,,,,,,,,,,thumb n.,
6577,Thursday,木曜、木曜日、木金土,1,A1,,,,,,,,,,Thursday n.,
6578,thus,斯う、斯くて、斯く,8,B2,,,,,,,,,,thus adv.,
6579,thwart,阻む、潰す、取り潰す,32,C2,,,,,,,,,,thwart (v),
6580,ticket,券、札、指定券,1,A1,,,,,,,,,,ticket n.,
6581,tide,大勢、潮、潮汐,16,C1,,,,,,,,,,tide n.,
6582,tie,引き分ける、括り付ける、繋ぐ,2,A2,,,,,,,,,,"tie v., n.",
6583,tight,窮屈、苦しい、硬い,4,B1,,,,,,,,,,tight adj.,
6584,tighten,張る、閉まる、締める,16,C1,,,,,,,,,,tighten v.,
6585,till,起こす、金入れ、耕す,4,B1,,,,,,,,,,till conj./prep.,
6586,timber,材木、木、木材,16,C1,,,,,,,,,,timber n.,
6587,timbre,音色、材木、木,32,C2,,,,,,,,,,timbre (n),
6588,time,ひと時、回、間,1,A1,,,,,,,,,,time n.,
6589,time,禁忌、歳月、時期,8,B2,,,,,,,,,,time v.,
6590,timely,適時、タイムリー、ひと時,16,C1,,,,,,,,,,timely adj.,
6591,timidity,及び腰、小心、物怖じ,32,C2,,,,,,,,,,timidity (n),
6592,timing,計時、ひと時、回,8,B2,,,,,,,,,,timing n.,
6593,timorous,臆病な,32,C2,,,,,,,,,,timorous (adj),
6594,tiny,小っぽけ、小さい、小っちゃい,4,B1,,,,,,,,,,tiny adj.,
6595,tip,外れ、最先端、酒代,2,A2,,,,,,,,,,tip n.,
6596,tip,傾ける、通報、助言,4,B1,,,,,,,,,,tip v.,
6597,tipster,予想屋、コーチ屋,32,C2,,,,,,,,,,tipster (n),
6598,tirade,長い非難演説,32,C2,,,,,,,,,,tirade (n),
6599,tire,位、ティア、タイア,4,B1,,,,,,,,,,tire n.,
6600,tired,強い、腕弛い、しんどい,1,A1,,,,,,,,,,tired adj.,
6601,tissue,組織、ティッシュ、ワイプ,8,B2,,,,,,,,,,tissue n.,
6602,titan,修羅、阿修羅、タイタン,32,C2,,,,,,,,,,titan (n),
6603,tithe,什一、十分の一、十分の一税,32,C2,,,,,,,,,,tithe (n),
6604,title,件名、見出し、称,1,A1,,,,,,,,,,title n.,
6605,title,標記、件名、見出し,8,B2,,,,,,,,,,title v.,
6606,tobacco,煙草、忘れ草,16,C1,,,,,,,,,,tobacco n.,
6607,today,本日、今日、今日た,1,A1,,,,,,,,,,"today adv., n.",
6608,toe,指、指先、足の指,4,B1,,,,,,,,,,toe n.,
6609,together,一緒、一緒に、共に,1,A1,,,,,,,,,,together adv.,
6610,toilet,お手洗い、化粧室、手洗い,1,A1,,,,,,,,,,toilet n.,
6611,token,印、札、字句,32,C2,,,,,,,,,,token (n),
6612,tokenism,建前主義、名目主義、トークニズム,32,C2,,,,,,,,,,tokenism (n),
6613,tolerance,雅量、堪忍、寛容,16,C1,,,,,,,,,,tolerance n.,
6614,tolerate,許す、受け付ける、大目に見る,16,C1,,,,,,,,,,tolerate v.,
6615,toll,報酬、通行税、通行料,16,C1,,,,,,,,,,toll n.,
6616,tombstone,墓碑、墓石、石塔,32,C2,,,,,,,,,,tombstone (n),
6617,tome,大著、学術書,32,C2,,,,,,,,,,tome (n),
6618,tomorrow,明日、旦日、トゥモロー,1,A1,,,,,,,,,,"tomorrow adv., n.",
6619,ton,屯、Ｔ,4,B1,,,,,,,,,,ton n.,
6620,tone,音調、格調、含み,8,B2,,,,,,,,,,tone n.,
6621,tongue,舌、弁、実,4,B1,,,,,,,,,,tongue n.,
6622,tonight,今宵、今晩、今夜,1,A1,,,,,,,,,,"tonight adv., n.",
6623,tonnage,船腹、噸数,32,C2,,,,,,,,,,tonnage (n),
6624,too,〜もまた、〜すぎる,1,A1,,,,,,,,,,too adv.,
6625,tool,器具、具、工具,2,A2,,,,,,,,,,tool n.,
6626,tooth,歯、目、歯骨,1,A1,,,,,,,,,,tooth n.,
6627,top,曲独楽、至極、首脳,16,C1,,,,,,,,,,top v.,
6628,top,至極、最も重要、最有力,2,A2,,,,,,,,,,"top n., adj.",
6629,topic,案件、言い草、語り,1,A1,,,,,,,,,,topic n.,
6630,topography,地形、地誌、地勢,32,C2,,,,,,,,,,topography (n),
6631,torment,可愛がる、苛む、苛める,32,C2,,,,,,,,,,torment (n) / torment (v),
6632,tornado,颶風、竜巻、トルネード,32,C2,,,,,,,,,,tornado (n),
6633,torpid,無気力な、鈍い,32,C2,,,,,,,,,,torpid (adj),
6634,torpor,冬眠、嗜眠,32,C2,,,,,,,,,,torpor (n),
6635,torque,トルク,32,C2,,,,,,,,,,torque (n),
6636,torrent,瀬、奔流、迸り,32,C2,,,,,,,,,,torrent (n),
6637,torrid,焼けつくような、熱烈な,32,C2,,,,,,,,,,torrid (adj),
6638,tortuous,曲がりくねった、複雑な,32,C2,,,,,,,,,,tortuous (adj),
6639,torture,苛む、拷問、責める,16,C1,,,,,,,,,,"torture n., v.",
6640,toss,振り立てる、投げる、突き上げる,16,C1,,,,,,,,,,toss v.,
6641,total,見事、全面的、全的,4,B1,,,,,,,,,,"total adj., n.",
6642,total,総計、通算、締める,16,C1,,,,,,,,,,total v.,
6643,totalitarian,全体主義の,32,C2,,,,,,,,,,totalitarian (adj),
6644,totally,如何にも、一向、丸っきり,4,B1,,,,,,,,,,totally adv.,
6645,touch,感触、嫌い、手触り,4,B1,,,,,,,,,,touch n.,
6646,touch,感触、触る、触れる,2,A2,,,,,,,,,,touch v.,
6647,touchstone,試金石,32,C2,,,,,,,,,,touchstone (n),
6648,tough,偉い、頑強、気丈,8,B2,,,,,,,,,,tough adj.,
6649,tour,遠征、見学、周遊,2,A2,,,,,,,,,,tour n.,
6650,tour,遠征、見学、周遊,4,B1,,,,,,,,,,tour v.,
6651,tourism,観光、ツーリズム,2,A2,,,,,,,,,,tourism n.,
6652,tourist,お客さん、お客様、観光客,1,A1,,,,,,,,,,tourist n.,
6653,tournament,大会、勝ち抜き戦、対抗試合,8,B2,,,,,,,,,,tournament n.,
6654,tourniquet,止血帯,32,C2,,,,,,,,,,tourniquet (n),
6655,toward,対、頃、に,2,A2,,,,,,,,,,toward prep.,
6656,towel,手ぬぐい、手拭き、手巾,2,A2,,,,,,,,,,towel n.,
6657,tower,台、塔、楼,2,A2,,,,,,,,,,tower n.,
6658,town,街衢、市井、市街,1,A1,,,,,,,,,,town n.,
6659,toxic,有毒、毒性、毒のある,16,C1,,,,,,,,,,toxic adj.,
6660,toxicity,毒性、毒気、毒質,32,C2,,,,,,,,,,toxicity (n),
6661,toy,玩具、遊び道具、弄び物,2,A2,,,,,,,,,,"toy n., adj.",
6662,trace,一片、欠片、痕跡,16,C1,,,,,,,,,,trace n.,
6663,trace,手繰る、写す、跡づける,8,B2,,,,,,,,,,trace v.,
6664,track,軌道、曲、線,2,A2,,,,,,,,,,track n.,
6665,track,軌道、曲、線,8,B2,,,,,,,,,,track v.,
6666,tract,一帯、小論文、トラクト,32,C2,,,,,,,,,,tract (n),
6667,tractable,与しやすい、御しやすい、扱いやすい,32,C2,,,,,,,,,,tractable (adj),
6668,trade,営業、交易、商売,4,B1,,,,,,,,,,"trade n., v.",
6669,trademark,商標、目印、商標名,16,C1,,,,,,,,,,trademark n.,
6670,tradesman,職人、商人、お店者,32,C2,,,,,,,,,,tradesman (n),
6671,trading,営業、稼業、互市,8,B2,,,,,,,,,,trading n.,
6672,tradition,旧典、旧例、古伝,2,A2,,,,,,,,,,tradition n.,
6673,traditional,固有、正統、伝統的,2,A2,,,,,,,,,,traditional adj.,
6674,traditionalism,伝統主義,32,C2,,,,,,,,,,traditionalism (n),
6675,traffic,往還、往来、交通,1,A1,,,,,,,,,,traffic n.,
6676,trafficker,運び屋,32,C2,,,,,,,,,,trafficker (n),
6677,tragedy,惨劇、惨事、悲劇,8,B2,,,,,,,,,,tragedy n.,
6678,tragic,惨い、惨憺、悲惨,8,B2,,,,,,,,,,tragic adj.,
6679,trail,棚引く、足取り、手がかり,16,C1,,,,,,,,,,"trail n., v.",
6680,trailblazer,先駆者、草分け,32,C2,,,,,,,,,,trailblazer (n),
6681,trailer,予告、予告編、つる植物,16,C1,,,,,,,,,,trailer n.,
6682,train,育てる、育て上げる、慣らす,2,A2,,,,,,,,,,train v.,
6683,train,汽車、裳裾、裾,1,A1,,,,,,,,,,train n.,
6684,trainer,使い、練習機、トレーナー,4,B1,,,,,,,,,,trainer n.,
6685,training,下馴し、匡正、教育,2,A2,,,,,,,,,,training n.,
6686,trait,一癖、気質、習性,8,B2,,,,,,,,,,trait n.,
6687,trajectory,軌道、弾道,32,C2,,,,,,,,,,trajectory (n),
6688,trance,忘我、夢心地、夢中,32,C2,,,,,,,,,,trance (n),
6689,tranquil,安らか、円か、閑寂,32,C2,,,,,,,,,,tranquil (adj),
6690,tranquillity,安らぎ、安穏、安泰,32,C2,,,,,,,,,,tranquillity (n),
6691,transaction,商売、トランザクション、トランズアクション,16,C1,,,,,,,,,,transaction n.,
6692,transcend,超越、立ち越える,32,C2,,,,,,,,,,transcend (v),
6693,transcendence,卓越、超越、超絶,32,C2,,,,,,,,,,transcendence (n),
6694,transcribe,起こす、書き写す、写す,32,C2,,,,,,,,,,transcribe (v),
6695,transcript,写し、謄本、内申書,16,C1,,,,,,,,,,transcript n.,
6696,transfer,異動、移す、移る,8,B2,,,,,,,,,,"transfer v., n.",
6697,transform,化する、変える、変じる,8,B2,,,,,,,,,,transform v.,
6698,transformation,化成、変圧、変化,16,C1,,,,,,,,,,transformation n.,
6699,transgress,反する、犯す,32,C2,,,,,,,,,,transgress (v),
6700,transgression,違背、違反,32,C2,,,,,,,,,,transgression (n),
6701,transient,仮初め、泡沫的、儚い,32,C2,,,,,,,,,,transient (adj),
6702,transit,経過、通過、渡り,16,C1,,,,,,,,,,transit n.,
6703,transition,移行、推移、遷移,8,B2,,,,,,,,,,transition n.,
6704,translate,訳す、訳する、トランスレート,4,B1,,,,,,,,,,translate v.,
6705,translation,換算、講読、平行移動,4,B1,,,,,,,,,,translation n.,
6706,translucent,半透明、玲瓏、トランスルーセント,32,C2,,,,,,,,,,translucent (adj),
6707,transmission,送信、通り、通信,16,C1,,,,,,,,,,transmission n.,
6708,transmit,語り継ぐ、送る、打つ,8,B2,,,,,,,,,,transmit v.,
6709,transparency,ガラス張り、透過性、透明性,16,C1,,,,,,,,,,transparency n.,
6710,transparent,透明、白々しい、透過的,16,C1,,,,,,,,,,transparent adj.,
6711,transport,移送、運び出す、運ぶ,4,B1,,,,,,,,,,transport v.,
6712,transportation,運搬、運輸、交通,2,A2,,,,,,,,,,transportation n.,
6713,trap,引っ掛ける、陥れる、陥穽,8,B2,,,,,,,,,,"trap v., n.",
6714,trash,塵、塵芥、駄作,2,A2,,,,,,,,,,trash n.,
6715,trauma,外傷、トラウマ,16,C1,,,,,,,,,,trauma n.,
6716,travel,移動、走る、旅,1,A1,,,,,,,,,,"travel v., n.",
6717,traveler,旅客、旅行者、旅人,2,A2,,,,,,,,,,traveler n.,
6718,travesty,茶番、ひどいまがい物,32,C2,,,,,,,,,,travesty (n),
6719,treacherous,悪逆無道、陰険、佞姦,32,C2,,,,,,,,,,treacherous (adj),
6720,treachery,異心、変節、野心,32,C2,,,,,,,,,,treachery (n),
6721,treason,悪逆、売国、謀反,32,C2,,,,,,,,,,treason (n),
6722,treasure,財宝、什物、重器,8,B2,,,,,,,,,,treasure n.,
6723,treat,遇う、持て成し、扱う,4,B1,,,,,,,,,,treat v.,
6724,treatise,研究論文、全書、論文,32,C2,,,,,,,,,,treatise (n),
6725,treatment,持て成し、扱い、加工,4,B1,,,,,,,,,,treatment n.,
6726,treaty,条約,16,C1,,,,,,,,,,treaty n.,
6727,tree,樹木、木、一樹,1,A1,,,,,,,,,,tree n.,
6728,tremendous,途轍もない、堪らない、恐ろしい,16,C1,,,,,,,,,,tremendous adj.,
6729,tremor,震動、揺れ、揺,32,C2,,,,,,,,,,tremor (n),
6730,trenchant,峻烈,32,C2,,,,,,,,,,trenchant (adj),
6731,trend,基調、機運、帰趨,4,B1,,,,,,,,,,trend n.,
6732,trepidation,怯え,32,C2,,,,,,,,,,trepidation (n),
6733,trial,開廷、関門、苦難,8,B2,,,,,,,,,,trial n.,
6734,tribal,トライバル,16,C1,,,,,,,,,,tribal adj.,
6735,tribalism,トライバリズム,32,C2,,,,,,,,,,tribalism (n),
6736,tribe,種族、族、部族,8,B2,,,,,,,,,,tribe n.,
6737,tribulation,試練,32,C2,,,,,,,,,,tribulation (n),
6738,tribunal,裁判所、審判機関,32,C2,,,,,,,,,,tribunal (n),
6739,tribune,護民官、トリビューン,32,C2,,,,,,,,,,tribune (n),
6740,tributary,支流、分流、分脈,32,C2,,,,,,,,,,tributary (n),
6741,tribute,哀悼、貢ぎ、貢ぎ物,16,C1,,,,,,,,,,tribute n.,
6742,trick,悪戯、悪巧み、陥れる,4,B1,,,,,,,,,,"trick n., v.",
6743,trickery,権謀術数、如何様、瞞着,32,C2,,,,,,,,,,trickery (n),
6744,trickster,いたずら者、たわけ者、暗者,32,C2,,,,,,,,,,trickster (n),
6745,trifle,一毫、細事、厘毛,32,C2,,,,,,,,,,trifle (n),
6746,trigger,火種、契機、口火,16,C1,,,,,,,,,,trigger n.,
6747,trigger,起こす、火種、契機,8,B2,,,,,,,,,,trigger v.,
6748,trillion,兆,8,B2,,,,,,,,,,trillion number,
6749,trilogy,三部作,32,C2,,,,,,,,,,trilogy (n),
6750,trinket,安ぴか、ストーン,32,C2,,,,,,,,,,trinket (n),
6751,trio,三羽烏、三人組、ピン芸人,16,C1,,,,,,,,,,trio n.,
6752,trip,遠出、遠足、お出かけ,1,A1,,,,,,,,,,trip n.,
6753,trip,遠出、遠足、旅,8,B2,,,,,,,,,,trip v.,
6754,trite,月並み、古臭い、平俗,32,C2,,,,,,,,,,trite (adj),
6755,triumph,勝利、得意、勝ち誇る,16,C1,,,,,,,,,,triumph n.,
6756,troop,一団、中隊、一行,8,B2,,,,,,,,,,troop n.,
6757,trophy,獲物、賞品、賞杯,16,C1,,,,,,,,,,trophy n.,
6758,tropical,トロピカル,8,B2,,,,,,,,,,tropical adj.,
6759,trouble,間違い、苦境、苦心,2,A2,,,,,,,,,,trouble n.,
6760,trouble,苦しめる、苦心、苦労,8,B2,,,,,,,,,,trouble v.,
6761,troubled,騒がしい、物騒、崎嶇,16,C1,,,,,,,,,,troubled adj.,
6762,troupe,一座、一団、軍,32,C2,,,,,,,,,,troupe (n),
6763,truck,貨物自動車、台車、トラック,1,A1,,,,,,,,,,truck n.,
6764,truculent,獰猛,32,C2,,,,,,,,,,truculent (adj),
6765,trudge,とぼとぼ歩く,32,C2,,,,,,,,,,trudge (n),
6766,TRUE,忠実、純粋、真正,1,A1,,,,,,,,,,true adj.,
6767,truism,自明の理,32,C2,,,,,,,,,,truism (n),
6768,truly,如何にも、蓋し、実際,8,B2,,,,,,,,,,truly adv.,
6769,truncate,切り捨てる,32,C2,,,,,,,,,,truncate (v),
6770,trust,委託、許す、見込む,8,B2,,,,,,,,,,"trust n., v.",
6771,trustee,商議員、評議員、保管人,16,C1,,,,,,,,,,trustee n.,
6772,trusteeship,信託統治,32,C2,,,,,,,,,,trusteeship (n),
6773,truth,一義、事実、実,4,B1,,,,,,,,,,truth n.,
6774,try,為す、一発、努める,1,A1,,,,,,,,,,try v.,
6775,try,一発、挑戦、アタック,8,B2,,,,,,,,,,try n.,
6776,T-shirt,Ｔシャツ,1,A1,,,,,,,,,,T-shirt n.,
6777,tsunami,津波、地震津波、海嘯,8,B2,,,,,,,,,,tsunami n.,
6778,tube,筒、管、チューブ,4,B1,,,,,,,,,,tube n.,
6779,Tuesday,火曜、火曜日、火木金,1,A1,,,,,,,,,,Tuesday n.,
6780,tuition,学費、傅育,16,C1,,,,,,,,,,tuition n.,
6781,tumor,腫、腫瘍、新生物,16,C1,,,,,,,,,,tumor n.,
6782,tumult,喧々囂々、喧騒、大騒ぎ,32,C2,,,,,,,,,,tumult (n),
6783,tumultuous,喧々諤々、怒涛、やんや,32,C2,,,,,,,,,,tumultuous (adj),
6784,tundra,原、凍原、ツンドラ,32,C2,,,,,,,,,,tundra (n),
6785,tune,一曲、音調、歌曲,8,B2,,,,,,,,,,tune n.,
6786,tunnel,横穴、坑道、隧道,8,B2,,,,,,,,,,tunnel n.,
6787,turbulence,激動、乱気流、乱流,32,C2,,,,,,,,,,turbulence (n),
6788,turbulent,騒がしい、不穏、騒々しい,32,C2,,,,,,,,,,turbulent (adj),
6789,turmoil,渦中、激動、混迷,32,C2,,,,,,,,,,turmoil (n),
6790,turn,遣る、為る、回す,1,A1,,,,,,,,,,"turn v., n.",
6791,turncoat,裏切り者、蝙蝠、内股膏薬,32,C2,,,,,,,,,,turncoat (n),
6792,turnout,出足、人出、賑わい,16,C1,,,,,,,,,,turnout n.,
6793,turnover,商い、売り上げ、取引高,16,C1,,,,,,,,,,turnover n.,
6794,turpitude,卑劣さ、堕落,32,C2,,,,,,,,,,turpitude (n),
6795,tutelage,師門、訓導,32,C2,,,,,,,,,,tutelage (n),
6796,TV,ＴＶ、テレビ、ヌードル,1,A1,,,,,,,,,,TV n.,
6797,twelve,十二、トゥエルブ,1,A1,,,,,,,,,,twelve number,
6798,twenty,二十歳、２０、ベンティ,1,A1,,,,,,,,,,twenty number,
6799,twice,再度、又と、二回,1,A1,,,,,,,,,,twice adv.,
6800,twilight,日暮れ、薄明、夕闇,32,C2,,,,,,,,,,twilight (n),
6801,twin,双子、ツイン,2,A2,,,,,,,,,,"twin n., adj.",
6802,twist,回す、曲がる、曲げる,16,C1,,,,,,,,,,"twist v., n.",
6803,two,二、二つ、両者,1,A1,,,,,,,,,,two number,
6804,tycoon,王,32,C2,,,,,,,,,,tycoon (n),
6805,type,型、口、字体,1,A1,,,,,,,,,,type n.,
6806,type,打つ、代表、型,4,B1,,,,,,,,,,type v.,
6807,typhoon,颶風、台風、野分き,32,C2,,,,,,,,,,typhoon (n),
6808,typical,一般的、典型的、本格的,2,A2,,,,,,,,,,typical adj.,
6809,typically,典型的に、通常,4,B1,,,,,,,,,,typically adv.,
6810,tyranny,圧制、横暴、苛政,32,C2,,,,,,,,,,tyranny (n),
6811,tyrant,圧制者、暴君、僭主,32,C2,,,,,,,,,,tyrant (n),
6812,ubiquitous,普遍的、ユビキタス、普遍,32,C2,,,,,,,,,,ubiquitous (adj),
6813,ubiquity,普遍性、遍在,32,C2,,,,,,,,,,ubiquity (n),
6814,ugly,悪い、格好の悪い、かっこ悪い,4,B1,,,,,,,,,,ugly adj.,
6815,ultimate,最終的、究極的、究極,8,B2,,,,,,,,,,ultimate adj.,
6816,ultimately,結局、到頭、詰まり,8,B2,,,,,,,,,,ultimately adv.,
6817,ultimatum,最後通牒、最後通告,32,C2,,,,,,,,,,ultimatum (n),
6818,umbrage,立腹、不快感,32,C2,,,,,,,,,,umbrage (n),
6819,umbrella,傘、蝙蝠、こうもり傘,1,A1,,,,,,,,,,umbrella n.,
6820,umpire,審判、審判役、審判員,32,C2,,,,,,,,,,umpire (n),
6821,unable,敵わない、不能,4,B1,,,,,,,,,,unable adj.,
6822,unacceptable,不適正、ＯＵＴ、無し,8,B2,,,,,,,,,,unacceptable adj.,
6823,unanimity,同心、満場一致、全員一致,32,C2,,,,,,,,,,unanimity (n),
6824,unanimous,全会一致,32,C2,,,,,,,,,,unanimous (adj),
6825,uncertainty,疑い、疑り、不安心,8,B2,,,,,,,,,,uncertainty n.,
6826,uncle,弟小父、伯父、伯父貴,1,A1,,,,,,,,,,uncle n.,
6827,uncomfortable,気詰まり、窮屈、難しい,4,B1,,,,,,,,,,uncomfortable adj.,
6828,unconscious,無意識、無自覚、無意識的,8,B2,,,,,,,,,,unconscious adj.,
6829,unconstitutional,憲法違反の,16,C1,,,,,,,,,,unconstitutional adj.,
6830,unctuous,お世辞たらたら,32,C2,,,,,,,,,,unctuous (adj),
6831,undaunted,豪気、毅然、びくともしない,32,C2,,,,,,,,,,undaunted (adj),
6832,under,〜の下に,1,A1,,,,,,,,,,"under prep., adv.",
6833,undercurrent,暗流、底流、暗潮,32,C2,,,,,,,,,,undercurrent (n),
6834,underdog,負け犬,32,C2,,,,,,,,,,underdog (n),
6835,undergo,経る、受ける、踏む,8,B2,,,,,,,,,,undergo v.,
6836,undergraduate,学部、学部生、学部学生,16,C1,,,,,,,,,,undergraduate n.,
6837,underground,地下、土中、地中,2,A2,,,,,,,,,,"underground adj., adv.",
6838,underling,下っ端、下役、軽輩,32,C2,,,,,,,,,,underling (n),
6839,underlying,通底,16,C1,,,,,,,,,,underlying adj.,
6840,undermine,蝕む、突き崩す、掘り崩す,16,C1,,,,,,,,,,undermine v.,
6841,underpinning,下支え、アンダーピニング,32,C2,,,,,,,,,,underpinning (n),
6842,understand,うかがい知る、噛み分ける、含む,1,A1,,,,,,,,,,understand v.,
6843,understanding,窺知、会得、解明,2,A2,,,,,,,,,,understanding n.,
6844,understatement,控えめな表現,32,C2,,,,,,,,,,understatement (n),
6845,understudy,代役、代役を務める,32,C2,,,,,,,,,,understudy (n),
6846,undertake,遣る、企てる、取り付く,8,B2,,,,,,,,,,undertake v.,
6847,undertaker,葬儀屋,32,C2,,,,,,,,,,undertaker (n),
6848,undertaking,着手、企て、引き受け,32,C2,,,,,,,,,,undertaking (n),
6849,undertone,低調、地合い、アンダートーン,32,C2,,,,,,,,,,undertone (n),
6850,underwear,下着、肌着、襯衣,4,B1,,,,,,,,,,underwear n.,
6851,underworld,悪の巷、黄泉、黄土,32,C2,,,,,,,,,,underworld (n),
6852,underwriter,引受人、査定者、アンダーライター,32,C2,,,,,,,,,,underwriter (n),
6853,undoing,帳消し、取り返し、アンドゥ,32,C2,,,,,,,,,,undoing (n),
6854,undoubtedly,屹度、正しく、大丈夫,16,C1,,,,,,,,,,undoubtedly adv.,
6855,unease,引っ掛かり,32,C2,,,,,,,,,,unease (n),
6856,unemployed,遊民、無職、浪々,4,B1,,,,,,,,,,unemployed adj.,
6857,unemployment,失業,4,B1,,,,,,,,,,unemployment n.,
6858,unenviable,うらやましくない、好ましくない,32,C2,,,,,,,,,,unenviable (adj),
6859,unequivocal,一義的、明快,32,C2,,,,,,,,,,unequivocal (adj),
6860,unexpected,案外、意外、意想外,8,B2,,,,,,,,,,unexpected adj.,
6861,unfair,汚らわしい、姑息、卑怯,4,B1,,,,,,,,,,unfair adj.,
6862,unfathomable,計り知れない、深遠、千万無量,32,C2,,,,,,,,,,unfathomable (adj),
6863,unfold,開く、繰り広げる、広げる,8,B2,,,,,,,,,,unfold v.,
6864,unfortunate,因果、気の毒、残念,8,B2,,,,,,,,,,unfortunate adj.,
6865,unfortunately,生憎、折り悪く、折悪しく,2,A2,,,,,,,,,,unfortunately adv.,
6866,unhappy,惨め、悲しい、不愉快,2,A2,,,,,,,,,,unhappy adj.,
6867,unification,一元化、一体化、一統,32,C2,,,,,,,,,,unification (n),
6868,uniform,一定、一様、一律,2,A2,,,,,,,,,,uniform n.,
6869,uniformity,均一、均整、均等,32,C2,,,,,,,,,,uniformity (n),
6870,unify,纏める、一元管理、ユニファイ,16,C1,,,,,,,,,,unify v.,
6871,union,一致、結び、結合,4,B1,,,,,,,,,,union n.,
6872,unique,異色、一意、個性的,8,B2,,,,,,,,,,unique adj.,
6873,unison,協心、同音、ユニゾン,32,C2,,,,,,,,,,unison (n),
6874,unit,位取り、単位、部隊,2,A2,,,,,,,,,,unit n.,
6875,unite,一緒にする、結ぶ、合う,8,B2,,,,,,,,,,unite v.,
6876,united,統一的、一丸となって、一緒にする,2,A2,,,,,,,,,,united adj.,
6877,unity,一体、結束、兼併,8,B2,,,,,,,,,,unity n.,
6878,universal,一般、世界的、普遍的,8,B2,,,,,,,,,,universal adj.,
6879,universality,一味、普遍性、世界性,32,C2,,,,,,,,,,universality (n),
6880,universe,一天四海、宇宙、乾坤,8,B2,,,,,,,,,,universe n.,
6881,university,大学、総合大学、新制大学,1,A1,,,,,,,,,,university n.,
6882,unknown,見知らぬ、知らない、不詳,8,B2,,,,,,,,,,unknown adj.,
6883,unless,限り、無ければ、無きゃ,4,B1,,,,,,,,,,unless conj.,
6884,unlike,似気無い、異なり、に引き換え,4,B1,,,,,,,,,,unlike prep.,
6885,unlikely,似気無い、暗い、怪しい,4,B1,,,,,,,,,,unlikely adj.,
6886,unnecessary,不必要、無用、余計,4,B1,,,,,,,,,,unnecessary adj.,
6887,unpalatable,食べにくい、不味い,32,C2,,,,,,,,,,unpalatable (adj),
6888,unpleasant,忌まわしい、気まずい、苦しい,4,B1,,,,,,,,,,unpleasant adj.,
6889,unprecedented,異例、破格、破天荒,16,C1,,,,,,,,,,unprecedented adj.,
6890,unpretentious,庶民的、柔婉、ナイーブ,32,C2,,,,,,,,,,unpretentious (adj),
6891,unremitting,不断,32,C2,,,,,,,,,,unremitting (adj),
6892,unrivalled,無敵、比を見ない、冠たる,32,C2,,,,,,,,,,unrivalled (adj),
6893,unruly,野放図、腕白、荒ぶる,32,C2,,,,,,,,,,unruly (adj),
6894,unsullied,潔い,32,C2,,,,,,,,,,unsullied (adj),
6895,untenable,維持できない、擁護できない,32,C2,,,,,,,,,,untenable (adj),
6896,unthinkable,とんでも無い、心外、問題外,32,C2,,,,,,,,,,unthinkable (adj),
6897,until,迄、までなら,1,A1,,,,,,,,,,until conj./prep.,
6898,untrodden,前人未到、未踏,32,C2,,,,,,,,,,untrodden (adj),
6899,unusual,異色、異例、何時に無い,2,A2,,,,,,,,,,unusual adj.,
6900,unveil,発表する、明らかにする,16,C1,,,,,,,,,,unveil v.,
6901,unwieldy,かさ高、かさ高い,32,C2,,,,,,,,,,unwieldy (adj),
6902,unwitting,知らずにした、無意識の,32,C2,,,,,,,,,,unwitting (adj),
6903,up,上へ,1,A1,,,,,,,,,,"up adv., prep.",
6904,upbraid,叱責する、非難する,32,C2,,,,,,,,,,upbraid (v),
6905,upcoming,今度の、近づいている,16,C1,,,,,,,,,,upcoming adj.,
6906,update,更新、沙汰、修正,4,B1,,,,,,,,,,"update v., n.",
6907,upgrade,グレードアップ、上り勾配、アップグレード,16,C1,,,,,,,,,,"upgrade v., n.",
6908,upheaval,激動、地殻変動、動乱,32,C2,,,,,,,,,,upheaval (n),
6909,uphold,支持する、維持する,16,C1,,,,,,,,,,uphold v.,
6910,upkeep,営繕,32,C2,,,,,,,,,,upkeep (n),
6911,upon,次第、上、アポン,4,B1,,,,,,,,,,upon prep.,
6912,upper,高層、松竹梅、上,8,B2,,,,,,,,,,upper adj.,
6913,uprising,一揆、事変、反乱,32,C2,,,,,,,,,,uprising (n),
6914,uproar,騒ぎ、騒動、大騒ぎ,32,C2,,,,,,,,,,uproar (n),
6915,uproarious,喧々囂々、騒然、喧々諤々,32,C2,,,,,,,,,,uproarious (adj),
6916,upset,逸らす、かき乱す、覆す,4,B1,,,,,,,,,,"upset adj., v.",
6917,upshot,結末、結果,32,C2,,,,,,,,,,upshot (n),
6918,upstairs,二階、階上、ＵＰ,1,A1,,,,,,,,,,upstairs adv.,
6919,upstairs,二階、階上、ＵＰ,2,A2,,,,,,,,,,upstairs adj.,
6920,upsurge,高揚、高まり,32,C2,,,,,,,,,,upsurge (n),
6921,upturn,硬化、上り坂、上向,32,C2,,,,,,,,,,upturn (n),
6922,upward,上,8,B2,,,,,,,,,,upward adv.,
6923,urban,都会的、都市、都会派,8,B2,,,,,,,,,,urban adj.,
6924,urbane,洒脱、アーベイン,32,C2,,,,,,,,,,urbane (adj),
6925,urge,押す、駆り立てる、衝動,8,B2,,,,,,,,,,urge v.,
6926,urgency,火急、急、急切,32,C2,,,,,,,,,,urgency (n),
6927,urgent,急、緊要、切実,8,B2,,,,,,,,,,urgent adj.,
6928,us,私たちを、私たちに,1,A1,,,,,,,,,,us pron.,
6929,usage,古格、語法、使い,8,B2,,,,,,,,,,usage n.,
6930,use,運ぶ、回す、掛ける,1,A1,,,,,,,,,,use v.,
6931,use,効用、甲斐、行使,2,A2,,,,,,,,,,use n.,
6932,used,古、使用済み、中古,2,A2,,,,,,,,,,used modal v.,
6933,used1,古、使用済み、中古,4,B1,,,,,,,,,,used1 adj.,
6934,used2,古、使用済み、中古,4,B1,,,,,,,,,,used2 adj.,
6935,useful,実用的、便利、有意義,1,A1,,,,,,,,,,useful adj.,
6936,useless,詰らない、迂遠、下らない,8,B2,,,,,,,,,,useless adj.,
6937,user,使い、使い手、使用者,2,A2,,,,,,,,,,user n.,
6938,usher,廷吏、案内者、アッシャー,32,C2,,,,,,,,,,usher (n),
6939,usual,一様、慣例的、尋常,2,A2,,,,,,,,,,usual adj.,
6940,usually,常時、大概、大抵,1,A1,,,,,,,,,,usually adv.,
6941,usurp,乗っ取る、乗り取る,32,C2,,,,,,,,,,usurp (v),
6942,usurpation,横取り、横領、奪取,32,C2,,,,,,,,,,usurpation (n),
6943,utensil,器具、器物、什器,32,C2,,,,,,,,,,utensil (n),
6944,utilitarianism,功利主義、実利主義、ユーティリタリアニズム,32,C2,,,,,,,,,,utilitarianism (n),
6945,utility,効用、使い勝手、使い道,16,C1,,,,,,,,,,utility n.,
6946,utilize,用いる、用うる,16,C1,,,,,,,,,,utilize v.,
6947,utmost,極度、最善、全幅,32,C2,,,,,,,,,,utmost (adj),
6948,utopia,黄金世界、武陵桃源、理想郷,32,C2,,,,,,,,,,utopia (n),
6949,utopianism,空想的理想主義,32,C2,,,,,,,,,,utopianism (n),
6950,utterance,発言、発声、発話,32,C2,,,,,,,,,,utterance (n),
6951,utterly,純然、熟、到底,16,C1,,,,,,,,,,utterly adv.,
6952,vacancy,空き部屋、空位、空虚,32,C2,,,,,,,,,,vacancy (n),
6953,vacation,休み、有給、暇,1,A1,,,,,,,,,,vacation n.,
6954,vacillate,揺れ動く、揺蕩う,32,C2,,,,,,,,,,vacillate (v),
6955,vacillation,因循、不決断、優柔不断,32,C2,,,,,,,,,,vacillation (n),
6956,vacuous,空虚な、ばかな,32,C2,,,,,,,,,,vacuous (adj),
6957,vacuum,空、空白、真空,16,C1,,,,,,,,,,vacuum n.,
6958,vagary,粋狂,32,C2,,,,,,,,,,vagary (n),
6959,vagrant,プー太郎、浮浪者、放浪者,32,C2,,,,,,,,,,vagrant (n),
6960,vague,何方付かず、空漠、いい加減,16,C1,,,,,,,,,,vague adj.,
6961,vain,虚しい、無益、味気ない,32,C2,,,,,,,,,,vain (adj),
6962,valid,妥当、有効、合式,8,B2,,,,,,,,,,valid adj.,
6963,validate,有効にする、正当性を確認する,32,C2,,,,,,,,,,validate (v),
6964,validity,効力、合法性、正当性,16,C1,,,,,,,,,,validity n.,
6965,valley,渓谷、沢、谷間,2,A2,,,,,,,,,,valley n.,
6966,valour,武勇、勇気、勇武,32,C2,,,,,,,,,,valour (n),
6967,valuable,価値高い、貴重、高価,4,B1,,,,,,,,,,valuable adj.,
6968,valuation,価額、値積もり、評価,32,C2,,,,,,,,,,valuation (n),
6969,value,価格、価値、質,4,B1,,,,,,,,,,value n.,
6970,value,惜しむ、踏む、買う,8,B2,,,,,,,,,,value v.,
6971,van,貨車、急先鋒、小型トラック,8,B2,,,,,,,,,,van n.,
6972,vandal,破壊者,32,C2,,,,,,,,,,vandal (n),
6973,vandalism,公共物汚損、荒らし、バンダリズム,32,C2,,,,,,,,,,vandalism (n),
6974,vanguard,一陣、先遣部隊、先手,32,C2,,,,,,,,,,vanguard (n),
6975,vanish,姿を消す、失せる、消える,16,C1,,,,,,,,,,vanish v.,
6976,vanity,虚栄、衒気、見栄,32,C2,,,,,,,,,,vanity (n),
6977,vanquish,屠る,32,C2,,,,,,,,,,vanquish (v),
6978,vanquished,打ち負かされた,32,C2,,,,,,,,,,vanquished (adj),
6979,vapid,没趣味,32,C2,,,,,,,,,,vapid (adj),
6980,variable,可変、変数、変量,16,C1,,,,,,,,,,"variable n., adj.",
6981,variance,分散,32,C2,,,,,,,,,,variance (n),
6982,variation,差、相違、偏差,8,B2,,,,,,,,,,variation n.,
6983,varied,数奇、多様、様々,16,C1,,,,,,,,,,varied adj.,
6984,variegated,多彩、斑入り,32,C2,,,,,,,,,,variegated (adj),
6985,variety,一種、種、種類,2,A2,,,,,,,,,,variety n.,
6986,various,千草、多種、色々,4,B1,,,,,,,,,,various adj.,
6987,vary,異なる、違う、動く,8,B2,,,,,,,,,,vary v.,
6988,vast,空漠、広い、広大,8,B2,,,,,,,,,,vast adj.,
6989,vastness,広闊,32,C2,,,,,,,,,,vastness (n),
6990,vault,円蓋、金庫、吹き抜け,32,C2,,,,,,,,,,vault (n),
6991,ve(n),要確認,32,C2,,,,,,,,,,ve(n) / ve(v),
6992,vegetable,実、野菜、植物性,1,A1,,,,,,,,,,vegetable n.,
6993,vehemence,激烈、激甚,32,C2,,,,,,,,,,vehemence (n),
6994,vehemently,激しく、熱烈に,32,C2,,,,,,,,,,vehemently (adv),
6995,vehicle,車、媒介物、乗り物,2,A2,,,,,,,,,,vehicle n.,
6996,vein,一脈、筋、血管,16,C1,,,,,,,,,,vein n.,
6997,velocity,速さ、速度、速力度,32,C2,,,,,,,,,,velocity (n),
6998,velvet,天鵞絨、ベルベット,32,C2,,,,,,,,,,velvet (n),
6999,venal,算盤ずく,32,C2,,,,,,,,,,venal (adj),
7000,vendetta,血の復讐、長期の抗争,32,C2,,,,,,,,,,vendetta (n),
7001,veneer,化粧張り、上張り、薄板,32,C2,,,,,,,,,,veneer (n),
7002,venerable,上、翁、由緒ある,32,C2,,,,,,,,,,venerable (adj),
7003,veneration,恭敬、尊崇、敬い,32,C2,,,,,,,,,,veneration (n),
7004,vengeance,仇討ち、敵討ち,32,C2,,,,,,,,,,vengeance (n),
7005,venom,毒液,32,C2,,,,,,,,,,venom (n),
7006,vent,出口、通気孔、はけ口,32,C2,,,,,,,,,,vent (n),
7007,venture,冒す、冒険、試み,16,C1,,,,,,,,,,"venture n., v.",
7008,venue,会場、開催地、出入り禁止,8,B2,,,,,,,,,,venue n.,
7009,veracity,真偽,32,C2,,,,,,,,,,veracity (n),
7010,verbal,口頭,16,C1,,,,,,,,,,verbal adj.,
7011,verbatim,一字一句、逐語的、言葉通り,32,C2,,,,,,,,,,verbatim (adv),
7012,verbose,冗長、諄い、諄諄しい,32,C2,,,,,,,,,,verbose (adj),
7013,verdant,緑豊か、青々,32,C2,,,,,,,,,,verdant (adj),
7014,verdict,沙汰、裁き、宣告,16,C1,,,,,,,,,,verdict n.,
7015,verge,外れ、際、土俵際,32,C2,,,,,,,,,,verge (n),
7016,verification,奥書、確認、検証,32,C2,,,,,,,,,,verification (n),
7017,verify,明かす、糺す、聞きただす,16,C1,,,,,,,,,,verify v.,
7018,verisimilitude,真実らしさ,32,C2,,,,,,,,,,verisimilitude (n),
7019,vermin,害虫、害鳥、ばい菌,32,C2,,,,,,,,,,vermin (n),
7020,vernacular,現地語、土地言葉、日常語,32,C2,,,,,,,,,,vernacular (n),
7021,versatility,三面六臂、万芸、融通,32,C2,,,,,,,,,,versatility (n),
7022,verse,一連、韻文、句,16,C1,,,,,,,,,,verse n.,
7023,version,稿、版、訳文,4,B1,,,,,,,,,,version n.,
7024,versus,対、ＶＳ,16,C1,,,,,,,,,,versus conj.,
7025,vertex,頂点、天頂、頭頂,32,C2,,,,,,,,,,vertex (n),
7026,vertical,鉛直、垂直、バーチカル,8,B2,,,,,,,,,,vertical adj.,
7027,vertigo,目眩、立ちくらみ、暈倒病,32,C2,,,,,,,,,,vertigo (n),
7028,verve,生気,32,C2,,,,,,,,,,verve (n),
7029,very,とても,1,A1,,,,,,,,,,very adv.,
7030,very,とても,8,B2,,,,,,,,,,very adj.,
7031,vessel,器、船舶、容器,16,C1,,,,,,,,,,vessel n.,
7032,vestige,痕跡、事跡、跡形,32,C2,,,,,,,,,,vestige (n),
7033,veteran,郷軍、古株、古豪,16,C1,,,,,,,,,,veteran n.,
7034,vexatious,煩雑、煩瑣,32,C2,,,,,,,,,,vexatious (adj),
7035,via,事によって、通じて、事により,8,B2,,,,,,,,,,via prep.,
7036,viability,実行可能性、生存能力,32,C2,,,,,,,,,,viability (n),
7037,viable,実行可能な、生存可能な,16,C1,,,,,,,,,,viable adj.,
7038,vibrant,瑞々しい、鮮やか,16,C1,,,,,,,,,,vibrant adj.,
7039,vicarious,代理の、追体験の,32,C2,,,,,,,,,,vicarious (adj),
7040,vice,悪事、悪習、悪徳,16,C1,,,,,,,,,,vice n.,
7041,vicinity,界隈、近く、近辺,32,C2,,,,,,,,,,vicinity (n),
7042,vicious,悪どい、悪質、悪辣,16,C1,,,,,,,,,,vicious adj.,
7043,vicissitude,転変,32,C2,,,,,,,,,,vicissitude (n),
7044,victim,餌食、犠牲、犠牲者,4,B1,,,,,,,,,,victim n.,
7045,victor,勝者、勝利者、優勝者,32,C2,,,,,,,,,,victor (n),
7046,victory,凱歌、刻、勝訴,8,B2,,,,,,,,,,victory n.,
7047,video,映像、動画、動画像,1,A1,,,,,,,,,,video n.,
7048,view,意見、煙霞、見晴らし,2,A2,,,,,,,,,,view n.,
7049,view,意見、観ずる、見る,4,B1,,,,,,,,,,view v.,
7050,viewer,視聴者、受け手、見物客,4,B1,,,,,,,,,,viewer n.,
7051,viewpoint,看点、見方、点,8,B2,,,,,,,,,,viewpoint n.,
7052,vigil,半通夜,32,C2,,,,,,,,,,vigil (n),
7053,vigilance,警戒、不寝番、ヴィジランス,32,C2,,,,,,,,,,vigilance (n),
7054,vigilante,自警団員,32,C2,,,,,,,,,,vigilante (n),
7055,vigour,威勢、英気、気勢,32,C2,,,,,,,,,,vigour (n),
7056,vile,卑しい,32,C2,,,,,,,,,,vile (adj),
7057,vilification,悪罵、罵倒、謗り,32,C2,,,,,,,,,,vilification (n),
7058,vilify,血祭りにあげる,32,C2,,,,,,,,,,vilify (v),
7059,village,集落、村、裏山,2,A2,,,,,,,,,,village n.,
7060,villain,悪、悪漢、悪玉,32,C2,,,,,,,,,,villain (n),
7061,villainy,悪事、邪悪さ,32,C2,,,,,,,,,,villainy (n),
7062,vindicate,言い開く,32,C2,,,,,,,,,,vindicate (v),
7063,vindication,釈明、証、弁明,32,C2,,,,,,,,,,vindication (n),
7064,vindictive,執念深い,32,C2,,,,,,,,,,vindictive (adj),
7065,vindictiveness,執念深さ、復讐心,32,C2,,,,,,,,,,vindictiveness (n),
7066,vintage,ヴィンテージ,32,C2,,,,,,,,,,vintage (n),
7067,violate,触れる、辱める、侵す,16,C1,,,,,,,,,,violate v.,
7068,violation,違背、違反、手篭め,16,C1,,,,,,,,,,violation n.,
7069,violence,横暴、加害、激烈,8,B2,,,,,,,,,,violence n.,
7070,violent,荒い、荒っぽい、殺伐,4,B1,,,,,,,,,,violent adj.,
7071,viper,鎖蛇、バイパー,32,C2,,,,,,,,,,viper (n),
7072,virtual,仮想的、バーチャル、仮想,8,B2,,,,,,,,,,virtual adj.,
7073,virtue,一徳、効能、仁義,16,C1,,,,,,,,,,virtue n.,
7074,virtuosity,名人芸,32,C2,,,,,,,,,,virtuosity (n),
7075,virtuoso,凄腕、妙手、天才的,32,C2,,,,,,,,,,virtuoso (n),
7076,virulence,毒性、病原性,32,C2,,,,,,,,,,virulence (n),
7077,virulent,悪性、毒性,32,C2,,,,,,,,,,virulent (adj),
7078,virus,害毒、伝染毒、病毒,2,A2,,,,,,,,,,virus n.,
7079,visa,査証、旅券査証、ビザ,8,B2,,,,,,,,,,visa n.,
7080,visage,音容、顔、形,32,C2,,,,,,,,,,visage (n),
7081,visceral,生理的,32,C2,,,,,,,,,,visceral (adj),
7082,visible,ビジブル,8,B2,,,,,,,,,,visible adj.,
7083,vision,異象、空想、幻,8,B2,,,,,,,,,,vision n.,
7084,visionary,空想的、空想家、ビジョナリー,32,C2,,,,,,,,,,visionary (n),
7085,visit,お参り、遠征、往訪,1,A1,,,,,,,,,,"visit v., n.",
7086,visitor,お客さん、お客様、客,1,A1,,,,,,,,,,visitor n.,
7087,vista,遠景、遠望、見通し,32,C2,,,,,,,,,,vista (n),
7088,visual,視覚的、ビジュアル,8,B2,,,,,,,,,,visual adj.,
7089,vital,肝要、緊要、元気,8,B2,,,,,,,,,,vital adj.,
7090,vitality,活力、気力、生き,32,C2,,,,,,,,,,vitality (n),
7091,vitamin,ビタミン,8,B2,,,,,,,,,,vitamin n.,
7092,vitriolic,辛辣な、痛烈な,32,C2,,,,,,,,,,vitriolic (adj),
7093,vituperate,ののしる、罵倒する,32,C2,,,,,,,,,,vituperate (v),
7094,vivacious,瑞々しい,32,C2,,,,,,,,,,vivacious (adj),
7095,vivacity,快活さ、活気,32,C2,,,,,,,,,,vivacity (n),
7096,vocal,有声、ボーカル,16,C1,,,,,,,,,,vocal adj.,
7097,vocation,職業、天職、天生,32,C2,,,,,,,,,,vocation (n),
7098,vociferous,声高な、やかましい,32,C2,,,,,,,,,,vociferous (adj),
7099,vogue,流行、流行り、ボーグ,32,C2,,,,,,,,,,vogue (n),
7100,voice,音声、声、代弁者,2,A2,,,,,,,,,,voice n.,
7101,void,虚しい、空虚、空白,32,C2,,,,,,,,,,void (n / adj),
7102,volatile,険悪,32,C2,,,,,,,,,,volatile (adj),
7103,volatility,揮発性、揮発度、変動率,32,C2,,,,,,,,,,volatility (n),
7104,volition,意志、オンターデ,32,C2,,,,,,,,,,volition (n),
7105,volley,斉射、ボレー,32,C2,,,,,,,,,,volley (n),
7106,volume,音量、巻、冊,8,B2,,,,,,,,,,volume n.,
7107,voluntary,自主的、自発的、随意,8,B2,,,,,,,,,,voluntary adj.,
7108,volunteer,進み出る、買って出る、挺する,4,B1,,,,,,,,,,"volunteer n., v.",
7109,voracious,ガチガチ,32,C2,,,,,,,,,,voracious (adj),
7110,vortex,渦、渦巻き、渦中,32,C2,,,,,,,,,,vortex (n),
7111,vote,議決、決議、採決,4,B1,,,,,,,,,,"vote n., v.",
7112,voting,投票、表決、一票,8,B2,,,,,,,,,,voting n.,
7113,voucher,伝票、証票、補助券,32,C2,,,,,,,,,,voucher (n),
7114,vow,祈誓、起請、契る,16,C1,,,,,,,,,,vow v.,
7115,voyeur,出歯亀,32,C2,,,,,,,,,,voyeur (n),
7116,vulgarity,下卑、俗悪、俗臭,32,C2,,,,,,,,,,vulgarity (n),
7117,vulnerability,脆弱性、セキュリティホール、ヴァルネラビリティ,16,C1,,,,,,,,,,vulnerability n.,
7118,vulnerable,無防備、脇が甘い、受けやすい,16,C1,,,,,,,,,,vulnerable adj.,
7119,wage,給、ウェイジ,8,B2,,,,,,,,,,wage n.,
7120,wager,掛ける、賭ける、賭する,32,C2,,,,,,,,,,wager (v),
7121,wait,待ち構える、待つ、何々,1,A1,,,,,,,,,,wait v.,
7122,wait,待ち構える、待つ、何々,2,A2,,,,,,,,,,wait n.,
7123,waiter,給仕、配膳人、ウェイター,1,A1,,,,,,,,,,waiter n.,
7124,waiver,権利放棄、委棄、ウェーバー,32,C2,,,,,,,,,,waiver (n),
7125,wake,覚める、起こす、航跡,1,A1,,,,,,,,,,wake v.,
7126,walk,散歩、歩く、歩む,1,A1,,,,,,,,,,"walk v., n.",
7127,walkout,罷業,32,C2,,,,,,,,,,walkout (n),
7128,wall,囲い、垣、山,1,A1,,,,,,,,,,wall n.,
7129,wander,漂う、流れる、流離う,8,B2,,,,,,,,,,wander v.,
7130,wane,移ろう、下火になる、欠ける,32,C2,,,,,,,,,,wane (v),
7131,want,求める、欠乏、不自由,1,A1,,,,,,,,,,want v.,
7132,wanton,破茶滅茶、目茶苦茶、尻軽,32,C2,,,,,,,,,,wanton (adj),
7133,wantonness,浮気、男狂い、多淫,32,C2,,,,,,,,,,wantonness (n),
7134,war,軍旅、交戦、甲兵,2,A2,,,,,,,,,,war n.,
7135,ward,一区、監房、区,16,C1,,,,,,,,,,ward n.,
7136,warden,監督者、管理者、刑務所長,32,C2,,,,,,,,,,warden (n),
7137,warehouse,倉庫、蔵、保管所,16,C1,,,,,,,,,,warehouse n.,
7138,warfare,兵戈、兵,16,C1,,,,,,,,,,warfare n.,
7139,warlord,軍閥の指導者,32,C2,,,,,,,,,,warlord (n),
7140,warm,温暖、厚い、細やか,1,A1,,,,,,,,,,warm adj.,
7141,warm,炙る、温める、血の通った,4,B1,,,,,,,,,,warm v.,
7142,warming,暖、温暖化、温暖,8,B2,,,,,,,,,,warming n.,
7143,warn,言い聞かす、言い聞かせる、申し聞かせる,4,B1,,,,,,,,,,warn v.,
7144,warning,ご注意、戒告、訓戒,4,B1,,,,,,,,,,warning n.,
7145,warrant,正当化、令状、令書,16,C1,,,,,,,,,,"warrant n., v.",
7146,warranty,保証、保証書、担保責任,32,C2,,,,,,,,,,warranty (n),
7147,warrior,侍、戦士、武家,16,C1,,,,,,,,,,warrior n.,
7148,wash,ウオッシュ、洗う、研ぐ,2,A2,,,,,,,,,,wash n.,
7149,wash,洗う、研ぐ、ウオッシュ,1,A1,,,,,,,,,,wash v.,
7150,washing,斎戒沐浴、洗浄、洗濯,2,A2,,,,,,,,,,washing n.,
7151,waste,不経済、無駄、勿体ない,4,B1,,,,,,,,,,"waste n., v., adj.",
7152,wasteland,不毛の地、荒野、荒蕪地,32,C2,,,,,,,,,,wasteland (n),
7153,watch,見る、待ち構える、眺める,1,A1,,,,,,,,,,"watch v., n.",
7154,watchdog,番犬、お目付け役、お目付け,32,C2,,,,,,,,,,watchdog (n),
7155,watchword,合言葉,32,C2,,,,,,,,,,watchword (n),
7156,water,水、水分、お水,1,A1,,,,,,,,,,water n.,
7157,water,注ぐ、水をやる、水,4,B1,,,,,,,,,,water v.,
7158,watershed,境、曲がり角、天王山,32,C2,,,,,,,,,,watershed (n),
7159,wave,周波、振り、波,2,A2,,,,,,,,,,wave n.,
7160,wave,振り回す、振り立てる、振る,4,B1,,,,,,,,,,wave v.,
7161,waver,蹌踉めく、瞬く、色めく,32,C2,,,,,,,,,,waver (v),
7162,way,方法、道,1,A1,,,,,,,,,,way n.,
7163,way,方法、道,8,B2,,,,,,,,,,way adv.,
7164,wayward,気まぐれな、手に負えない,32,C2,,,,,,,,,,wayward (adj),
7165,waywardness,気まぐれ、わがまま,32,C2,,,,,,,,,,waywardness (n),
7166,we,私たちは,1,A1,,,,,,,,,,we pron.,
7167,weak,か弱い、だらし無い、ひ弱い,2,A2,,,,,,,,,,weak adj.,
7168,weaken,削ぐ、弱まる、弱める,16,C1,,,,,,,,,,weaken v.,
7169,weakness,虚弱、欠点、弱,8,B2,,,,,,,,,,weakness n.,
7170,wealth,貨財、財力、資力,8,B2,,,,,,,,,,wealth n.,
7171,wealthy,豊か、裕福、富有,8,B2,,,,,,,,,,wealthy adj.,
7172,weapon,弓矢、自動小銃、武器,4,B1,,,,,,,,,,weapon n.,
7173,weaponry,兵器、武器類,32,C2,,,,,,,,,,weaponry (n),
7174,wear,為る、下げる、掛ける,1,A1,,,,,,,,,,wear v.,
7175,weariness,倦厭、倦怠、疲労,32,C2,,,,,,,,,,weariness (n),
7176,weather,お天気、雲行き、気象,1,A1,,,,,,,,,,weather n.,
7177,weave,織る、組織、まとめ上げる,16,C1,,,,,,,,,,weave v.,
7178,web,巣、網、水かき,2,A2,,,,,,,,,,web n.,
7179,website,ホームページ、ウェブサイト,1,A1,,,,,,,,,,website n.,
7180,wedding,嫁入り、結婚式、婚礼,2,A2,,,,,,,,,,wedding n.,
7181,wedlock,婚姻、結婚生活,32,C2,,,,,,,,,,wedlock (n),
7182,Wednesday,水曜、水曜日、水,1,A1,,,,,,,,,,Wednesday n.,
7183,weed,雑草、草、ウィード,16,C1,,,,,,,,,,weed n.,
7184,week,週、週間、ウィーク,1,A1,,,,,,,,,,week n.,
7185,weekend,週末、土日、ウィークエンド,1,A1,,,,,,,,,,weekend n.,
7186,weekly,週次、極め、週,8,B2,,,,,,,,,,weekly adj.,
7187,weigh,計る,4,B1,,,,,,,,,,weigh v.,
7188,weight,押し、荷重、斤量,2,A2,,,,,,,,,,weight n.,
7189,weird,可笑しい、怪奇、奇怪,8,B2,,,,,,,,,,weird adj.,
7190,welcome,歓迎、迎え、奉迎,2,A2,,,,,,,,,,welcome n.,
7191,welcome,有難い、耳より、喜ばしい,1,A1,,,,,,,,,,"welcome exclam., v., adj.",
7192,welfare,安危、安否、為,8,B2,,,,,,,,,,welfare n.,
7193,well,井泉、元気、達者,16,C1,,,,,,,,,,well n.,
7194,well,元気、達者、恙無い,1,A1,,,,,,,,,,"well adv., adj., exclam.",
7195,well-being,安否、機嫌、起居,16,C1,,,,,,,,,,well-being n.,
7196,west,欧米諸国、西、西欧,1,A1,,,,,,,,,,"west n., adj., adv.",
7197,western,西部劇、洋、ウエスタン,4,B1,,,,,,,,,,western adj.,
7198,wet,湿っぽい、びしょびしょ、じとじと,2,A2,,,,,,,,,,wet adj.,
7199,wharf,岸壁、桟橋、波止場,32,C2,,,,,,,,,,wharf (n),
7200,what,何,1,A1,,,,,,,,,,what pron./det.,
7201,whatever,次第、全体、如何なる,4,B1,,,,,,,,,,whatever det./pron.,
7202,whatsoever,一切、何ら、更々,16,C1,,,,,,,,,,whatsoever adv.,
7203,wheat,小麦、麦、パン小麦,8,B2,,,,,,,,,,wheat n.,
7204,wheedling,丸め込む、騙す、言いくるめる,32,C2,,,,,,,,,,wheedling (adj),
7205,wheel,車、車輪、輪,2,A2,,,,,,,,,,wheel n.,
7206,when,いつ、〜するとき,1,A1,,,,,,,,,,"when adv., pron., conj.",
7207,whenever,度に、都度、何時でも,4,B1,,,,,,,,,,whenever conj.,
7208,where,どこ,1,A1,,,,,,,,,,"where adv., conj.",
7209,whereas,一方、然るに、に引き換え,8,B2,,,,,,,,,,whereas conj.,
7210,whereby,それによって〜する,16,C1,,,,,,,,,,whereby adv.,
7211,whereby,それによって〜する,32,C2,,,,,,,,,,whereby (adv),
7212,wherever,何処も、儘に、どこであれ,8,B2,,,,,,,,,,wherever conj.,
7213,wherewithal,先立つ物,32,C2,,,,,,,,,,wherewithal (n),
7214,whether,が、であれ、につけ,4,B1,,,,,,,,,,whether conj.,
7215,which,どちら、〜するところの,1,A1,,,,,,,,,,which pron./det.,
7216,while,ひと時、期内、然るに,2,A2,,,,,,,,,,while conj.,
7217,while,ひと時、期内、側,4,B1,,,,,,,,,,while n.,
7218,whim,気まぐれ、粋狂,32,C2,,,,,,,,,,whim (n),
7219,whimsical,移り気、斑気、幻想的,32,C2,,,,,,,,,,whimsical (adj),
7220,whimsy,物好き、気まぐれ、放漫,32,C2,,,,,,,,,,whimsy (n),
7221,whip,鞭打つ、割り解す、泡立てる,16,C1,,,,,,,,,,whip v.,
7222,whirlpool,渦、渦巻き、渦中,32,C2,,,,,,,,,,whirlpool (n),
7223,whirlwind,旋風、舞風,32,C2,,,,,,,,,,whirlwind (n),
7224,whisper,囁く、私語、ささめく,8,B2,,,,,,,,,,"whisper v., n.",
7225,whistleblower,通報者、内部告発者,32,C2,,,,,,,,,,whistleblower (n),
7226,white,白い、ホワイト、白,1,A1,,,,,,,,,,"white adj., n.",
7227,whitewash,零敗,32,C2,,,,,,,,,,whitewash (n),
7228,who,誰,1,A1,,,,,,,,,,who pron.,
7229,whoever,誰でも、何人、誰にだって,8,B2,,,,,,,,,,whoever pron.,
7230,whole,一切、丸、全身,4,B1,,,,,,,,,,whole n.,
7231,whole,渾然、半端ない、全い,2,A2,,,,,,,,,,whole adj.,
7232,wholly,丸ごと、専ら、真っ当,16,C1,,,,,,,,,,wholly adv.,
7233,whom,誰を、誰に,8,B2,,,,,,,,,,whom pron.,
7234,whose,誰の,2,A2,,,,,,,,,,whose det./pron.,
7235,why,なぜ,1,A1,,,,,,,,,,why adv.,
7236,wickedness,悪、横様、凶,32,C2,,,,,,,,,,wickedness (n),
7237,wide,広い、広漠、広範,2,A2,,,,,,,,,,wide adj.,
7238,widely,一般に、普く、手広く,8,B2,,,,,,,,,,widely adv.,
7239,widen,延べる、開く、広める,16,C1,,,,,,,,,,widen v.,
7240,widespread,広範、盛ん、汎発,8,B2,,,,,,,,,,widespread adj.,
7241,widow,後家、後室、未亡人,16,C1,,,,,,,,,,widow n.,
7242,width,横、横幅、間口,16,C1,,,,,,,,,,width n.,
7243,wield,運ぶ、振り回す、振りかざす,32,C2,,,,,,,,,,wield (v),
7244,wife,お母さん、上さん、奥さん,1,A1,,,,,,,,,,wife n.,
7245,wild,淫乱、荒い、荒っぽい,2,A2,,,,,,,,,,wild adj.,
7246,wilderness,原、原野、荒野,32,C2,,,,,,,,,,wilderness (n),
7247,wildfire,山火事、燎原の火,32,C2,,,,,,,,,,wildfire (n),
7248,wildlife,鳥獣、野生生物,8,B2,,,,,,,,,,wildlife n.,
7249,will,〜だろう、意志,1,A1,,,,,,,,,,will modal v.,
7250,will,〜だろう、意志,4,B1,,,,,,,,,,will n.,
7251,willfulness,わがまま、故意,32,C2,,,,,,,,,,willfulness (n),
7252,willing,気さく、吝かでない、吝かではない,8,B2,,,,,,,,,,willing adj.,
7253,willingness,やる気,16,C1,,,,,,,,,,willingness n.,
7254,win,勝利、勝ち、勝ち星,4,B1,,,,,,,,,,win n.,
7255,win,物にする、射止める、取る,1,A1,,,,,,,,,,win v.,
7256,wind1,屁、瓦斯、風,2,A2,,,,,,,,,,wind1 n.,
7257,wind2,巻く、曲がる、繰る,8,B2,,,,,,,,,,wind2 v.,
7258,windfall,拾い物、僥倖、授かり物,32,C2,,,,,,,,,,windfall (n),
7259,window,窓、窓口、窓際,1,A1,,,,,,,,,,window n.,
7260,wine,ぶどう酒、電気ブラン、ワイン,1,A1,,,,,,,,,,wine n.,
7261,wing,羽、袖、派,4,B1,,,,,,,,,,wing n.,
7262,winner,吟味、勝者、勝利者,2,A2,,,,,,,,,,winner n.,
7263,winter,冬、冬季、冬期,1,A1,,,,,,,,,,winter n.,
7264,wipe,拭う、拭く、ワイプ,16,C1,,,,,,,,,,wipe v.,
7265,wire,針金、線、巻き替え,8,B2,,,,,,,,,,wire n.,
7266,wisdom,悟性、才気、卓見,8,B2,,,,,,,,,,wisdom n.,
7267,wise,賢い、賢明、上手い,8,B2,,,,,,,,,,wise adj.,
7268,wish,意思、願い、願意,2,A2,,,,,,,,,,"wish v, n.",
7269,wisp,一条,32,C2,,,,,,,,,,wisp (n),
7270,wistful,物欲しそう、物思わしい,32,C2,,,,,,,,,,wistful (adj),
7271,wistfulness,物思わしさ、切なさ,32,C2,,,,,,,,,,wistfulness (n),
7272,wit,知恵、しゃれっ気、機知,16,C1,,,,,,,,,,wit n.,
7273,witchcraft,魔法、妖術、幻術,32,C2,,,,,,,,,,witchcraft (n),
7274,with,〜と一緒に、〜を持って,1,A1,,,,,,,,,,with prep.,
7275,withdraw,引き下がる、引き去る、引き取る,8,B2,,,,,,,,,,withdraw v.,
7276,withdrawal,回収、棄権、辞退,16,C1,,,,,,,,,,withdrawal n.,
7277,within,以内、中、内,4,B1,,,,,,,,,,within prep.,
7278,without,事無く、無しで、無しに,1,A1,,,,,,,,,,without prep.,
7279,withstand,耐える、持ち堪える、耐え得る,32,C2,,,,,,,,,,withstand (v),
7280,witness,目にする、見舞われる、参考人,8,B2,,,,,,,,,,"witness n., v.",
7281,witticism,警句、洒落、戯け,32,C2,,,,,,,,,,witticism (n),
7282,wizardry,仙、仙術、幻術,32,C2,,,,,,,,,,wizardry (n),
7283,wizened,爺むさい,32,C2,,,,,,,,,,wizened (adj),
7284,woe,悲哀、苦悩,32,C2,,,,,,,,,,woe (n),
7285,wolf,狼、狼座、豺狼,8,B2,,,,,,,,,,wolf n.,
7286,woman,女、女の人、女子,1,A1,,,,,,,,,,woman n.,
7287,wonder,感嘆、気になる、驚嘆,4,B1,,,,,,,,,,"wonder v., n.",
7288,wonderful,奇怪、結構、最高,1,A1,,,,,,,,,,wonderful adj.,
7289,wood,身、木、木材,2,A2,,,,,,,,,,wood n.,
7290,wooden,硬い、木製、木造,2,A2,,,,,,,,,,wooden adj.,
7291,wool,毛、羊毛、ウール,4,B1,,,,,,,,,,wool n.,
7292,word,一議、音沙汰、言葉,1,A1,,,,,,,,,,word n.,
7293,wordiness,冗語,32,C2,,,,,,,,,,wordiness (n),
7294,work,扱う、一気呵成、稼げる,1,A1,,,,,,,,,,"work v., n.",
7295,worker,勤務員、勤労者、手,1,A1,,,,,,,,,,worker n.,
7296,workforce,雇用可能人口,8,B2,,,,,,,,,,workforce n.,
7297,working,扱う、一気呵成、営み,2,A2,,,,,,,,,,working adj.,
7298,workmanship,巧拙、細工、作り方,32,C2,,,,,,,,,,workmanship (n),
7299,workout,練習、練習試合、ワークアウト,16,C1,,,,,,,,,,workout n.,
7300,workplace,会社、職場、勤務場所,8,B2,,,,,,,,,,workplace n.,
7301,workshop,工房、作業場、作場,8,B2,,,,,,,,,,workshop n.,
7302,world,一天四海、下界、江湖,1,A1,,,,,,,,,,world n.,
7303,worldwide,世界的、ワールドワイド、万国共通,4,B1,,,,,,,,,,"worldwide adj., adv.",
7304,worm,虫、蛆虫、虫螻,8,B2,,,,,,,,,,worm n.,
7305,worried,気がかり、気苦労、心配,2,A2,,,,,,,,,,worried adj.,
7306,worry,気がかり、気苦労、気遣い,4,B1,,,,,,,,,,worry n.,
7307,worry,気にする、気づかれ、苦にする,2,A2,,,,,,,,,,worry v.,
7308,worse,より悪い、さらに悪く,2,A2,,,,,,,,,,worse adj.,
7309,worse,より悪い、さらに悪く,4,B1,,,,,,,,,,worse adv.,
7310,worse,より悪い、さらに悪く,8,B2,,,,,,,,,,worse n.,
7311,worship,お参り、敬う、祭る,16,C1,,,,,,,,,,"worship n., v.",
7312,worst,最悪、最低、最下,2,A2,,,,,,,,,,worst adj.,
7313,worst,最悪、最低、峠,4,B1,,,,,,,,,,worst adv.,
7314,worst,最悪、最低、峠,8,B2,,,,,,,,,,worst n.,
7315,worth,価値、甲斐、取り柄,4,B1,,,,,,,,,,worth adj.,
7316,worth,価値、甲斐、取り柄,8,B2,,,,,,,,,,worth n.,
7317,worthwhile,有意義、価値ある、だけの事はある,16,C1,,,,,,,,,,worthwhile adj.,
7318,worthy,碌、相応しい、立派,16,C1,,,,,,,,,,worthy adj.,
7319,would,〜だろう、〜したものだった,1,A1,,,,,,,,,,would modal v.,
7320,wound,危める、傷害、傷つける,8,B2,,,,,,,,,,"wound n., v.",
7321,wow,何と、卍、扨も,2,A2,,,,,,,,,,wow exclam.,
7322,wrap,覆う、折り返し、外套,8,B2,,,,,,,,,,wrap v.,
7323,wrath,怒り、怒気、祟り,32,C2,,,,,,,,,,wrath (n),
7324,wreckage,瓦礫、残骸,32,C2,,,,,,,,,,wreckage (n),
7325,wretched,気の毒、惨め、惨憺,32,C2,,,,,,,,,,wretched (adj),
7326,wrist,手首、腕首、ちょっかい,8,B2,,,,,,,,,,wrist n.,
7327,write,詠む、書き下ろす、書き込む,1,A1,,,,,,,,,,write v.,
7328,writer,作家、作者、創作者,1,A1,,,,,,,,,,writer n.,
7329,writing,一瀉千里、翰墨、作成,1,A1,,,,,,,,,,writing n.,
7330,written,書かれた、writeの過去分詞,4,B1,,,,,,,,,,written adj.,
7331,wrong,筋違い、逆しま、不可,1,A1,,,,,,,,,,wrong adj.,
7332,wrong,筋違い、逆しま、不可,8,B2,,,,,,,,,,wrong n.,
7333,wrong,行けない、筋違い、逆しま,4,B1,,,,,,,,,,wrong adv.,
7334,wrongdoer,悪人、罪人、悪名,32,C2,,,,,,,,,,wrongdoer (n),
7335,wry,皮肉な、ゆがんだ,32,C2,,,,,,,,,,wry (adj),
7336,xenophobe,外国人嫌いの人,32,C2,,,,,,,,,,xenophobe (n),
7337,xenophobia,外国人排斥、外国人嫌悪、外国人恐怖症,32,C2,,,,,,,,,,xenophobia (n),
7338,yard,碼、桁、庭,1,A1,,,,,,,,,,yard n.,
7339,yardstick,目安、ヤードスティック,32,C2,,,,,,,,,,yardstick (n),
7340,yarn,糸、与太話、ヤーン,32,C2,,,,,,,,,,yarn (n),
7341,yeah,卍、嘘つけ、然,1,A1,,,,,,,,,,yeah exclam.,
7342,year,年、年間、年次,1,A1,,,,,,,,,,year n.,
7343,yearning,思慕、切望、憧れ,32,C2,,,,,,,,,,yearning (n),
7344,yell,叫ぶ、唱える、怒鳴る,16,C1,,,,,,,,,,yell v.,
7345,yellow,黄、黄色い、黄色,1,A1,,,,,,,,,,"yellow adj., n.",
7346,yes,然う然う、嗚呼、諾諾,1,A1,,,,,,,,,,yes exclam.,
7347,yesterday,昨日、昨、イエスタデー,1,A1,,,,,,,,,,"yesterday adv., n.",
7348,yet,今もって、尚、未だ,2,A2,,,,,,,,,,yet adv.,
7349,yet,今もって、尚、未だ,8,B2,,,,,,,,,,yet conj.,
7350,yield,凹む、我を折る、許す,16,C1,,,,,,,,,,"yield n., v.",
7351,yoke,束縛、梶棒、操縦桿,32,C2,,,,,,,,,,yoke (n),
7352,yokel,お上りさん、芋、田舎っぺ,32,C2,,,,,,,,,,yokel (n),
7353,you,あなたは、あなたを,1,A1,,,,,,,,,,you pron.,
7354,young,子、年若、年少,4,B1,,,,,,,,,,young n.,
7355,young,若い、小さい、浅い,1,A1,,,,,,,,,,young adj.,
7356,youngster,若造、小僧、弱年者,32,C2,,,,,,,,,,youngster (n),
7357,your,あなたの,1,A1,,,,,,,,,,your det.,
7358,yours,あなたのもの,2,A2,,,,,,,,,,yours pron.,
7359,yourself,自分、御身、御自身,1,A1,,,,,,,,,,yourself pron.,
7360,youth,若さ、若者、弱冠,4,B1,,,,,,,,,,youth n.,
7361,zeal,情熱、熱、熱意,32,C2,,,,,,,,,,zeal (n),
7362,zealot,狂信者、凝り屋,32,C2,,,,,,,,,,zealot (n),
7363,zealotry,狂信,32,C2,,,,,,,,,,zealotry (n),
7364,zealous,熱い、熱心、白熱的,32,C2,,,,,,,,,,zealous (adj),
7365,zeitgeist,時代精神、ツァイトガイスト,32,C2,,,,,,,,,,zeitgeist (n),
7366,zenith,最高潮、絶頂、中天,32,C2,,,,,,,,,,zenith (n),
7367,zero,零、零点、零度,2,A2,,,,,,,,,,zero number,
7368,zest,興味,32,C2,,,,,,,,,,zest (n),
7369,zigzag,九十九折、折れ線、綾杉状,32,C2,,,,,,,,,,zigzag (n),
7370,zodiac,黄道帯、獣帯、宿星,32,C2,,,,,,,,,,zodiac (n),
7371,zone,一帯、区、区域,8,B2,,,,,,,,,,zone n.,
7372,zoology,動物学、ズーオロジー,32,C2,,,,,,,,,,zoology (n),
